{
  "full": {
    "success": 0.3975,
    "goal_reached": 0.9675,
    "collision_free": 0.7424999999999999,
    "form_ok": 0.49250000000000005,
    "rr_collision": 0.004928385416666667,
    "ro_collision": 0.0007513020833333334,
    "form_rms": 0.61457993645221,
    "stall_rate": 0.0047083333333333335,
    "deadlock": 0.022500000000000003,
    "topology_switches": 1.1675,
    "formation_recovery_time": 186.91546421203464,
    "irreversible_collapse": 0.0425,
    "recoverability_false_positive": 0.01892681809621155,
    "recoverability_false_negative": 0.0011386138598774539,
    "ms_per_step": 1.6000000000000003,
    "max_n": 16
  },
  "no_counterfactual": {
    "success": 0.2925,
    "goal_reached": 0.9875,
    "collision_free": 0.735,
    "form_ok": 0.37,
    "rr_collision": 0.004045138888888888,
    "ro_collision": 0.00168359375,
    "form_rms": 0.7350962746329606,
    "stall_rate": 0.002541666666666667,
    "deadlock": 0.01,
    "topology_switches": 1.9,
    "formation_recovery_time": 213.3275472424876,
    "irreversible_collapse": 0.18250000000000002,
    "recoverability_false_positive": 0.11585458287725056,
    "recoverability_false_negative": 0.0011741107623739855,
    "ms_per_step": 1.6000000000000003,
    "max_n": 16
  },
  "no_progress_shield": {
    "success": 0.35,
    "goal_reached": 0.98,
    "collision_free": 0.65,
    "form_ok": 0.54,
    "rr_collision": 0.007766927083333334,
    "ro_collision": 0.0008111979166666667,
    "form_rms": 0.6665063118189574,
    "stall_rate": 0.0040416666666666665,
    "deadlock": 0.02,
    "topology_switches": 1.3900000000000001,
    "formation_recovery_time": 167.4995413812012,
    "irreversible_collapse": 0.10750000000000001,
    "recoverability_false_positive": 0.04514255375922616,
    "recoverability_false_negative": 0.0005825788838010243,
    "ms_per_step": 1.6000000000000003,
    "max_n": 16
  },
  "no_topology": {
    "success": 0.3375,
    "goal_reached": 0.9550000000000001,
    "collision_free": 0.67,
    "form_ok": 0.42,
    "rr_collision": 0.006197916666666667,
    "ro_collision": 0.0013893229166666667,
    "form_rms": 0.6676077977009118,
    "stall_rate": 0.008666666666666666,
    "deadlock": 0.045000000000000005,
    "topology_switches": 1.35,
    "formation_recovery_time": 201.48116621412402,
    "irreversible_collapse": 0.0775,
    "recoverability_false_positive": 0.026487987706345743,
    "recoverability_false_negative": 0.0006961430385508316,
    "ms_per_step": 1.6000000000000003,
    "max_n": 16
  }
}