evaluation_schema_version,git_commit,method,model_seed,final_test_seed,episode_seed,episode_index,episode_signature,scenario,team_size,goal_reached,collision_free,collision_free_terminal,success,success_terminal,robot_robot_collision_steps,robot_obstacle_collision_steps,min_rr_clearance,min_ro_clearance,deadlock,deadlock_terminal,irreversible_collapse,irreversible_collapse_terminal,form_rms_mean,form_rms_max,form_ok_terminal,time_in_formation_tube,stall_rate,completion_time,topology_switches,safety_filter_activations,safety_filter_activation_rate,inference_latency_mean_ms,inference_latency_median_ms,inference_latency_p95_ms,inference_latency_p99_ms,timed_control_steps,steps,completion_censored
2,fafafc5008dd932c27fec409716eb7547c4f3fee,fixed_formation_expert,-1,0,30000400,0,3df8369b1349118143732ee6e6a2d580,open_field,4,1.0,1.0,1.0,1.0,1.0,0.0,0.0,0.6799590587615967,2.0491206645965576,0.0,0.0,0.0,0.0,0.25300260328846735,0.8752913475036621,1.0,0.8658536585365854,0.0,12.299999999999999,0.0,0.0,0.0,0.11398831707297474,0.11183300000006113,0.13016040000142226,0.15503824999989033,82.0,82.0,0.0
2,fafafc5008dd932c27fec409716eb7547c4f3fee,fixed_formation_expert,-1,0,30000401,1,2ffb30b22eb6aada08065fc28c6a42b1,open_field,4,1.0,1.0,1.0,1.0,1.0,0.0,0.0,0.6052660942077637,0.7458109259605408,0.0,0.0,0.0,0.0,0.2753525794054685,0.9311373829841614,1.0,0.8651685393258427,0.0,13.35,0.0,0.0,0.0,0.11249813483124874,0.11191699999812954,0.12485820000165403,0.13910499999852285,89.0,89.0,0.0
2,fafafc5008dd932c27fec409716eb7547c4f3fee,fixed_formation_expert,-1,0,30000402,2,281e8a4decc8c75013669b559d3e296e,open_field,4,1.0,1.0,1.0,1.0,1.0,0.0,0.0,0.684075653553009,0.5600000619888306,0.0,0.0,0.0,0.0,0.32954862705971066,0.8567287921905518,1.0,0.8947368421052632,0.0,14.25,0.0,0.0,0.0,0.11374125263162084,0.11387500000026307,0.12794209999889006,0.13272106000030706,95.0,95.0,0.0
2,fafafc5008dd932c27fec409716eb7547c4f3fee,fixed_formation_expert,-1,0,30000403,3,7efce30e66fab1e523cfdbb048727dac,open_field,4,1.0,1.0,1.0,1.0,1.0,0.0,0.0,0.40196746587753296,0.5510707497596741,0.0,0.0,0.0,0.0,0.3999199244437866,0.8758515119552612,1.0,0.6796116504854369,0.0,15.45,0.0,0.0,0.0,0.11192478640747207,0.11133299999954716,0.12344560000059346,0.13411781999884909,103.0,103.0,0.0
2,fafafc5008dd932c27fec409716eb7547c4f3fee,fixed_formation_expert,-1,0,30000404,4,ed116c4c60d6c2365dc4ae014192dd16,open_field,4,1.0,1.0,1.0,1.0,1.0,0.0,0.0,0.6616438031196594,1.4843477010726929,0.0,0.0,0.0,0.0,0.24986133072525263,0.8614853620529175,1.0,0.8658536585365854,0.0,12.299999999999999,0.0,0.0,0.0,0.11247206097577624,0.1140829999997095,0.12812709999945326,0.1319185400009104,82.0,82.0,0.0
2,fafafc5008dd932c27fec409716eb7547c4f3fee,fixed_formation_expert,-1,0,30000405,5,17b8deb48d08e0d321c583e61aa49969,open_field,4,1.0,1.0,1.0,1.0,1.0,0.0,0.0,0.634475827217102,1.0129520893096924,0.0,0.0,0.0,0.0,0.26430822397733844,0.922205924987793,1.0,0.872093023255814,0.0,12.9,0.0,0.0,0.0,0.11309106976732813,0.11083299999903318,0.1279165000012128,0.1424937500013713,86.0,86.0,0.0
2,fafafc5008dd932c27fec409716eb7547c4f3fee,fixed_formation_expert,-1,0,30000406,6,60e1dd33138a9e28a44f6ddeb95649ad,open_field,4,1.0,1.0,1.0,1.0,1.0,0.0,0.0,0.5351088047027588,0.551102876663208,0.0,0.0,0.0,0.0,0.33561586465809373,0.9243658781051636,1.0,0.8791208791208791,0.0,13.65,0.0,0.0,0.0,0.11340105494502731,0.11358300000097188,0.13070799999859162,0.14307859999931336,91.0,91.0,0.0
2,fafafc5008dd932c27fec409716eb7547c4f3fee,fixed_formation_expert,-1,0,30000407,7,266c5f48ab2fe4267faf99218ed0a78a,open_field,4,1.0,1.0,1.0,1.0,1.0,0.0,0.0,0.5029630661010742,0.5512386560440063,0.0,0.0,0.0,0.0,0.470333949866749,0.8749064207077026,1.0,0.6190476190476191,0.0,15.75,0.0,0.0,0.0,0.1119301428572734,0.11179200000199785,0.12453280000030986,0.13230935999928303,105.0,105.0,0.0
2,fafafc5008dd932c27fec409716eb7547c4f3fee,fixed_formation_expert,-1,0,30000408,8,ff35cc941eceb53f04f967a717a5dc3f,open_field,4,1.0,1.0,1.0,1.0,1.0,0.0,0.0,0.46287521719932556,0.550024688243866,0.0,0.0,0.0,0.0,0.38181090311517996,0.9357678890228271,1.0,0.8932038834951457,0.0,15.45,0.0,0.0,0.0,0.11166420388343871,0.11095900000057668,0.1250830000000036,0.13268749999880924,103.0,103.0,0.0
2,fafafc5008dd932c27fec409716eb7547c4f3fee,fixed_formation_expert,-1,0,30000409,9,a015dfb474e9aca281f4849d5c5c1054,open_field,4,1.0,1.0,1.0,1.0,1.0,0.0,0.0,0.6295079588890076,0.6111857295036316,0.0,0.0,0.0,0.0,0.2978571706705473,0.8971409201622009,1.0,0.875,0.0,13.2,0.0,0.0,0.0,0.11206718181811968,0.1111045000001809,0.1289233499988995,0.13673753999857038,88.0,88.0,0.0
2,fafafc5008dd932c27fec409716eb7547c4f3fee,fixed_formation_expert,-1,0,30000410,10,a099161f9dd311fa4096e19eab5ebe91,open_field,4,1.0,1.0,1.0,1.0,1.0,0.0,0.0,0.653593897819519,0.830324649810791,0.0,0.0,0.0,0.0,0.27591078245843,0.9056954979896545,1.0,0.875,0.0,13.2,0.0,0.0,0.0,0.11420264772731382,0.11425050000113401,0.12987095000127624,0.137839670002009,88.0,88.0,0.0
2,fafafc5008dd932c27fec409716eb7547c4f3fee,fixed_formation_expert,-1,0,30000411,11,4e040629bb644321b78208dadbd79ce5,open_field,4,1.0,1.0,1.0,1.0,1.0,0.0,0.0,0.6712496876716614,1.7659897804260254,0.0,0.0,0.0,0.0,0.25965222007617716,0.9383155703544617,1.0,0.8658536585365854,0.0,12.299999999999999,0.0,0.0,0.0,0.1119451951218504,0.11037499999844158,0.13284795000192418,0.15293228999958322,82.0,82.0,0.0
2,fafafc5008dd932c27fec409716eb7547c4f3fee,fixed_formation_expert,-1,0,30000412,12,6801432fcfd74e954fdf32b0a5aef517,open_field,4,1.0,1.0,1.0,1.0,1.0,0.0,0.0,0.6855789422988892,1.4484702348709106,0.0,0.0,0.0,0.0,0.24025034235723047,0.9594852924346924,1.0,0.8674698795180723,0.0,12.45,0.0,0.0,0.0,0.11041725301210244,0.1105000000016787,0.12490000000049405,0.1287462399994865,83.0,83.0,0.0
2,fafafc5008dd932c27fec409716eb7547c4f3fee,fixed_formation_expert,-1,0,30000413,13,8289d8ae91cf9e5bb01568067b5196f8,open_field,4,1.0,1.0,1.0,1.0,1.0,0.0,0.0,0.640794575214386,1.5444585084915161,0.0,0.0,0.0,0.0,0.25431216067475515,0.8829278349876404,1.0,0.8658536585365854,0.0,12.299999999999999,0.0,0.0,0.0,0.11077389024376386,0.10989549999962378,0.12253989999972958,0.14329652000039764,82.0,82.0,0.0
2,fafafc5008dd932c27fec409716eb7547c4f3fee,fixed_formation_expert,-1,0,30000414,14,9b47bcb199997ad100078ae6b943dd69,open_field,4,1.0,1.0,1.0,1.0,1.0,0.0,0.0,0.6822744607925415,0.8833263516426086,0.0,0.0,0.0,0.0,0.2565535963458173,0.8586506247520447,1.0,0.8823529411764706,0.0,12.75,0.0,0.0,0.0,0.11016427058821672,0.1092919999976516,0.12477499999974383,0.1428231599983575,85.0,85.0,0.0
2,fafafc5008dd932c27fec409716eb7547c4f3fee,fixed_formation_expert,-1,0,30000415,15,8d7d9e90022c95a6e102d9502dbd4463,open_field,4,1.0,1.0,1.0,1.0,1.0,0.0,0.0,0.6629797220230103,1.051544427871704,0.0,0.0,0.0,0.0,0.2599656615666179,0.9429609775543213,1.0,0.872093023255814,0.0,12.9,0.0,0.0,0.0,0.11163956976748572,0.10935450000104652,0.12475024999947237,0.15065975000094806,86.0,86.0,0.0
2,fafafc5008dd932c27fec409716eb7547c4f3fee,fixed_formation_expert,-1,0,30000416,16,28662af30e0397dea0bb832a7d65d6b7,open_field,4,1.0,1.0,1.0,1.0,1.0,0.0,0.0,0.6704027056694031,1.6105785369873047,0.0,0.0,0.0,0.0,0.24413861684137728,0.8811277151107788,1.0,0.8658536585365854,0.0,12.299999999999999,0.0,0.0,0.0,0.11078958536580058,0.11062499999958675,0.12325449999792681,0.134992789999373,82.0,82.0,0.0
2,fafafc5008dd932c27fec409716eb7547c4f3fee,fixed_formation_expert,-1,0,30000417,17,46d6f3d08b9a69dc252b9eef8ac4d19b,open_field,4,1.0,1.0,1.0,1.0,1.0,0.0,0.0,0.6741585731506348,0.7155877351760864,0.0,0.0,0.0,0.0,0.2712760899042667,0.8620543479919434,1.0,0.8837209302325582,0.0,12.9,0.0,0.0,0.0,0.1125140813953739,0.11131249999962733,0.12809425000170904,0.1499392500006636,86.0,86.0,0.0
2,fafafc5008dd932c27fec409716eb7547c4f3fee,fixed_formation_expert,-1,0,30000418,18,72175b304300fa10213f93b8eabcba9d,open_field,4,1.0,1.0,1.0,1.0,1.0,0.0,0.0,0.5369049310684204,0.5514706969261169,0.0,0.0,0.0,0.0,0.38951976125945853,0.8829056620597839,1.0,0.8877551020408163,0.0,14.7,0.0,0.0,0.0,0.11095072448972414,0.10947900000068955,0.125606250000132,0.14178125999855248,98.0,98.0,0.0
2,fafafc5008dd932c27fec409716eb7547c4f3fee,fixed_formation_expert,-1,0,30000419,19,3b6095e780b078d042329a0e24e15e3c,open_field,4,1.0,1.0,1.0,1.0,1.0,0.0,0.0,0.6714271903038025,1.4646995067596436,0.0,0.0,0.0,0.0,0.23231242124627277,0.8652200698852539,1.0,0.8780487804878049,0.0,12.299999999999999,0.0,0.0,0.0,0.10923430487798877,0.10860400000112236,0.12102115000001135,0.1299384599994724,82.0,82.0,0.0
2,fafafc5008dd932c27fec409716eb7547c4f3fee,fixed_formation_expert,-1,0,30000420,20,b1f68c18b15f5b21b58a4dd915212b12,open_field,4,1.0,1.0,1.0,1.0,1.0,0.0,0.0,0.6652393937110901,1.1589136123657227,0.0,0.0,0.0,0.0,0.2578647393910658,0.9080238938331604,1.0,0.8690476190476191,0.0,12.6,0.0,0.0,0.0,0.11136361904762722,0.11054149999978335,0.12259994999954671,0.12943250000020615,84.0,84.0,0.0
2,fafafc5008dd932c27fec409716eb7547c4f3fee,fixed_formation_expert,-1,0,30000421,21,9113f5c6b08cf0e9b6fe6c2072d15b80,open_field,4,1.0,1.0,1.0,1.0,1.0,0.0,0.0,0.6670714020729065,0.5583516359329224,0.0,0.0,0.0,0.0,0.3715677575228062,0.936762273311615,1.0,0.8829787234042553,0.0,14.1,0.0,0.0,0.0,0.11231339361710799,0.11187550000002489,0.12106294999991718,0.1260433099999502,94.0,94.0,0.0
2,fafafc5008dd932c27fec409716eb7547c4f3fee,fixed_formation_expert,-1,0,30000422,22,fe52e4896581b5706e90ce2bd7f0aca4,open_field,4,1.0,1.0,1.0,1.0,1.0,0.0,0.0,0.45070090889930725,0.5507933497428894,0.0,0.0,0.0,0.0,0.3712147711000095,0.8969438076019287,1.0,0.8854166666666666,0.0,14.399999999999999,0.0,0.0,0.0,0.11369396875005044,0.11204150000132529,0.12777074999803517,0.17788154999998082,96.0,96.0,0.0
2,fafafc5008dd932c27fec409716eb7547c4f3fee,fixed_formation_expert,-1,0,30000423,23,b7879310dfc1e8da931760547c80b98e,open_field,4,1.0,1.0,1.0,1.0,1.0,0.0,0.0,0.6496710181236267,0.5505677461624146,0.0,0.0,0.0,0.0,0.3585511996727629,0.9290068745613098,1.0,0.8865979381443299,0.0,14.549999999999999,0.0,0.0,0.0,0.1105184432988042,0.11141599999930918,0.12216659999850774,0.1312896799990426,97.0,97.0,0.0
2,fafafc5008dd932c27fec409716eb7547c4f3fee,fixed_formation_expert,-1,0,30000424,24,a20d3b4ec5c708260fd4db3728aa09d6,open_field,4,1.0,1.0,1.0,1.0,1.0,0.0,0.0,0.6694609522819519,1.358023762702942,0.0,0.0,0.0,0.0,0.24825879428760114,0.8920720219612122,1.0,0.8674698795180723,0.0,12.45,0.0,0.0,0.0,0.11193877108431104,0.11212500000112868,0.12498389999997526,0.13399944000212827,83.0,83.0,0.0
2,fafafc5008dd932c27fec409716eb7547c4f3fee,fixed_formation_expert,-1,0,30000425,25,ab77a6a4020b32f10c3e00560beb4eb4,open_field,4,1.0,1.0,1.0,1.0,1.0,0.0,0.0,0.674963653087616,2.3984577655792236,0.0,0.0,0.0,0.0,0.2529451565408125,0.8833016753196716,1.0,0.8658536585365854,0.0,12.299999999999999,0.0,0.0,0.0,0.11168392682921292,0.11093750000057412,0.12496875000067575,0.13181277000185787,82.0,82.0,0.0
2,fafafc5008dd932c27fec409716eb7547c4f3fee,fixed_formation_expert,-1,0,30000426,26,22a99c05def940b35c91f654a2d68a01,open_field,4,1.0,1.0,1.0,1.0,1.0,0.0,0.0,0.6931045055389404,1.9817242622375488,0.0,0.0,0.0,0.0,0.25716699151004235,0.8988839983940125,1.0,0.8658536585365854,0.0,12.299999999999999,0.0,0.0,0.0,0.11225564634170386,0.11225049999730174,0.12432435000189201,0.14341348000122867,82.0,82.0,0.0
2,fafafc5008dd932c27fec409716eb7547c4f3fee,fixed_formation_expert,-1,0,30000427,27,cf5949e950be793b5ce574055971c149,open_field,4,1.0,1.0,1.0,1.0,1.0,0.0,0.0,0.6703428030014038,1.9409794807434082,0.0,0.0,0.0,0.0,0.25013514303761286,0.8890175223350525,1.0,0.8658536585365854,0.0,12.299999999999999,0.0,0.0,0.0,0.11100813414665095,0.10854150000305651,0.12880000000077277,0.1562230400014641,82.0,82.0,0.0
2,fafafc5008dd932c27fec409716eb7547c4f3fee,fixed_formation_expert,-1,0,30000428,28,962852f67956010221222b176a711ea9,open_field,4,1.0,1.0,1.0,1.0,1.0,0.0,0.0,0.6794293522834778,2.0807511806488037,0.0,0.0,0.0,0.0,0.24793859062398352,0.8684789538383484,1.0,0.8780487804878049,0.0,12.299999999999999,0.0,0.0,0.0,0.11125151219511885,0.10856249999946499,0.1275455500010736,0.14238652000052807,82.0,82.0,0.0
2,fafafc5008dd932c27fec409716eb7547c4f3fee,fixed_formation_expert,-1,0,30000429,29,895b15aa3428b9c110423c2c175d55d7,open_field,4,1.0,1.0,1.0,1.0,1.0,0.0,0.0,0.6398475766181946,1.673973560333252,0.0,0.0,0.0,0.0,0.2572220733798132,0.9067360758781433,1.0,0.8658536585365854,0.0,12.299999999999999,0.0,0.0,0.0,0.1117098536587634,0.1131665000002613,0.12351394999718934,0.14173026999998226,82.0,82.0,0.0
2,fafafc5008dd932c27fec409716eb7547c4f3fee,fixed_formation_expert,-1,0,30000800,0,6824b8fcf731971179ae8b1f3745f973,open_field,8,1.0,1.0,1.0,1.0,1.0,0.0,0.0,0.40062788128852844,0.5503670573234558,0.0,0.0,0.0,0.0,0.5482362953239474,1.3809541463851929,1.0,0.6120689655172413,0.0,17.4,0.0,0.0,0.0,0.2934166637929769,0.28974999999853424,0.33528124999993025,0.3380848499990208,116.0,116.0,0.0
2,fafafc5008dd932c27fec409716eb7547c4f3fee,fixed_formation_expert,-1,0,30000801,1,35f2108c56109b5c0b0ec12106ca4450,open_field,8,1.0,1.0,1.0,1.0,1.0,0.0,0.0,0.5087091326713562,0.5584201216697693,0.0,0.0,0.0,0.0,0.4389663562178612,1.3777579069137573,1.0,0.8529411764705882,0.0,15.299999999999999,0.0,0.0,0.0,0.29352656862745813,0.2878119999980555,0.3295639500022318,0.34056915999979503,102.0,102.0,0.0
2,fafafc5008dd932c27fec409716eb7547c4f3fee,fixed_formation_expert,-1,0,30000802,2,edb1566ab8e7bb9e336b1c919a5f9a1d,open_field,8,1.0,1.0,1.0,1.0,1.0,0.0,0.0,0.4817724823951721,1.0765212774276733,0.0,0.0,0.0,0.0,0.39246757450152414,1.3626105785369873,1.0,0.8469387755102041,0.0,14.7,0.0,0.0,0.0,0.2906552551018843,0.28816649999896526,0.3197750000007104,0.35385978999944,98.0,98.0,0.0
2,fafafc5008dd932c27fec409716eb7547c4f3fee,fixed_formation_expert,-1,0,30000803,3,e82df9f1e8113bd0903d3b567da2cb10,open_field,8,1.0,1.0,1.0,1.0,1.0,0.0,0.0,0.40207988023757935,0.5501060485839844,0.0,0.0,0.0,0.0,0.5868231338003408,1.4028189182281494,1.0,0.6,0.0,17.25,0.0,0.0,0.0,0.29620287826079644,0.29529200000055766,0.31934180000128265,0.3567652399981114,115.0,115.0,0.0
2,fafafc5008dd932c27fec409716eb7547c4f3fee,fixed_formation_expert,-1,0,30000804,4,2560751cd17f87e1f2d0e971019c7487,open_field,8,1.0,1.0,1.0,1.0,1.0,0.0,0.0,0.46409446001052856,0.9230895042419434,0.0,0.0,0.0,0.0,0.4091100076731947,1.4186668395996094,1.0,0.845360824742268,0.0,14.549999999999999,0.0,0.0,0.0,0.29759150515449123,0.2972499999991385,0.34110800000135555,0.39128563999810223,97.0,97.0,0.0
2,fafafc5008dd932c27fec409716eb7547c4f3fee,fixed_formation_expert,-1,0,30000805,5,cde3152089380e9fbb3171f9d86e0516,open_field,8,1.0,1.0,1.0,1.0,1.0,0.0,0.0,0.4063590466976166,0.5511589050292969,0.0,0.0,0.0,0.0,0.4866518189600848,1.3923453092575073,1.0,0.8623853211009175,0.0,16.349999999999998,0.0,0.0,0.0,0.3003030917428246,0.3010000000003288,0.3377579999998659,0.3515986399999349,109.0,109.0,0.0
2,fafafc5008dd932c27fec409716eb7547c4f3fee,fixed_formation_expert,-1,0,30000806,6,6e248afafe4030f081c9bef3b738bff2,open_field,8,1.0,1.0,1.0,1.0,1.0,0.0,0.0,0.47565004229545593,0.5510016679763794,0.0,0.0,0.0,0.0,0.454834852859659,1.4036626815795898,1.0,0.8584905660377359,0.0,15.899999999999999,0.0,0.0,0.0,0.2977760471697085,0.2992500000011944,0.32767725000049097,0.35589615000137803,106.0,106.0,0.0
2,fafafc5008dd932c27fec409716eb7547c4f3fee,fixed_formation_expert,-1,0,30000807,7,fdf6829bd2fecd96268fb3ffdca7d51f,open_field,8,1.0,1.0,1.0,0.0,0.0,0.0,0.0,0.4031512439250946,0.5501720309257507,0.0,0.0,0.0,0.0,0.650854609468404,1.408823847770691,0.0,0.3949579831932773,0.0,17.849999999999998,0.0,0.0,0.0,0.296932420168276,0.2935830000012629,0.3289535000007504,0.37986006000053857,119.0,119.0,0.0
2,fafafc5008dd932c27fec409716eb7547c4f3fee,fixed_formation_expert,-1,0,30000808,8,7949c6e49fce60209c600cdb0ade942b,open_field,8,1.0,1.0,1.0,1.0,1.0,0.0,0.0,0.400068998336792,0.7535746693611145,0.0,0.0,0.0,0.0,0.39916587466060527,1.4078211784362793,1.0,0.8415841584158416,0.0,15.149999999999999,0.0,0.0,0.0,0.2960783960395207,0.2949579999977914,0.324999999996578,0.3457090000011931,101.0,101.0,0.0
2,fafafc5008dd932c27fec409716eb7547c4f3fee,fixed_formation_expert,-1,0,30000809,9,20ac46aa154658a51686dad07ca87857,open_field,8,0.0,1.0,1.0,0.0,0.0,0.0,0.0,0.40039312839508057,0.5503209829330444,0.0,0.0,0.0,0.0,0.5896601289510727,1.3646845817565918,0.0,0.43333333333333335,0.0,nan,0.0,0.0,0.0,0.29748678333353,0.2988335000004838,0.32847884999860355,0.3458259800009955,120.0,120.0,1.0
2,fafafc5008dd932c27fec409716eb7547c4f3fee,fixed_formation_expert,-1,0,30000810,10,af5ccd2e9ca6d92d6f1b3a9cc1e1ea48,open_field,8,1.0,1.0,1.0,1.0,1.0,0.0,0.0,0.4628499448299408,2.013376474380493,0.0,0.0,0.0,0.0,0.40462398372198405,1.3717377185821533,1.0,0.8421052631578947,0.0,14.25,0.0,0.0,0.0,0.292208789473398,0.29112500000039176,0.32230009999985043,0.36407698000097355,95.0,95.0,0.0
2,fafafc5008dd932c27fec409716eb7547c4f3fee,fixed_formation_expert,-1,0,30000811,11,d340fcb1b5d6fc7f8fe383c81ce35026,open_field,8,1.0,1.0,1.0,1.0,1.0,0.0,0.0,0.41775771975517273,0.5764684677124023,0.0,0.0,0.0,0.0,0.4121431725696453,1.4273779392242432,1.0,0.8446601941747572,0.0,15.45,0.0,0.0,0.0,0.29629206796116964,0.2973750000023756,0.323758599999735,0.354184999999987,103.0,103.0,0.0
2,fafafc5008dd932c27fec409716eb7547c4f3fee,fixed_formation_expert,-1,0,30000812,12,9d47d06cb84a80fd463c23047a99b9e8,open_field,8,1.0,1.0,1.0,0.0,0.0,0.0,0.0,0.4725821912288666,0.5500900745391846,0.0,0.0,0.0,0.0,0.5110684686473438,1.4005080461502075,0.0,0.7321428571428571,0.0,16.8,0.0,0.0,0.0,0.2964773392855058,0.29658349999728273,0.32892339999861514,0.34103600999838335,112.0,112.0,0.0
2,fafafc5008dd932c27fec409716eb7547c4f3fee,fixed_formation_expert,-1,0,30000813,13,80ad18d8a66635759d09df0b7ea67336,open_field,8,0.0,1.0,1.0,0.0,0.0,0.0,0.0,0.400058388710022,0.550019383430481,0.0,0.0,0.0,0.0,0.6223365730295579,1.358955979347229,0.0,0.5166666666666667,0.0,nan,0.0,0.0,0.0,0.2982434416669122,0.29789550000103304,0.3308607499997507,0.3542677700023944,120.0,120.0,1.0
2,fafafc5008dd932c27fec409716eb7547c4f3fee,fixed_formation_expert,-1,0,30000814,14,f146ea0bbdaf6eaeea35d47ded024e50,open_field,8,1.0,1.0,1.0,1.0,1.0,0.0,0.0,0.4027961492538452,0.5501759648323059,0.0,0.0,0.0,0.0,0.542243167369262,1.421433925628662,1.0,0.6521739130434783,0.0,17.25,0.0,0.0,0.0,0.2968057739130544,0.29487500000158207,0.32962480000158223,0.3671227599998872,115.0,115.0,0.0
2,fafafc5008dd932c27fec409716eb7547c4f3fee,fixed_formation_expert,-1,0,30000815,15,b15e1d4656032b7c98dcbbe3a9845b89,open_field,8,1.0,1.0,1.0,1.0,1.0,0.0,0.0,0.41300639510154724,1.0294413566589355,0.0,0.0,0.0,0.0,0.38881146558085267,1.3608461618423462,1.0,0.8469387755102041,0.0,14.7,0.0,0.0,0.0,0.29587761224489645,0.2960205000004379,0.32843925000012314,0.3554242700028354,98.0,98.0,0.0
2,fafafc5008dd932c27fec409716eb7547c4f3fee,fixed_formation_expert,-1,0,30000816,16,0e02833d827dbe9238ac8eaf7aaf1693,open_field,8,1.0,1.0,1.0,1.0,1.0,0.0,0.0,0.4023745357990265,0.550244927406311,0.0,0.0,0.0,0.0,0.42888852305434366,1.3699620962142944,1.0,0.8611111111111112,0.0,16.2,0.0,0.0,0.0,0.2973145185184557,0.29510399999921333,0.3336312499996552,0.34137706000066714,108.0,108.0,0.0
2,fafafc5008dd932c27fec409716eb7547c4f3fee,fixed_formation_expert,-1,0,30000817,17,71cfeecf3a9e8d0d94ac9bda1790bb95,open_field,8,0.0,1.0,1.0,0.0,0.0,0.0,0.0,0.40014737844467163,0.5500400066375732,0.0,0.0,0.0,0.0,0.5263126336038113,1.3987538814544678,1.0,0.6166666666666667,0.0,nan,0.0,0.0,0.0,0.30158990000005065,0.2999995000010358,0.3401479000009644,0.3547712299989314,120.0,120.0,1.0
2,fafafc5008dd932c27fec409716eb7547c4f3fee,fixed_formation_expert,-1,0,30000818,18,cdb34ae03e094397f83fe601935fdbc5,open_field,8,1.0,1.0,1.0,1.0,1.0,0.0,0.0,0.4473922550678253,0.6137650609016418,0.0,0.0,0.0,0.0,0.4210907939602347,1.4195942878723145,1.0,0.8529411764705882,0.0,15.299999999999999,0.0,0.0,0.0,0.2954239901960281,0.29439549999921155,0.3355896000011071,0.34355341999937394,102.0,102.0,0.0
2,fafafc5008dd932c27fec409716eb7547c4f3fee,fixed_formation_expert,-1,0,30000819,19,dfd93c099689cf7b394dbf6c740fab5a,open_field,8,1.0,1.0,1.0,1.0,1.0,0.0,0.0,0.418655663728714,1.2433217763900757,0.0,0.0,0.0,0.0,0.40403759571694836,1.4220367670059204,1.0,0.8350515463917526,0.0,14.549999999999999,0.0,0.0,0.0,0.28998839175224855,0.2854580000004603,0.33160059999914887,0.34723604000077984,97.0,97.0,0.0
2,fafafc5008dd932c27fec409716eb7547c4f3fee,fixed_formation_expert,-1,0,30000820,20,237d84ab9991a8ce69874260767699e1,open_field,8,0.0,1.0,1.0,0.0,0.0,0.0,0.0,0.40277451276779175,0.5500583648681641,0.0,0.0,0.0,0.0,0.5851878724992275,1.4217171669006348,1.0,0.525,0.0,nan,0.0,0.0,0.0,0.2970733166665222,0.2964164999994523,0.33112114999926945,0.37366797999975887,120.0,120.0,1.0
2,fafafc5008dd932c27fec409716eb7547c4f3fee,fixed_formation_expert,-1,0,30000821,21,58ba9338b4fded27f8075a3f19b382bc,open_field,8,1.0,1.0,1.0,1.0,1.0,0.0,0.0,0.40286749601364136,0.8391801118850708,0.0,0.0,0.0,0.0,0.3950955930108927,1.3786840438842773,1.0,0.8469387755102041,0.0,14.7,0.0,0.0,0.0,0.2957210714288135,0.2937710000008309,0.3307893000007667,0.3530762600014725,98.0,98.0,0.0
2,fafafc5008dd932c27fec409716eb7547c4f3fee,fixed_formation_expert,-1,0,30000822,22,eb254dd85d25dbba80f0b936fa4aa639,open_field,8,1.0,1.0,1.0,1.0,1.0,0.0,0.0,0.47401759028434753,1.7328213453292847,0.0,0.0,0.0,0.0,0.41361552895978093,1.415953278541565,1.0,0.84375,0.0,14.399999999999999,0.0,0.0,0.0,0.2921375937499822,0.287854500001572,0.32740650000118166,0.3548475999998856,96.0,96.0,0.0
2,fafafc5008dd932c27fec409716eb7547c4f3fee,fixed_formation_expert,-1,0,30000823,23,f07fa1773f863004bc433b608bc48102,open_field,8,1.0,1.0,1.0,1.0,1.0,0.0,0.0,0.40148770809173584,0.5508800148963928,0.0,0.0,0.0,0.0,0.459967149766507,1.4042168855667114,1.0,0.8611111111111112,0.0,16.2,0.0,0.0,0.0,0.2976693611110324,0.2939790000002773,0.32832684999757333,0.3592284400015798,108.0,108.0,0.0
2,fafafc5008dd932c27fec409716eb7547c4f3fee,fixed_formation_expert,-1,0,30000824,24,463b21ad76eb7a9bdcb3708067396070,open_field,8,1.0,1.0,1.0,1.0,1.0,0.0,0.0,0.466316282749176,0.5504897832870483,0.0,0.0,0.0,0.0,0.5894329313907707,1.4124729633331299,1.0,0.5789473684210527,0.0,17.099999999999998,0.0,0.0,0.0,0.2948482807016555,0.2929579999992882,0.33333750000039686,0.3434559600004761,114.0,114.0,0.0
2,fafafc5008dd932c27fec409716eb7547c4f3fee,fixed_formation_expert,-1,0,30000825,25,3bf05767ffe64f342a97d7d849f354be,open_field,8,1.0,1.0,1.0,1.0,1.0,0.0,0.0,0.41511139273643494,0.5503284931182861,0.0,0.0,0.0,0.0,0.4577170894393381,1.3664356470108032,1.0,0.7358490566037735,0.0,15.899999999999999,0.0,0.0,0.0,0.29661320754731274,0.2951455000008707,0.3313020000001998,0.35815174999775934,106.0,106.0,0.0
2,fafafc5008dd932c27fec409716eb7547c4f3fee,fixed_formation_expert,-1,0,30000826,26,21a5a5a76ae8b09348d093396fda28ba,open_field,8,0.0,1.0,1.0,0.0,0.0,0.0,0.0,0.4199999272823334,0.5500052571296692,0.0,0.0,0.0,0.0,0.6355257218082746,1.4022279977798462,1.0,0.43333333333333335,0.0,nan,0.0,0.0,0.0,0.29730310000042337,0.2939375000003963,0.33095865000039026,0.3609622500004761,120.0,120.0,1.0
2,fafafc5008dd932c27fec409716eb7547c4f3fee,fixed_formation_expert,-1,0,30000827,27,b44ce2bd59bdf2d45b6eeda76cdfc6f4,open_field,8,1.0,1.0,1.0,1.0,1.0,0.0,0.0,0.4174646735191345,1.5269616842269897,0.0,0.0,0.0,0.0,0.40495326928794384,1.3767216205596924,1.0,0.84375,0.0,14.399999999999999,0.0,0.0,0.0,0.2917582500000145,0.29195850000007795,0.3355520000010159,0.3817069000014327,96.0,96.0,0.0
2,fafafc5008dd932c27fec409716eb7547c4f3fee,fixed_formation_expert,-1,0,30000828,28,78929d1db6f254964a85ea6adc3ef974,open_field,8,1.0,1.0,1.0,1.0,1.0,0.0,0.0,0.4202703535556793,0.5539999604225159,0.0,0.0,0.0,0.0,0.4761654092174656,1.4548805952072144,1.0,0.8301886792452831,0.0,15.899999999999999,0.0,0.0,0.0,0.2971089150942392,0.29279199999976413,0.33727049999843217,0.3514104499997117,106.0,106.0,0.0
2,fafafc5008dd932c27fec409716eb7547c4f3fee,fixed_formation_expert,-1,0,30000829,29,01f5c1670295daaa594a5c5bbf6e8d4d,open_field,8,1.0,1.0,1.0,1.0,1.0,0.0,0.0,0.4041511118412018,0.5508612394332886,0.0,0.0,0.0,0.0,0.4403710205245901,1.415027141571045,1.0,0.8518518518518519,0.0,16.2,0.0,0.0,0.0,0.29825694444446177,0.2995000000005632,0.33154815000013826,0.34547768000052764,108.0,108.0,0.0
2,fafafc5008dd932c27fec409716eb7547c4f3fee,fixed_formation_expert,-1,0,30010400,0,31579f3494bdeac66e4eab6c52b74603,narrow_passage,4,1.0,1.0,1.0,1.0,1.0,0.0,0.0,0.41999995708465576,0.5504355430603027,0.0,0.0,0.0,0.0,0.3950034159546097,0.9493370056152344,1.0,0.7291666666666666,0.0,14.399999999999999,0.0,0.0,0.0,0.3224340625001358,0.32710399999835715,0.36693725000169763,0.3908298000020237,96.0,96.0,0.0
2,fafafc5008dd932c27fec409716eb7547c4f3fee,fixed_formation_expert,-1,0,30010401,1,9e782a1e714588d2665b89fd51618725,narrow_passage,4,0.0,0.0,1.0,0.0,0.0,0.0,2.0,0.40002018213272095,0.5389317870140076,1.0,1.0,1.0,1.0,0.7292687869320313,1.0181573629379272,0.0,0.2833333333333333,0.2833333333333333,nan,0.0,0.0,0.0,0.33391456666670055,0.3335624999998288,0.36382645000152536,0.3857775599996671,120.0,120.0,1.0
2,fafafc5008dd932c27fec409716eb7547c4f3fee,fixed_formation_expert,-1,0,30010402,2,f8f4b9889382b01a5e46e272d42ae713,narrow_passage,4,0.0,1.0,1.0,0.0,0.0,0.0,0.0,0.40432605147361755,0.5501459240913391,0.0,0.0,0.0,0.0,0.6760679091016452,1.1960604190826416,0.0,0.36666666666666664,0.041666666666666664,nan,0.0,0.0,0.0,0.3248931166666876,0.3271879999999783,0.3616961500002347,0.3765675000000357,120.0,120.0,1.0
2,fafafc5008dd932c27fec409716eb7547c4f3fee,fixed_formation_expert,-1,0,30010403,3,e992e8070e9906848eb7ef3e2336ff29,narrow_passage,4,0.0,0.0,1.0,0.0,0.0,1.0,1.0,0.39865049719810486,0.5484697222709656,1.0,0.0,1.0,0.0,0.340478910629948,0.8946885466575623,1.0,0.9166666666666666,0.24166666666666667,nan,0.0,0.0,0.0,0.3367514416667679,0.335874499999278,0.365204199998459,0.39588423000100903,120.0,120.0,1.0
2,fafafc5008dd932c27fec409716eb7547c4f3fee,fixed_formation_expert,-1,0,30010404,4,05a35d733f2a99635553db47e869cb1a,narrow_passage,4,0.0,0.0,1.0,0.0,0.0,0.0,5.0,0.409207284450531,0.5287186503410339,0.0,0.0,1.0,0.0,0.7959040189782779,1.273488998413086,0.0,0.25833333333333336,0.0,nan,0.0,0.0,0.0,0.32838545833338745,0.32783350000187284,0.36523125000176293,0.39706029000026183,120.0,120.0,1.0
2,fafafc5008dd932c27fec409716eb7547c4f3fee,fixed_formation_expert,-1,0,30010405,5,c07fe30cc73f56e6ad439c4f55d5f03a,narrow_passage,4,0.0,1.0,1.0,0.0,0.0,0.0,0.0,0.4063602387905121,0.5500063300132751,0.0,0.0,0.0,0.0,0.6354602822413047,0.8865521550178528,0.0,0.30833333333333335,0.16666666666666666,nan,0.0,0.0,0.0,0.3313864500000818,0.32810400000116147,0.36823095000109163,0.38937348000001043,120.0,120.0,1.0
2,fafafc5008dd932c27fec409716eb7547c4f3fee,fixed_formation_expert,-1,0,30010406,6,d1e390e2f3cc3119b04963150a0c0c72,narrow_passage,4,0.0,1.0,1.0,0.0,0.0,0.0,0.0,0.4002380073070526,0.5502312779426575,1.0,1.0,1.0,1.0,0.6473227435102066,1.14065682888031,0.0,0.4666666666666667,0.19166666666666668,nan,0.0,0.0,0.0,0.33241598333315636,0.332000000000221,0.3729291500008003,0.38976673000089335,120.0,120.0,1.0
2,fafafc5008dd932c27fec409716eb7547c4f3fee,fixed_formation_expert,-1,0,30010407,7,c87ae162d62cb46d774be635ee84cfdb,narrow_passage,4,1.0,1.0,1.0,1.0,1.0,0.0,0.0,0.5113361477851868,0.5500159859657288,0.0,0.0,0.0,0.0,0.35747115415962116,0.8843069076538086,1.0,0.8947368421052632,0.0,14.25,0.0,0.0,0.0,0.3200714526315096,0.32295799999815245,0.36677889999872093,0.3882399599982733,95.0,95.0,0.0
2,fafafc5008dd932c27fec409716eb7547c4f3fee,fixed_formation_expert,-1,0,30010408,8,9d39b02b55b2135b171fd6209c5c1c61,narrow_passage,4,1.0,1.0,1.0,1.0,1.0,0.0,0.0,0.40968552231788635,0.5502214431762695,0.0,0.0,0.0,0.0,0.44493266109344176,0.906745433807373,1.0,0.7168141592920354,0.0,16.95,0.0,0.0,0.0,0.32039894690264187,0.32370899999989433,0.36198319999911627,0.3968999999985101,113.0,113.0,0.0
2,fafafc5008dd932c27fec409716eb7547c4f3fee,fixed_formation_expert,-1,0,30010409,9,9ef3391207c932ddafb5f3a827cd2ad4,narrow_passage,4,0.0,0.0,0.0,0.0,0.0,3.0,11.0,0.39743247628211975,0.544921875,1.0,1.0,1.0,1.0,0.5977031490455071,0.9132010340690613,0.0,0.45,0.225,nan,0.0,0.0,0.0,0.334198291666669,0.3341455000001048,0.36070655000042245,0.3824650600007473,120.0,120.0,1.0
2,fafafc5008dd932c27fec409716eb7547c4f3fee,fixed_formation_expert,-1,0,30010410,10,b1f5a0afd844c19f5e884872e40c0be4,narrow_passage,4,0.0,1.0,1.0,0.0,0.0,0.0,0.0,0.4070928394794464,0.5503267049789429,0.0,0.0,0.0,0.0,0.5958031125677129,1.248033881187439,0.0,0.525,0.0,nan,0.0,0.0,0.0,0.32021254999978765,0.3158540000001153,0.35655979999926757,0.39480681000206636,120.0,120.0,1.0
2,fafafc5008dd932c27fec409716eb7547c4f3fee,fixed_formation_expert,-1,0,30010411,11,1b597f4a288c7ac39f7b8e6bad1857b6,narrow_passage,4,0.0,1.0,1.0,0.0,0.0,0.0,0.0,0.40028563141822815,0.5500017404556274,1.0,1.0,1.0,1.0,0.6722067721188069,1.1499006748199463,0.0,0.43333333333333335,0.21666666666666667,nan,0.0,0.0,0.0,0.3286754083332492,0.32866650000151765,0.3683892499998009,0.44388047999859737,120.0,120.0,1.0
2,fafafc5008dd932c27fec409716eb7547c4f3fee,fixed_formation_expert,-1,0,30010412,12,047c0d2c12f23856da7ee4959599ac02,narrow_passage,4,0.0,1.0,1.0,0.0,0.0,0.0,0.0,0.6267464756965637,0.5500470399856567,0.0,0.0,0.0,0.0,0.6994443990290165,1.360140323638916,1.0,0.4583333333333333,0.0,nan,0.0,0.0,0.0,0.31402437499989944,0.31012499999860665,0.3586295000006956,0.3810472699975876,120.0,120.0,1.0
2,fafafc5008dd932c27fec409716eb7547c4f3fee,fixed_formation_expert,-1,0,30010413,13,5785b810273d7fca6b172f9e5c0113f8,narrow_passage,4,0.0,0.0,1.0,0.0,0.0,1.0,1.0,0.3959606885910034,0.5457532405853271,0.0,0.0,0.0,0.0,0.5466421019285918,1.0408105850219727,0.0,0.55,0.008333333333333333,nan,0.0,0.0,0.0,0.32616733333353426,0.3257915000016709,0.3533274000030673,0.3995960400024856,120.0,120.0,1.0
2,fafafc5008dd932c27fec409716eb7547c4f3fee,fixed_formation_expert,-1,0,30010414,14,caad215f384fadfae55cae3c2f92b75b,narrow_passage,4,0.0,1.0,1.0,0.0,0.0,0.0,0.0,0.4573274850845337,0.5501023530960083,1.0,1.0,1.0,1.0,0.7052361001571019,1.1738485097885132,0.0,0.4083333333333333,0.23333333333333334,nan,0.0,0.0,0.0,0.31976104999997074,0.322478999999376,0.36150800000047667,0.3669077899995443,120.0,120.0,1.0
2,fafafc5008dd932c27fec409716eb7547c4f3fee,fixed_formation_expert,-1,0,30010415,15,af04a77a1ce006e2036cfef012266809,narrow_passage,4,0.0,1.0,1.0,0.0,0.0,0.0,0.0,0.40470391511917114,0.5500760674476624,0.0,0.0,0.0,0.0,0.824848185479641,1.63690185546875,0.0,0.39166666666666666,0.0,nan,0.0,0.0,0.0,0.3170749083331259,0.3156460000006689,0.36677290000142193,0.39513696000184956,120.0,120.0,1.0
2,fafafc5008dd932c27fec409716eb7547c4f3fee,fixed_formation_expert,-1,0,30010416,16,cb3e8776db00b20587e782f4640ff3e9,narrow_passage,4,0.0,1.0,1.0,0.0,0.0,0.0,0.0,0.41060683131217957,0.5505709052085876,0.0,0.0,0.0,0.0,0.8504390199979146,1.6963697671890259,0.0,0.4,0.0,nan,0.0,0.0,0.0,0.3123305333330606,0.3072079999988375,0.3558476000010913,0.38710728999916455,120.0,120.0,1.0
2,fafafc5008dd932c27fec409716eb7547c4f3fee,fixed_formation_expert,-1,0,30010417,17,8c161905744b72ce3806cdef5a60a890,narrow_passage,4,0.0,0.0,1.0,0.0,0.0,0.0,2.0,0.4129105508327484,0.5492587089538574,0.0,0.0,1.0,0.0,0.5106729950755835,0.8652012944221497,1.0,0.6666666666666666,0.0,nan,0.0,0.0,0.0,0.3169666666666515,0.3211459999992172,0.3596732000014313,0.3713834799995652,120.0,120.0,1.0
2,fafafc5008dd932c27fec409716eb7547c4f3fee,fixed_formation_expert,-1,0,30010418,18,8299fb03907aee93b1874ec0e5ba0ee4,narrow_passage,4,1.0,1.0,1.0,1.0,1.0,0.0,0.0,0.4038214087486267,0.5509017705917358,0.0,0.0,0.0,0.0,0.36939795555199606,0.8618060350418091,1.0,0.9152542372881356,0.0,17.7,0.0,0.0,0.0,0.3157422542373404,0.31599949999971955,0.35747500000038457,0.392543610001681,118.0,118.0,0.0
2,fafafc5008dd932c27fec409716eb7547c4f3fee,fixed_formation_expert,-1,0,30010419,19,0a1c460b59400bea6c216dbade3b172c,narrow_passage,4,0.0,1.0,1.0,0.0,0.0,0.0,0.0,0.40001970529556274,0.5500788688659668,1.0,1.0,1.0,1.0,0.6547412837545077,1.0032294988632202,0.0,0.38333333333333336,0.25833333333333336,nan,0.0,0.0,0.0,0.3252972999998012,0.32475000000076193,0.36615834999942365,0.3809180599978746,120.0,120.0,1.0
2,fafafc5008dd932c27fec409716eb7547c4f3fee,fixed_formation_expert,-1,0,30010420,20,0dd9f758fa418e6e1dca444a970f5c05,narrow_passage,4,0.0,1.0,1.0,0.0,0.0,0.0,0.0,0.668406069278717,0.5501453876495361,0.0,0.0,0.0,0.0,0.6003765853742759,1.093074083328247,1.0,0.4583333333333333,0.0,nan,0.0,0.0,0.0,0.31531874166645935,0.3181454999996447,0.35204229999976633,0.3934119600009467,120.0,120.0,1.0
2,fafafc5008dd932c27fec409716eb7547c4f3fee,fixed_formation_expert,-1,0,30010421,21,8c8c461191d75df3b35088073299bd84,narrow_passage,4,0.0,1.0,1.0,0.0,0.0,0.0,0.0,0.40030327439308167,0.5500116944313049,0.0,0.0,0.0,0.0,0.7160131166378657,1.3347629308700562,0.0,0.26666666666666666,0.0,nan,0.0,0.0,0.0,0.32015175833330173,0.3205625000006762,0.3593232499991217,0.3906877699994382,120.0,120.0,1.0
2,fafafc5008dd932c27fec409716eb7547c4f3fee,fixed_formation_expert,-1,0,30010422,22,1faa7b175ada3810d3222858efc53ee5,narrow_passage,4,0.0,1.0,1.0,0.0,0.0,0.0,0.0,0.40020909905433655,0.5500088334083557,0.0,0.0,0.0,0.0,0.6029745828360319,0.8883692622184753,0.0,0.31666666666666665,0.0,nan,0.0,0.0,0.0,0.3283281666665398,0.3259169999996203,0.36222534999890144,0.4171742300010806,120.0,120.0,1.0
2,fafafc5008dd932c27fec409716eb7547c4f3fee,fixed_formation_expert,-1,0,30010423,23,e211a8337444f3e1ce3d3efd8cd8033e,narrow_passage,4,0.0,1.0,1.0,0.0,0.0,0.0,0.0,0.4154665172100067,0.550031840801239,0.0,0.0,0.0,0.0,0.4878965801248948,0.9262957572937012,1.0,0.6666666666666666,0.0,nan,0.0,0.0,0.0,0.32182329166667856,0.32177150000123333,0.365166700002284,0.3898087699985453,120.0,120.0,1.0
2,fafafc5008dd932c27fec409716eb7547c4f3fee,fixed_formation_expert,-1,0,30010424,24,d1b38a1b78a634c72e0f4fe990e0c2d6,narrow_passage,4,0.0,1.0,1.0,0.0,0.0,0.0,0.0,0.4010393023490906,0.5501862168312073,0.0,0.0,0.0,0.0,0.6777447058508793,0.9071632623672485,0.0,0.225,0.175,nan,0.0,0.0,0.0,0.33265104999993983,0.3312914999984429,0.37244170000114707,0.3897485400009515,120.0,120.0,1.0
2,fafafc5008dd932c27fec409716eb7547c4f3fee,fixed_formation_expert,-1,0,30010425,25,3a720bbf517d5dfb707a436e2fe7f065,narrow_passage,4,0.0,1.0,1.0,0.0,0.0,0.0,0.0,0.4005023241043091,0.5500044226646423,0.0,0.0,0.0,0.0,0.776205463707447,1.5993332862854004,0.0,0.4083333333333333,0.0,nan,0.0,0.0,0.0,0.3157358166665662,0.31200000000097816,0.36147019999770436,0.3876952700010605,120.0,120.0,1.0
2,fafafc5008dd932c27fec409716eb7547c4f3fee,fixed_formation_expert,-1,0,30010426,26,475278c0921997d500a58cbb90aa3e3b,narrow_passage,4,0.0,1.0,1.0,0.0,0.0,0.0,0.0,0.4000718593597412,0.5500955581665039,0.0,0.0,0.0,0.0,0.341271639491121,0.9407545924186707,1.0,0.9083333333333333,0.008333333333333333,nan,0.0,0.0,0.0,0.3277121750000944,0.3272294999998593,0.35782324999917847,0.37907653999944557,120.0,120.0,1.0
2,fafafc5008dd932c27fec409716eb7547c4f3fee,fixed_formation_expert,-1,0,30010427,27,5f4a83befed9baafef20aae85d579721,narrow_passage,4,0.0,0.0,1.0,0.0,0.0,1.0,0.0,0.3955553472042084,0.5500901937484741,1.0,1.0,1.0,1.0,0.7159405746807654,1.1777626276016235,0.0,0.4,0.26666666666666666,nan,0.0,0.0,0.0,0.3230930666666391,0.32435450000001254,0.34835209999837247,0.39270977000061436,120.0,120.0,1.0
2,fafafc5008dd932c27fec409716eb7547c4f3fee,fixed_formation_expert,-1,0,30010428,28,674f1f67e0d232cf11e805af94eabb99,narrow_passage,4,0.0,1.0,1.0,0.0,0.0,0.0,0.0,0.40065068006515503,0.5500540733337402,0.0,0.0,0.0,0.0,0.6334359979877869,1.2149094343185425,0.0,0.4583333333333333,0.0,nan,0.0,0.0,0.0,0.3230361166667528,0.3207290000002416,0.3585565500006993,0.39236674999820315,120.0,120.0,1.0
2,fafafc5008dd932c27fec409716eb7547c4f3fee,fixed_formation_expert,-1,0,30010429,29,ac1605e43f03e501ca982f746bbd3d8d,narrow_passage,4,0.0,1.0,1.0,0.0,0.0,0.0,0.0,0.4000982940196991,0.5500598549842834,0.0,0.0,0.0,0.0,0.2566720660155018,0.9107179045677185,1.0,0.9083333333333333,0.18333333333333332,nan,0.0,0.0,0.0,0.32958299999998886,0.32666649999946173,0.3605392999997292,0.4043265199981505,120.0,120.0,1.0
2,fafafc5008dd932c27fec409716eb7547c4f3fee,fixed_formation_expert,-1,0,30010800,0,37826b5cb94773f71f42a9d7494d9007,narrow_passage,8,0.0,0.0,1.0,0.0,0.0,1.0,0.0,0.39777228236198425,0.5500129461288452,0.0,0.0,1.0,0.0,0.6805509944756826,1.2338716983795166,0.0,0.36666666666666664,0.0,nan,0.0,0.0,0.0,0.7093392083332558,0.709291500001541,0.7846122000021438,0.8100250000005715,120.0,120.0,1.0
2,fafafc5008dd932c27fec409716eb7547c4f3fee,fixed_formation_expert,-1,0,30010801,1,aab657c7231f3b2de009a54591cb599e,narrow_passage,8,0.0,1.0,1.0,0.0,0.0,0.0,0.0,0.40039920806884766,0.5500215888023376,0.0,0.0,0.0,0.0,0.7258551095922788,1.213616132736206,0.0,0.3416666666666667,0.0,nan,0.0,0.0,0.0,0.7245430083333856,0.7248959999994753,0.7750232499992293,0.8373392499999711,120.0,120.0,1.0
2,fafafc5008dd932c27fec409716eb7547c4f3fee,fixed_formation_expert,-1,0,30010802,2,36c87cc1ed96dcebea9e241cf0203c0c,narrow_passage,8,0.0,0.0,1.0,0.0,0.0,0.0,16.0,0.4067130982875824,0.5275367498397827,0.0,0.0,0.0,0.0,0.4903299796084563,1.252571940422058,1.0,0.8666666666666667,0.0,nan,0.0,0.0,0.0,0.7038714749999878,0.7076669999985796,0.7697121500006787,0.8000092499982614,120.0,120.0,1.0
2,fafafc5008dd932c27fec409716eb7547c4f3fee,fixed_formation_expert,-1,0,30010803,3,6eff456d9ec047f8af81e30732029087,narrow_passage,8,0.0,1.0,1.0,0.0,0.0,0.0,0.0,0.40112486481666565,0.5500075817108154,0.0,0.0,0.0,0.0,0.6932488841315111,1.2619765996932983,0.0,0.375,0.0,nan,0.0,0.0,0.0,0.7071121416666178,0.7084589999983848,0.7716246500008239,0.8188982699998348,120.0,120.0,1.0
2,fafafc5008dd932c27fec409716eb7547c4f3fee,fixed_formation_expert,-1,0,30010804,4,da6aafc6c47c4b53dea187c40f8e251a,narrow_passage,8,0.0,0.0,1.0,0.0,0.0,22.0,16.0,0.3910905718803406,0.5338324904441833,1.0,1.0,1.0,1.0,0.7076999937494596,1.242677092552185,0.0,0.3416666666666667,0.15833333333333333,nan,0.0,0.0,0.0,0.7214302333331979,0.7204579999999794,0.7998832999984273,0.8260441699991716,120.0,120.0,1.0
2,fafafc5008dd932c27fec409716eb7547c4f3fee,fixed_formation_expert,-1,0,30010805,5,dc8c3f6c9f6db4491c448cb8e91cbb06,narrow_passage,8,0.0,0.0,1.0,0.0,0.0,2.0,0.0,0.3860507905483246,0.5500243902206421,0.0,0.0,1.0,0.0,0.693530244876941,1.2403255701065063,0.0,0.23333333333333334,0.05,nan,0.0,0.0,0.0,0.7254218499997597,0.7273960000002688,0.7711669500011453,0.8133502900001233,120.0,120.0,1.0
2,fafafc5008dd932c27fec409716eb7547c4f3fee,fixed_formation_expert,-1,0,30010806,6,c2e663acce0596b58e18b2f850c3fcf7,narrow_passage,8,0.0,0.0,1.0,0.0,0.0,1.0,14.0,0.39978617429733276,0.5304051637649536,1.0,0.0,1.0,0.0,0.6142175664504369,1.2303727865219116,0.0,0.43333333333333335,0.125,nan,0.0,0.0,0.0,0.7264524416665807,0.7276459999996376,0.7809128499969731,0.8124502499995856,120.0,120.0,1.0
2,fafafc5008dd932c27fec409716eb7547c4f3fee,fixed_formation_expert,-1,0,30010807,7,15d12b5e8db39a121547de04e9532a60,narrow_passage,8,0.0,0.0,1.0,0.0,0.0,1.0,7.0,0.39783477783203125,0.546552836894989,1.0,1.0,1.0,1.0,0.6785433267553648,1.272971749305725,0.0,0.2833333333333333,0.125,nan,0.0,0.0,0.0,0.7261416583335271,0.7268330000016476,0.7939148999996704,0.8188885200010887,120.0,120.0,1.0
2,fafafc5008dd932c27fec409716eb7547c4f3fee,fixed_formation_expert,-1,0,30010808,8,df9499122f51ab20e686fab88eec1f62,narrow_passage,8,0.0,0.0,0.0,0.0,0.0,19.0,32.0,0.3921804130077362,0.540513813495636,1.0,1.0,1.0,1.0,0.6242063256601492,1.2532445192337036,0.0,0.375,0.2833333333333333,nan,0.0,0.0,0.0,0.7222625416668293,0.7239789999999857,0.7936125000007621,0.821759020001771,120.0,120.0,1.0
2,fafafc5008dd932c27fec409716eb7547c4f3fee,fixed_formation_expert,-1,0,30010809,9,264075bdbb1a1f26bd1d562ba91ff6af,narrow_passage,8,0.0,1.0,1.0,0.0,0.0,0.0,0.0,0.4009977877140045,0.5500540137290955,0.0,0.0,0.0,0.0,0.7243496989210446,1.3605297803878784,0.0,0.3333333333333333,0.0,nan,0.0,0.0,0.0,0.7010666166663645,0.7100419999996888,0.7609124999980565,0.8131664599975609,120.0,120.0,1.0
2,fafafc5008dd932c27fec409716eb7547c4f3fee,fixed_formation_expert,-1,0,30010810,10,4b394c89fa944e4cb7483021983d61f2,narrow_passage,8,0.0,0.0,0.0,0.0,0.0,15.0,40.0,0.39564552903175354,0.5418671369552612,0.0,0.0,1.0,1.0,0.8289864266912143,1.2669270038604736,0.0,0.175,0.016666666666666666,nan,0.0,0.0,0.0,0.7232934250003117,0.7225210000001425,0.8013006500021902,0.8301135199999976,120.0,120.0,1.0
2,fafafc5008dd932c27fec409716eb7547c4f3fee,fixed_formation_expert,-1,0,30010811,11,9298b9110b74714f5f31aae145010a6a,narrow_passage,8,0.0,1.0,1.0,0.0,0.0,0.0,0.0,0.4009183943271637,0.5500258207321167,0.0,0.0,0.0,0.0,0.6644800044596195,1.2767390012741089,0.0,0.4,0.0,nan,0.0,0.0,0.0,0.717497891666774,0.7183744999998964,0.7753357000005678,0.8076982699983404,120.0,120.0,1.0
2,fafafc5008dd932c27fec409716eb7547c4f3fee,fixed_formation_expert,-1,0,30010812,12,59861da3071b1c4bdfb4fd5284ec6726,narrow_passage,8,0.0,0.0,1.0,0.0,0.0,1.0,0.0,0.39256593585014343,0.5500280261039734,0.0,0.0,1.0,0.0,0.6504502601921558,1.2274287939071655,0.0,0.475,0.0,nan,0.0,0.0,0.0,0.7207770333334196,0.7207290000010858,0.7746193999992101,0.813512019999223,120.0,120.0,1.0
2,fafafc5008dd932c27fec409716eb7547c4f3fee,fixed_formation_expert,-1,0,30010813,13,8aee7488b037d72b1999343ac1bd1337,narrow_passage,8,0.0,0.0,1.0,0.0,0.0,8.0,0.0,0.3795543313026428,0.5500109791755676,0.0,0.0,1.0,0.0,0.7748941284914811,1.3060787916183472,0.0,0.3416666666666667,0.0,nan,0.0,0.0,0.0,0.7029523666666648,0.7043125000052441,0.7645437499956387,0.8118752299992593,120.0,120.0,1.0
2,fafafc5008dd932c27fec409716eb7547c4f3fee,fixed_formation_expert,-1,0,30010814,14,86419ba5e538fcba08762820869ee098,narrow_passage,8,0.0,1.0,1.0,0.0,0.0,0.0,0.0,0.40017664432525635,0.5500008463859558,0.0,0.0,0.0,0.0,0.5647512078285217,1.2687262296676636,0.0,0.5333333333333333,0.09166666666666666,nan,0.0,0.0,0.0,0.7297419833332578,0.7323540000037099,0.7888437500049861,0.8139739799976553,120.0,120.0,1.0
2,fafafc5008dd932c27fec409716eb7547c4f3fee,fixed_formation_expert,-1,0,30010815,15,cdfedb0a37a3ff09dd961cb4a2584354,narrow_passage,8,0.0,0.0,1.0,0.0,0.0,6.0,8.0,0.39559856057167053,0.5465805530548096,0.0,0.0,1.0,0.0,0.7337673015892505,1.274585247039795,0.0,0.36666666666666664,0.0,nan,0.0,0.0,0.0,0.7173273999999452,0.7188124999970569,0.7814479500027005,0.8015024400051374,120.0,120.0,1.0
2,fafafc5008dd932c27fec409716eb7547c4f3fee,fixed_formation_expert,-1,0,30010816,16,1e4a1765644073de16e94124389d2a48,narrow_passage,8,0.0,0.0,1.0,0.0,0.0,8.0,0.0,0.3903544843196869,0.5500087141990662,1.0,1.0,1.0,1.0,0.8160343987246355,1.268645167350769,0.0,0.24166666666666667,0.15833333333333333,nan,0.0,0.0,0.0,0.7247305333330919,0.7268334999999126,0.7756997000004873,0.8136100599990215,120.0,120.0,1.0
2,fafafc5008dd932c27fec409716eb7547c4f3fee,fixed_formation_expert,-1,0,30010817,17,09ce9d64b6dc31e641e0a453d0d3c2de,narrow_passage,8,0.0,0.0,1.0,0.0,0.0,2.0,0.0,0.3886784017086029,0.5502045154571533,0.0,0.0,1.0,0.0,0.7664650884767373,1.2479796409606934,0.0,0.36666666666666664,0.0,nan,0.0,0.0,0.0,0.720130174999826,0.7113749999980712,0.7896430999984716,0.87178202000068,120.0,120.0,1.0
2,fafafc5008dd932c27fec409716eb7547c4f3fee,fixed_formation_expert,-1,0,30010818,18,b872b093181cfcc5bf728f321d53d115,narrow_passage,8,0.0,1.0,1.0,0.0,0.0,0.0,0.0,0.40009281039237976,0.5500450134277344,1.0,1.0,1.0,1.0,0.5965128518640995,1.258144497871399,0.0,0.2833333333333333,0.20833333333333334,nan,0.0,0.0,0.0,0.7407035000001727,0.7395209999998542,0.8082103999999646,0.8324315200003696,120.0,120.0,1.0
2,fafafc5008dd932c27fec409716eb7547c4f3fee,fixed_formation_expert,-1,0,30010819,19,2501d76550073819bb55a023b2644e38,narrow_passage,8,0.0,1.0,1.0,0.0,0.0,0.0,0.0,0.40037405490875244,0.55001300573349,0.0,0.0,0.0,0.0,0.7197065865000088,1.2598626613616943,0.0,0.38333333333333336,0.0,nan,0.0,0.0,0.0,0.716425758333313,0.7213750000012453,0.7741437499994674,0.7973297699944482,120.0,120.0,1.0
2,fafafc5008dd932c27fec409716eb7547c4f3fee,fixed_formation_expert,-1,0,30010820,20,36ec80247c2804eeae6b2d659287cb43,narrow_passage,8,0.0,1.0,1.0,0.0,0.0,0.0,0.0,0.40048477053642273,0.5500391125679016,1.0,1.0,1.0,1.0,0.7951348426441351,1.2217564582824707,0.0,0.35833333333333334,0.125,nan,0.0,0.0,0.0,0.7244447666665247,0.7306459999973924,0.7912104500000794,0.8310469399970799,120.0,120.0,1.0
2,fafafc5008dd932c27fec409716eb7547c4f3fee,fixed_formation_expert,-1,0,30010821,21,a74dc2185c7cdcff1761b74c27f8ca13,narrow_passage,8,0.0,0.0,1.0,0.0,0.0,0.0,19.0,0.400264173746109,0.5250495076179504,0.0,0.0,1.0,0.0,0.6325089608629545,1.2235512733459473,0.0,0.425,0.025,nan,0.0,0.0,0.0,0.729736758333388,0.7259165000021994,0.7851106999972046,0.8496677100001193,120.0,120.0,1.0
2,fafafc5008dd932c27fec409716eb7547c4f3fee,fixed_formation_expert,-1,0,30010822,22,a7f473b5813ed1bd216285d83cc89069,narrow_passage,8,0.0,1.0,1.0,0.0,0.0,0.0,0.0,0.40044963359832764,0.5500601530075073,1.0,1.0,1.0,1.0,0.834468721350034,1.2759908437728882,0.0,0.3416666666666667,0.175,nan,0.0,0.0,0.0,0.7194330250002897,0.7236039999973798,0.7988708000009836,0.8242024399962133,120.0,120.0,1.0
2,fafafc5008dd932c27fec409716eb7547c4f3fee,fixed_formation_expert,-1,0,30010823,23,9d70377aa8a497d1f9ff00ea1a6d671c,narrow_passage,8,0.0,0.0,1.0,0.0,0.0,26.0,33.0,0.3821115493774414,0.5081499218940735,0.0,0.0,1.0,0.0,0.6371918258567651,1.2424349784851074,0.0,0.4666666666666667,0.0,nan,0.0,0.0,0.0,0.7242298916663614,0.7226464999980919,0.7730729000027026,0.8194814599968225,120.0,120.0,1.0
2,fafafc5008dd932c27fec409716eb7547c4f3fee,fixed_formation_expert,-1,0,30010824,24,ae77b47a03561f6559f34ce041fe95e9,narrow_passage,8,0.0,0.0,1.0,0.0,0.0,1.0,0.0,0.3960496187210083,0.5500304698944092,0.0,0.0,0.0,0.0,0.6972514788309733,1.2705265283584595,0.0,0.4083333333333333,0.0,nan,0.0,0.0,0.0,0.7228593583333757,0.7215630000025897,0.7899375000022246,0.8183367900016236,120.0,120.0,1.0
2,fafafc5008dd932c27fec409716eb7547c4f3fee,fixed_formation_expert,-1,0,30010825,25,c875c099dd219ea309cb8bf63ca740b5,narrow_passage,8,0.0,0.0,0.0,0.0,0.0,31.0,57.0,0.38634809851646423,0.48454412817955017,0.0,0.0,1.0,1.0,0.6898979395627975,1.248116135597229,0.0,0.325,0.0,nan,0.0,0.0,0.0,0.7329756500001968,0.7324794999981066,0.8018368499936201,0.8271944599950842,120.0,120.0,1.0
2,fafafc5008dd932c27fec409716eb7547c4f3fee,fixed_formation_expert,-1,0,30010826,26,4ef56c59e7e80651307d405ca66fc7d1,narrow_passage,8,0.0,1.0,1.0,0.0,0.0,0.0,0.0,0.40030816197395325,0.5500063896179199,0.0,0.0,0.0,0.0,0.7554119976858298,1.2761204242706299,0.0,0.30833333333333335,0.0,nan,0.0,0.0,0.0,0.7211688250001439,0.7213129999996681,0.7835110499978981,0.858650830002361,120.0,120.0,1.0
2,fafafc5008dd932c27fec409716eb7547c4f3fee,fixed_formation_expert,-1,0,30010827,27,eafce0229a3975db7ca406fed35319ce,narrow_passage,8,0.0,0.0,1.0,0.0,0.0,6.0,5.0,0.3951721489429474,0.5465765595436096,0.0,0.0,1.0,0.0,0.5969245970249176,1.2592021226882935,0.0,0.35833333333333334,0.13333333333333333,nan,0.0,0.0,0.0,0.7371222166665229,0.734228999998976,0.8014729000016985,0.8186299999967872,120.0,120.0,1.0
2,fafafc5008dd932c27fec409716eb7547c4f3fee,fixed_formation_expert,-1,0,30010828,28,bcb7de991bffa3ffcf2811371215fef8,narrow_passage,8,0.0,0.0,1.0,0.0,0.0,0.0,9.0,0.40041714906692505,0.532148003578186,0.0,0.0,1.0,0.0,0.6046622566878795,1.2733830213546753,0.0,0.5833333333333334,0.0,nan,0.0,0.0,0.0,0.7068114583338078,0.71162499999744,0.7971774000019138,0.8121681900044564,120.0,120.0,1.0
2,fafafc5008dd932c27fec409716eb7547c4f3fee,fixed_formation_expert,-1,0,30010829,29,0b5bc056734f69320a61c23910669339,narrow_passage,8,0.0,0.0,1.0,0.0,0.0,0.0,6.0,0.4006766676902771,0.5464258193969727,0.0,0.0,1.0,0.0,0.7128362423429887,1.2582767009735107,0.0,0.35,0.0,nan,0.0,0.0,0.0,0.7240809000001273,0.719937500001322,0.7825597999961075,0.8381145199980011,120.0,120.0,1.0
2,fafafc5008dd932c27fec409716eb7547c4f3fee,gnn_only,0,0,30000400,0,3df8369b1349118143732ee6e6a2d580,open_field,4,0.0,1.0,1.0,0.0,0.0,0.0,0.0,0.40003079175949097,2.174729824066162,0.0,0.0,0.0,0.0,0.689005138228337,0.9970501661300659,1.0,0.26666666666666666,0.0,nan,0.0,0.0,0.0,0.4318760333333671,0.4238544999957128,0.512170850000615,0.5695397500007005,120.0,120.0,1.0
2,fafafc5008dd932c27fec409716eb7547c4f3fee,gnn_only,0,0,30000401,1,2ffb30b22eb6aada08065fc28c6a42b1,open_field,4,0.0,1.0,1.0,0.0,0.0,0.0,0.0,0.4010234475135803,0.7278779745101929,0.0,0.0,0.0,0.0,0.4907293359438578,0.9315100908279419,0.0,0.8,0.0,nan,0.0,0.0,0.0,0.433512500000018,0.42533350000084624,0.4962413499949747,0.5811955600013621,120.0,120.0,1.0
2,fafafc5008dd932c27fec409716eb7547c4f3fee,gnn_only,0,0,30000402,2,281e8a4decc8c75013669b559d3e296e,open_field,4,0.0,1.0,1.0,0.0,0.0,0.0,0.0,0.4002385437488556,0.55030357837677,1.0,1.0,1.0,1.0,0.5198881518095732,0.8581260442733765,1.0,0.4583333333333333,0.15,nan,0.0,0.0,0.0,0.4290854666662014,0.42306249999768397,0.4900312499991344,0.521253500000114,120.0,120.0,1.0
2,fafafc5008dd932c27fec409716eb7547c4f3fee,gnn_only,0,0,30000403,3,7efce30e66fab1e523cfdbb048727dac,open_field,4,1.0,1.0,1.0,0.0,0.0,0.0,0.0,0.4031198024749756,0.5502464175224304,0.0,0.0,0.0,0.0,0.6181047647618331,1.0122582912445068,0.0,0.4519230769230769,0.0,15.6,0.0,0.0,0.0,0.42681693269274434,0.421437499998234,0.4756375000038559,0.504851770000343,104.0,104.0,0.0
2,fafafc5008dd932c27fec409716eb7547c4f3fee,gnn_only,0,0,30000404,4,ed116c4c60d6c2365dc4ae014192dd16,open_field,4,0.0,1.0,1.0,0.0,0.0,0.0,0.0,0.4027620553970337,1.078290581703186,0.0,0.0,0.0,0.0,0.3795416535188754,0.862821638584137,1.0,0.8833333333333333,0.0,nan,0.0,0.0,0.0,0.4276805749997929,0.42279199999839534,0.4763645499984648,0.5285349400027428,120.0,120.0,1.0
2,fafafc5008dd932c27fec409716eb7547c4f3fee,gnn_only,0,0,30000405,5,17b8deb48d08e0d321c583e61aa49969,open_field,4,1.0,1.0,1.0,0.0,0.0,0.0,0.0,0.4033162593841553,1.0179407596588135,0.0,0.0,0.0,0.0,0.48834929286792716,0.9241147041320801,0.0,0.6989247311827957,0.0,13.95,0.0,0.0,0.0,0.4313301612896684,0.4235000000036848,0.4877751999970314,0.5325130000002782,93.0,93.0,0.0
2,fafafc5008dd932c27fec409716eb7547c4f3fee,gnn_only,0,0,30000406,6,60e1dd33138a9e28a44f6ddeb95649ad,open_field,4,0.0,1.0,1.0,0.0,0.0,0.0,0.0,0.4005887508392334,0.5514400005340576,0.0,0.0,0.0,0.0,0.5766572556147973,0.9861495494842529,0.0,0.475,0.0,nan,0.0,0.0,0.0,0.4301937416663293,0.42425000000179125,0.4935461500011229,0.5234102099955606,120.0,120.0,1.0
2,fafafc5008dd932c27fec409716eb7547c4f3fee,gnn_only,0,0,30000407,7,266c5f48ab2fe4267faf99218ed0a78a,open_field,4,0.0,1.0,1.0,0.0,0.0,0.0,0.0,0.40046536922454834,0.5567124485969543,0.0,0.0,0.0,0.0,0.5320432440688213,0.8756520748138428,0.0,0.6166666666666667,0.0,nan,0.0,0.0,0.0,0.43157362500014784,0.42614550000052986,0.48443930000239277,0.5235179999962725,120.0,120.0,1.0
2,fafafc5008dd932c27fec409716eb7547c4f3fee,gnn_only,0,0,30000408,8,ff35cc941eceb53f04f967a717a5dc3f,open_field,4,0.0,1.0,1.0,0.0,0.0,0.0,0.0,0.4013921618461609,0.5500580072402954,0.0,0.0,0.0,0.0,0.6922509394586086,1.0757261514663696,0.0,0.2916666666666667,0.0,nan,0.0,0.0,0.0,0.4284079749999374,0.42195849999870916,0.4888014499954352,0.5261192299990826,120.0,120.0,1.0
2,fafafc5008dd932c27fec409716eb7547c4f3fee,gnn_only,0,0,30000409,9,a015dfb474e9aca281f4849d5c5c1054,open_field,4,0.0,1.0,1.0,0.0,0.0,0.0,0.0,0.40120577812194824,0.7095012068748474,0.0,0.0,0.0,0.0,0.6800594216833512,0.9445536732673645,0.0,0.3,0.0,nan,0.0,0.0,0.0,0.4338718583335677,0.42624999999674174,0.49932355000450457,0.5410307500042678,120.0,120.0,1.0
2,fafafc5008dd932c27fec409716eb7547c4f3fee,gnn_only,0,0,30000410,10,a099161f9dd311fa4096e19eab5ebe91,open_field,4,0.0,1.0,1.0,0.0,0.0,0.0,0.0,0.40048903226852417,1.0690431594848633,1.0,1.0,1.0,1.0,0.5749073788523674,0.9345230460166931,0.0,0.5083333333333333,0.058333333333333334,nan,0.0,0.0,0.0,0.43817574999967707,0.4252709999938986,0.501811049996803,0.6215902100021253,120.0,120.0,1.0
2,fafafc5008dd932c27fec409716eb7547c4f3fee,gnn_only,0,0,30000411,11,4e040629bb644321b78208dadbd79ce5,open_field,4,0.0,1.0,1.0,0.0,0.0,0.0,0.0,0.400389701128006,1.09827721118927,0.0,0.0,0.0,0.0,0.4806867620597283,0.9408948421478271,0.0,0.675,0.0,nan,0.0,0.0,0.0,0.43371800000044186,0.4276250000003756,0.4980580500046017,0.5714349399993068,120.0,120.0,1.0
2,fafafc5008dd932c27fec409716eb7547c4f3fee,gnn_only,0,0,30000412,12,6801432fcfd74e954fdf32b0a5aef517,open_field,4,1.0,1.0,1.0,0.0,0.0,0.0,0.0,0.4000946283340454,1.6420482397079468,0.0,0.0,0.0,0.0,0.6177306173901472,0.9604331254959106,0.0,0.24107142857142858,0.0,16.8,0.0,0.0,0.0,0.4282478035713133,0.4224789999973666,0.4949312499970659,0.5222763700006539,112.0,112.0,0.0
2,fafafc5008dd932c27fec409716eb7547c4f3fee,gnn_only,0,0,30000413,13,8289d8ae91cf9e5bb01568067b5196f8,open_field,4,1.0,1.0,1.0,1.0,1.0,0.0,0.0,0.400424063205719,1.7138229608535767,0.0,0.0,0.0,0.0,0.574521133005619,0.8833503723144531,1.0,0.35,0.0,15.0,0.0,0.0,0.0,0.42846167000028856,0.41966649999736205,0.4958746999975005,0.5508185100063665,100.0,100.0,0.0
2,fafafc5008dd932c27fec409716eb7547c4f3fee,gnn_only,0,0,30000414,14,9b47bcb199997ad100078ae6b943dd69,open_field,4,1.0,1.0,1.0,0.0,0.0,0.0,0.0,0.40083783864974976,0.6385394930839539,0.0,0.0,0.0,0.0,0.4911920756402642,0.8586196303367615,0.0,0.5050505050505051,0.0,14.85,0.0,0.0,0.0,0.42800625252509106,0.4235829999998941,0.4695371999986264,0.5485961599974587,99.0,99.0,0.0
2,fafafc5008dd932c27fec409716eb7547c4f3fee,gnn_only,0,0,30000415,15,8d7d9e90022c95a6e102d9502dbd4463,open_field,4,1.0,1.0,1.0,0.0,0.0,0.0,0.0,0.40195029973983765,1.4051098823547363,0.0,0.0,0.0,0.0,0.5556444277830213,0.9436744451522827,0.0,0.4485981308411215,0.0,16.05,0.0,0.0,0.0,0.4272632897197904,0.42291700000163246,0.49232929999547526,0.5094144599959805,107.0,107.0,0.0
2,fafafc5008dd932c27fec409716eb7547c4f3fee,gnn_only,0,0,30000416,16,28662af30e0397dea0bb832a7d65d6b7,open_field,4,1.0,1.0,1.0,0.0,0.0,0.0,0.0,0.40021419525146484,1.7967532873153687,0.0,0.0,0.0,0.0,0.5834855950222566,0.8814824223518372,0.0,0.3076923076923077,0.0,15.6,0.0,0.0,0.0,0.4252720384609887,0.42133350000028713,0.48111869999871715,0.499016239997232,104.0,104.0,0.0
2,fafafc5008dd932c27fec409716eb7547c4f3fee,gnn_only,0,0,30000417,17,46d6f3d08b9a69dc252b9eef8ac4d19b,open_field,4,1.0,1.0,1.0,0.0,0.0,0.0,0.0,0.4007776379585266,0.5858412384986877,0.0,0.0,0.0,0.0,0.6013951586752102,0.8926193118095398,0.0,0.4482758620689655,0.0,17.4,0.0,0.0,0.0,0.4262241206897072,0.42272949999855314,0.48140675000141187,0.5431793999981948,116.0,116.0,0.0
2,fafafc5008dd932c27fec409716eb7547c4f3fee,gnn_only,0,0,30000418,18,72175b304300fa10213f93b8eabcba9d,open_field,4,0.0,1.0,1.0,0.0,0.0,0.0,0.0,0.40198957920074463,0.550046443939209,0.0,0.0,0.0,0.0,0.41612308075030646,0.8846232891082764,1.0,0.8916666666666667,0.0,nan,0.0,0.0,0.0,0.4252357499998638,0.422603999997051,0.48289404999977137,0.49851804000212496,120.0,120.0,1.0
2,fafafc5008dd932c27fec409716eb7547c4f3fee,gnn_only,0,0,30000419,19,3b6095e780b078d042329a0e24e15e3c,open_field,4,1.0,1.0,1.0,0.0,0.0,0.0,0.0,0.4020802676677704,1.3514697551727295,0.0,0.0,0.0,0.0,0.5466151261570478,0.8649875521659851,0.0,0.35353535353535354,0.0,14.85,0.0,0.0,0.0,0.4230908484847524,0.4187080000050969,0.4841538000043499,0.5002433400019868,99.0,99.0,0.0
2,fafafc5008dd932c27fec409716eb7547c4f3fee,gnn_only,0,0,30000420,20,b1f68c18b15f5b21b58a4dd915212b12,open_field,4,0.0,1.0,1.0,0.0,0.0,0.0,0.0,0.4058607220649719,0.5530683994293213,1.0,1.0,1.0,1.0,0.5239105687787136,0.9090448021888733,0.0,0.65,0.16666666666666666,nan,0.0,0.0,0.0,0.4276104666669056,0.4215625000014711,0.48596214999889753,0.5212281900021055,120.0,120.0,1.0
2,fafafc5008dd932c27fec409716eb7547c4f3fee,gnn_only,0,0,30000421,21,9113f5c6b08cf0e9b6fe6c2072d15b80,open_field,4,1.0,1.0,1.0,0.0,0.0,0.0,0.0,0.4005762040615082,0.5510603785514832,0.0,0.0,0.0,0.0,0.5011855319851921,0.9370980858802795,0.0,0.6,0.0,15.75,0.0,0.0,0.0,0.42362817142865034,0.4177080000005162,0.49067540000322646,0.531573680002566,105.0,105.0,0.0
2,fafafc5008dd932c27fec409716eb7547c4f3fee,gnn_only,0,0,30000422,22,fe52e4896581b5706e90ce2bd7f0aca4,open_field,4,1.0,1.0,1.0,0.0,0.0,0.0,0.0,0.4052591621875763,0.5519619584083557,0.0,0.0,0.0,0.0,0.5406617015027083,0.8978757262229919,0.0,0.4807692307692308,0.0,15.6,0.0,0.0,0.0,0.4266867307686986,0.41893749999744045,0.5078187499968578,0.5225302100021878,104.0,104.0,0.0
2,fafafc5008dd932c27fec409716eb7547c4f3fee,gnn_only,0,0,30000423,23,b7879310dfc1e8da931760547c80b98e,open_field,4,0.0,1.0,1.0,0.0,0.0,0.0,0.0,0.40160372853279114,0.5550702810287476,1.0,1.0,1.0,1.0,0.581799657891194,1.0300019979476929,0.0,0.525,0.18333333333333332,nan,0.0,0.0,0.0,0.4251819666669358,0.42006250000170553,0.48562325000034434,0.5084559799981037,120.0,120.0,1.0
2,fafafc5008dd932c27fec409716eb7547c4f3fee,gnn_only,0,0,30000424,24,a20d3b4ec5c708260fd4db3728aa09d6,open_field,4,0.0,1.0,1.0,0.0,0.0,0.0,0.0,0.40413129329681396,0.9753311276435852,1.0,1.0,1.0,1.0,0.4733591556549072,0.8930137157440186,1.0,0.7583333333333333,0.23333333333333334,nan,0.0,0.0,0.0,0.42988436666681434,0.4255625000020302,0.48527290000421885,0.6106789599996177,120.0,120.0,1.0
2,fafafc5008dd932c27fec409716eb7547c4f3fee,gnn_only,0,0,30000425,25,ab77a6a4020b32f10c3e00560beb4eb4,open_field,4,1.0,1.0,1.0,0.0,0.0,0.0,0.0,0.40805360674858093,2.3979811668395996,0.0,0.0,0.0,0.0,0.5233977592580921,0.8855962157249451,0.0,0.5054945054945055,0.0,13.65,0.0,0.0,0.0,0.4267083736264512,0.42074999999641705,0.4789999999985639,0.5464664000029984,91.0,91.0,0.0
2,fafafc5008dd932c27fec409716eb7547c4f3fee,gnn_only,0,0,30000426,26,22a99c05def940b35c91f654a2d68a01,open_field,4,1.0,1.0,1.0,0.0,0.0,0.0,0.0,0.4022458493709564,2.3767054080963135,0.0,0.0,0.0,0.0,0.6100736056577485,0.900514543056488,0.0,0.3113207547169811,0.0,15.899999999999999,0.0,0.0,0.0,0.42933688679276427,0.42372850000305107,0.4872920000007497,0.5351006499974886,106.0,106.0,0.0
2,fafafc5008dd932c27fec409716eb7547c4f3fee,gnn_only,0,0,30000427,27,cf5949e950be793b5ce574055971c149,open_field,4,1.0,1.0,1.0,1.0,1.0,0.0,0.0,0.4079902172088623,2.011385679244995,0.0,0.0,0.0,0.0,0.5732505155934228,0.8896563053131104,1.0,0.3939393939393939,0.0,14.85,0.0,0.0,0.0,0.4243075757578149,0.4173329999943576,0.4849795000012591,0.49887666000500985,99.0,99.0,0.0
2,fafafc5008dd932c27fec409716eb7547c4f3fee,gnn_only,0,0,30000428,28,962852f67956010221222b176a711ea9,open_field,4,0.0,1.0,1.0,0.0,0.0,0.0,0.0,0.400613933801651,1.787692904472351,0.0,0.0,0.0,0.0,0.4094260240594546,0.8712487816810608,1.0,0.875,0.0,nan,0.0,0.0,0.0,0.4236082916670251,0.41933350000178393,0.46477020000068586,0.5009654799965801,120.0,120.0,1.0
2,fafafc5008dd932c27fec409716eb7547c4f3fee,gnn_only,0,0,30000429,29,895b15aa3428b9c110423c2c175d55d7,open_field,4,1.0,1.0,1.0,0.0,0.0,0.0,0.0,0.4003337621688843,1.7253237962722778,0.0,0.0,0.0,0.0,0.5690347495460019,0.9075413942337036,0.0,0.422680412371134,0.0,14.549999999999999,0.0,0.0,0.0,0.42736890721674115,0.42249999999910415,0.47879100000187685,0.5185610400005201,97.0,97.0,0.0
2,fafafc5008dd932c27fec409716eb7547c4f3fee,gnn_only,0,0,30000800,0,6824b8fcf731971179ae8b1f3745f973,open_field,8,0.0,1.0,1.0,0.0,0.0,0.0,0.0,0.40002503991127014,0.5506088137626648,0.0,0.0,0.0,0.0,0.6159256741404533,1.3828539848327637,0.0,0.475,0.0,nan,0.0,0.0,0.0,1.0228304999998272,1.0091459999976848,1.1876996499974979,1.2387514599983263,120.0,120.0,1.0
2,fafafc5008dd932c27fec409716eb7547c4f3fee,gnn_only,0,0,30000801,1,35f2108c56109b5c0b0ec12106ca4450,open_field,8,0.0,1.0,1.0,0.0,0.0,0.0,0.0,0.4000784754753113,0.559999942779541,0.0,0.0,0.0,0.0,0.6230343629916509,1.3793648481369019,0.0,0.5416666666666666,0.0,nan,0.0,0.0,0.0,1.0004635250001688,0.9799790000002417,1.1583285500041285,1.2248297699972,120.0,120.0,1.0
2,fafafc5008dd932c27fec409716eb7547c4f3fee,gnn_only,0,0,30000802,2,edb1566ab8e7bb9e336b1c919a5f9a1d,open_field,8,1.0,1.0,1.0,0.0,0.0,0.0,0.0,0.40006130933761597,1.2872973680496216,0.0,0.0,0.0,0.0,0.8089438136851433,1.3645429611206055,0.0,0.2079207920792079,0.0,15.149999999999999,0.0,0.0,0.0,1.0099958811878478,0.9955409999946596,1.1337910000008833,1.1866249999954448,101.0,101.0,0.0
2,fafafc5008dd932c27fec409716eb7547c4f3fee,gnn_only,0,0,30000803,3,e82df9f1e8113bd0903d3b567da2cb10,open_field,8,0.0,1.0,1.0,0.0,0.0,0.0,0.0,0.4001239538192749,0.5501075387001038,0.0,0.0,0.0,0.0,0.9668350870410601,1.4053689241409302,0.0,0.15,0.0,nan,0.0,0.0,0.0,0.99678819999968,0.9871044999982814,1.1300086500000361,1.1882770200014647,120.0,120.0,1.0
2,fafafc5008dd932c27fec409716eb7547c4f3fee,gnn_only,0,0,30000804,4,2560751cd17f87e1f2d0e971019c7487,open_field,8,0.0,1.0,1.0,0.0,0.0,0.0,0.0,0.4024031460285187,0.5501264929771423,1.0,1.0,1.0,1.0,0.7281765073537827,1.4210176467895508,0.0,0.09166666666666666,0.225,nan,0.0,0.0,0.0,1.005626766666386,0.9918754999986845,1.1358336499998956,1.1801375000013792,120.0,120.0,1.0
2,fafafc5008dd932c27fec409716eb7547c4f3fee,gnn_only,0,0,30000805,5,cde3152089380e9fbb3171f9d86e0516,open_field,8,1.0,1.0,1.0,0.0,0.0,0.0,0.0,0.40149733424186707,0.5508413314819336,0.0,0.0,0.0,0.0,0.7240655316874899,1.3940492868423462,0.0,0.3620689655172414,0.0,17.4,0.0,0.0,0.0,1.0091261034476222,0.9961040000021626,1.1332187499988322,1.1895267999946666,116.0,116.0,0.0
2,fafafc5008dd932c27fec409716eb7547c4f3fee,gnn_only,0,0,30000806,6,6e248afafe4030f081c9bef3b738bff2,open_field,8,1.0,1.0,1.0,0.0,0.0,0.0,0.0,0.4020153880119324,0.550036609172821,0.0,0.0,0.0,0.0,0.7231925779634768,1.4056010246276855,0.0,0.45045045045045046,0.0,16.65,0.0,0.0,0.0,1.001953414414542,0.9934579999963944,1.119312499998415,1.1385494000009544,111.0,111.0,0.0
2,fafafc5008dd932c27fec409716eb7547c4f3fee,gnn_only,0,0,30000807,7,fdf6829bd2fecd96268fb3ffdca7d51f,open_field,8,0.0,1.0,1.0,0.0,0.0,0.0,0.0,0.4012584388256073,0.5504860281944275,0.0,0.0,0.0,0.0,0.6841181295613448,1.4102208614349365,0.0,0.25833333333333336,0.0,nan,0.0,0.0,0.0,1.0044437333328087,0.9965830000027154,1.121018100004889,1.1789367300003306,120.0,120.0,1.0
2,fafafc5008dd932c27fec409716eb7547c4f3fee,gnn_only,0,0,30000808,8,7949c6e49fce60209c600cdb0ade942b,open_field,8,1.0,1.0,1.0,0.0,0.0,0.0,0.0,0.4007071256637573,0.9012609720230103,0.0,0.0,0.0,0.0,0.7036660516515691,1.4106059074401855,0.0,0.23404255319148937,0.0,14.1,0.0,0.0,0.0,1.003388680851322,0.9893954999995458,1.152764150000607,1.187347629997646,94.0,94.0,0.0
2,fafafc5008dd932c27fec409716eb7547c4f3fee,gnn_only,0,0,30000809,9,20ac46aa154658a51686dad07ca87857,open_field,8,0.0,0.0,1.0,0.0,0.0,1.0,0.0,0.39507395029067993,0.5501833558082581,0.0,0.0,0.0,0.0,0.5874660929044088,1.3668309450149536,0.0,0.5833333333333334,0.0,nan,0.0,0.0,0.0,1.0121169666666912,1.000103999999169,1.1663753000011212,1.2695337500010597,120.0,120.0,1.0
2,fafafc5008dd932c27fec409716eb7547c4f3fee,gnn_only,0,0,30000810,10,af5ccd2e9ca6d92d6f1b3a9cc1e1ea48,open_field,8,0.0,1.0,1.0,0.0,0.0,0.0,0.0,0.4011618196964264,1.2586021423339844,0.0,0.0,0.0,0.0,0.7530567675828934,1.374617099761963,0.0,0.175,0.0,nan,0.0,0.0,0.0,1.0094228749992478,0.9954169999986107,1.1661440499956655,1.2308120000005118,120.0,120.0,1.0
2,fafafc5008dd932c27fec409716eb7547c4f3fee,gnn_only,0,0,30000811,11,d340fcb1b5d6fc7f8fe383c81ce35026,open_field,8,1.0,1.0,1.0,0.0,0.0,0.0,0.0,0.40236759185791016,0.5600000023841858,0.0,0.0,0.0,0.0,0.7357525076341191,1.4300386905670166,0.0,0.26605504587155965,0.0,16.349999999999998,0.0,0.0,0.0,0.9948268990826464,0.9876670000039667,1.1118836000008514,1.1709352800002648,109.0,109.0,0.0
2,fafafc5008dd932c27fec409716eb7547c4f3fee,gnn_only,0,0,30000812,12,9d47d06cb84a80fd463c23047a99b9e8,open_field,8,1.0,1.0,1.0,0.0,0.0,0.0,0.0,0.40095895528793335,0.5503301620483398,0.0,0.0,0.0,0.0,0.7861243159111057,1.4028167724609375,0.0,0.29464285714285715,0.0,16.8,0.0,0.0,0.0,0.9971317053573284,0.9783540000043445,1.1206393999998454,1.2204773800002044,112.0,112.0,0.0
2,fafafc5008dd932c27fec409716eb7547c4f3fee,gnn_only,0,0,30000813,13,80ad18d8a66635759d09df0b7ea67336,open_field,8,0.0,1.0,1.0,0.0,0.0,0.0,0.0,0.40004488825798035,0.5500183701515198,0.0,0.0,0.0,0.0,0.8348027005791664,1.528826117515564,0.0,0.36666666666666664,0.0,nan,0.0,0.0,0.0,1.0083281166661944,0.9964160000031086,1.1442455499945936,1.210168750004712,120.0,120.0,1.0
2,fafafc5008dd932c27fec409716eb7547c4f3fee,gnn_only,0,0,30000814,14,f146ea0bbdaf6eaeea35d47ded024e50,open_field,8,0.0,1.0,1.0,0.0,0.0,0.0,0.0,0.4003428816795349,0.5500129461288452,0.0,0.0,0.0,0.0,0.7765163759390513,1.4240802526474,0.0,0.2,0.0,nan,0.0,0.0,0.0,1.0133062250002804,0.9944374999975025,1.137681249998579,1.2189906899991598,120.0,120.0,1.0
2,fafafc5008dd932c27fec409716eb7547c4f3fee,gnn_only,0,0,30000815,15,b15e1d4656032b7c98dcbbe3a9845b89,open_field,8,0.0,1.0,1.0,0.0,0.0,0.0,0.0,0.4007530212402344,1.2542426586151123,0.0,0.0,0.0,0.0,0.8683987279733022,1.3623747825622559,0.0,0.075,0.0,nan,0.0,0.0,0.0,1.0159448250002256,1.0143334999987985,1.1348145999996007,1.185789000003723,120.0,120.0,1.0
2,fafafc5008dd932c27fec409716eb7547c4f3fee,gnn_only,0,0,30000816,16,0e02833d827dbe9238ac8eaf7aaf1693,open_field,8,1.0,1.0,1.0,0.0,0.0,0.0,0.0,0.40009570121765137,0.6130722761154175,0.0,0.0,0.0,0.0,0.716193437576294,1.3723833560943604,0.0,0.17647058823529413,0.0,15.299999999999999,0.0,0.0,0.0,1.0155776372547964,1.0008540000008281,1.1494628500003046,1.2098963400039509,102.0,102.0,0.0
2,fafafc5008dd932c27fec409716eb7547c4f3fee,gnn_only,0,0,30000817,17,71cfeecf3a9e8d0d94ac9bda1790bb95,open_field,8,0.0,1.0,1.0,0.0,0.0,0.0,0.0,0.4000244736671448,0.5501266717910767,0.0,0.0,0.0,0.0,0.7209820953508218,1.4006534814834595,0.0,0.275,0.0,nan,0.0,0.0,0.0,1.0080253166667792,1.006499999999022,1.137206850006578,1.177510000000197,120.0,120.0,1.0
2,fafafc5008dd932c27fec409716eb7547c4f3fee,gnn_only,0,0,30000818,18,cdb34ae03e094397f83fe601935fdbc5,open_field,8,0.0,1.0,1.0,0.0,0.0,0.0,0.0,0.4000832140445709,0.5502594709396362,0.0,0.0,0.0,0.0,0.5839780526856582,1.4213203191757202,0.0,0.6583333333333333,0.03333333333333333,nan,0.0,0.0,0.0,1.0088902500000312,0.9996665000002736,1.1324395999988468,1.1633587500034537,120.0,120.0,1.0
2,fafafc5008dd932c27fec409716eb7547c4f3fee,gnn_only,0,0,30000819,19,dfd93c099689cf7b394dbf6c740fab5a,open_field,8,0.0,1.0,1.0,0.0,0.0,0.0,0.0,0.40070104598999023,1.6538307666778564,0.0,0.0,0.0,0.0,0.7618168716629347,1.4233601093292236,0.0,0.20833333333333334,0.0,nan,0.0,0.0,0.0,1.0273201500001623,1.015979000001721,1.187816350003601,1.2239927699980768,120.0,120.0,1.0
2,fafafc5008dd932c27fec409716eb7547c4f3fee,gnn_only,0,0,30000820,20,237d84ab9991a8ce69874260767699e1,open_field,8,0.0,1.0,1.0,0.0,0.0,0.0,0.0,0.40143144130706787,0.5505831837654114,0.0,0.0,0.0,0.0,0.8399642517169317,1.7557440996170044,0.0,0.31666666666666665,0.0,nan,0.0,0.0,0.0,1.0151232666664474,0.9995834999969588,1.1513461499966127,1.1973830000046348,120.0,120.0,1.0
2,fafafc5008dd932c27fec409716eb7547c4f3fee,gnn_only,0,0,30000821,21,58ba9338b4fded27f8075a3f19b382bc,open_field,8,0.0,1.0,1.0,0.0,0.0,0.0,0.0,0.4004001319408417,1.2747019529342651,0.0,0.0,0.0,0.0,0.6654746410747369,1.3800954818725586,0.0,0.55,0.0,nan,0.0,0.0,0.0,1.0260347083334527,1.0069580000049427,1.2020119000009544,1.2768027299991758,120.0,120.0,1.0
2,fafafc5008dd932c27fec409716eb7547c4f3fee,gnn_only,0,0,30000822,22,eb254dd85d25dbba80f0b936fa4aa639,open_field,8,0.0,1.0,1.0,0.0,0.0,0.0,0.0,0.40018799901008606,1.4076422452926636,0.0,0.0,0.0,0.0,0.7564439497888088,1.4192463159561157,0.0,0.15,0.03333333333333333,nan,0.0,0.0,0.0,1.0211309083334896,1.0193745000002252,1.142012499994749,1.2071359600005138,120.0,120.0,1.0
2,fafafc5008dd932c27fec409716eb7547c4f3fee,gnn_only,0,0,30000823,23,f07fa1773f863004bc433b608bc48102,open_field,8,0.0,0.0,1.0,0.0,0.0,1.0,0.0,0.39641764760017395,0.5501075387001038,0.0,0.0,0.0,0.0,0.8105126837889354,1.4062031507492065,0.0,0.375,0.0,nan,0.0,0.0,0.0,1.014021524999779,1.0006254999979092,1.1423170000043115,1.2549144400032475,120.0,120.0,1.0
2,fafafc5008dd932c27fec409716eb7547c4f3fee,gnn_only,0,0,30000824,24,463b21ad76eb7a9bdcb3708067396070,open_field,8,0.0,1.0,1.0,0.0,0.0,0.0,0.0,0.4000760316848755,0.5507391691207886,0.0,0.0,0.0,0.0,0.6845468352238337,1.4139686822891235,0.0,0.425,0.0,nan,0.0,0.0,0.0,1.0103267249996033,0.9941874999981337,1.1222999999962013,1.1726477699981075,120.0,120.0,1.0
2,fafafc5008dd932c27fec409716eb7547c4f3fee,gnn_only,0,0,30000825,25,3bf05767ffe64f342a97d7d849f354be,open_field,8,0.0,1.0,1.0,0.0,0.0,0.0,0.0,0.40005284547805786,0.5501021146774292,0.0,0.0,0.0,0.0,0.7173959503571192,1.3686909675598145,0.0,0.375,0.0,nan,0.0,0.0,0.0,1.0120593333327932,0.9977499999997974,1.1220065499990994,1.1793137699967815,120.0,120.0,1.0
2,fafafc5008dd932c27fec409716eb7547c4f3fee,gnn_only,0,0,30000826,26,21a5a5a76ae8b09348d093396fda28ba,open_field,8,0.0,0.0,1.0,0.0,0.0,2.0,0.0,0.3937264084815979,0.5500321388244629,0.0,0.0,0.0,0.0,0.8039485801011323,1.4038426876068115,0.0,0.325,0.0,nan,0.0,0.0,0.0,1.0162434000000313,1.0002494999987732,1.1806726000006762,1.2636157699997599,120.0,120.0,1.0
2,fafafc5008dd932c27fec409716eb7547c4f3fee,gnn_only,0,0,30000827,27,b44ce2bd59bdf2d45b6eeda76cdfc6f4,open_field,8,0.0,1.0,1.0,0.0,0.0,0.0,0.0,0.40266820788383484,1.3441261053085327,1.0,1.0,1.0,1.0,0.7935785946746667,1.3782618045806885,0.0,0.225,0.23333333333333334,nan,0.0,0.0,0.0,1.002811399999537,0.9818545000008783,1.1497839999968562,1.1763841699985988,120.0,120.0,1.0
2,fafafc5008dd932c27fec409716eb7547c4f3fee,gnn_only,0,0,30000828,28,78929d1db6f254964a85ea6adc3ef974,open_field,8,0.0,1.0,1.0,0.0,0.0,0.0,0.0,0.40001529455184937,0.5507298111915588,0.0,0.0,0.0,0.0,0.7240238686402639,1.4570152759552002,0.0,0.31666666666666665,0.0,nan,0.0,0.0,0.0,1.0069021000001992,0.9957500000012942,1.1382506000046533,1.2022792299989504,120.0,120.0,1.0
2,fafafc5008dd932c27fec409716eb7547c4f3fee,gnn_only,0,0,30000829,29,01f5c1670295daaa594a5c5bbf6e8d4d,open_field,8,0.0,1.0,1.0,0.0,0.0,0.0,0.0,0.4002865254878998,0.5501205325126648,0.0,0.0,0.0,0.0,0.8454124567409357,1.4166500568389893,0.0,0.3,0.0,nan,0.0,0.0,0.0,1.0127229583334934,0.9985414999995612,1.1361944000025659,1.1660670199999856,120.0,120.0,1.0
2,fafafc5008dd932c27fec409716eb7547c4f3fee,gnn_only,0,0,30010400,0,31579f3494bdeac66e4eab6c52b74603,narrow_passage,4,1.0,1.0,1.0,0.0,0.0,0.0,0.0,0.40322259068489075,0.5539541244506836,0.0,0.0,0.0,0.0,0.5775744012504254,0.9502969980239868,0.0,0.4339622641509434,0.0,15.899999999999999,0.0,0.0,0.0,0.5546933679247339,0.5493750000020725,0.6233747500008491,0.658737200000914,106.0,106.0,0.0
2,fafafc5008dd932c27fec409716eb7547c4f3fee,gnn_only,0,0,30010401,1,9e782a1e714588d2665b89fd51618725,narrow_passage,4,0.0,0.0,1.0,0.0,0.0,0.0,5.0,0.4010850191116333,0.5385342836380005,0.0,0.0,1.0,0.0,0.6906219938149055,1.0861083269119263,0.0,0.39166666666666666,0.09166666666666666,nan,0.0,0.0,0.0,0.5552576249999793,0.550479500002865,0.6172205000012809,0.6393959600003285,120.0,120.0,1.0
2,fafafc5008dd932c27fec409716eb7547c4f3fee,gnn_only,0,0,30010402,2,f8f4b9889382b01a5e46e272d42ae713,narrow_passage,4,0.0,0.0,1.0,0.0,0.0,2.0,0.0,0.38864949345588684,0.5500962734222412,0.0,0.0,0.0,0.0,0.6442448620994886,0.9960376024246216,0.0,0.39166666666666666,0.0,nan,0.0,0.0,0.0,0.559212166666434,0.5525835000028678,0.6372253499943525,0.7228932099972953,120.0,120.0,1.0
2,fafafc5008dd932c27fec409716eb7547c4f3fee,gnn_only,0,0,30010403,3,e992e8070e9906848eb7ef3e2336ff29,narrow_passage,4,0.0,1.0,1.0,0.0,0.0,0.0,0.0,0.40086114406585693,0.5500071048736572,1.0,1.0,1.0,1.0,0.4530232929935058,0.8964649438858032,1.0,0.8583333333333333,0.2833333333333333,nan,0.0,0.0,0.0,0.5702840499999695,0.5592085000003522,0.6476145999997129,0.6978415000003224,120.0,120.0,1.0
2,fafafc5008dd932c27fec409716eb7547c4f3fee,gnn_only,0,0,30010404,4,05a35d733f2a99635553db47e869cb1a,narrow_passage,4,0.0,0.0,1.0,0.0,0.0,22.0,0.0,0.3914811909198761,0.5500050783157349,0.0,0.0,0.0,0.0,0.5388518381863833,0.9514080882072449,1.0,0.55,0.1,nan,0.0,0.0,0.0,0.6367527749997492,0.5677090000020257,0.9405080000014719,1.9759170799957817,120.0,120.0,1.0
2,fafafc5008dd932c27fec409716eb7547c4f3fee,gnn_only,0,0,30010405,5,c07fe30cc73f56e6ad439c4f55d5f03a,narrow_passage,4,0.0,0.0,1.0,0.0,0.0,2.0,0.0,0.39110347628593445,0.5500453114509583,0.0,0.0,1.0,0.0,0.5824898091455301,0.8873122930526733,1.0,0.36666666666666664,0.10833333333333334,nan,0.0,0.0,0.0,0.5664146166665773,0.559458499999721,0.6334562499993979,0.6924497699970545,120.0,120.0,1.0
2,fafafc5008dd932c27fec409716eb7547c4f3fee,gnn_only,0,0,30010406,6,d1e390e2f3cc3119b04963150a0c0c72,narrow_passage,4,0.0,0.0,1.0,0.0,0.0,1.0,0.0,0.3990688920021057,0.5501149296760559,0.0,0.0,0.0,0.0,0.4774407196169098,0.8317726254463196,1.0,0.7416666666666667,0.14166666666666666,nan,0.0,0.0,0.0,0.5643638999998757,0.5598125000005894,0.6196145999989966,0.6631784800013207,120.0,120.0,1.0
2,fafafc5008dd932c27fec409716eb7547c4f3fee,gnn_only,0,0,30010407,7,c87ae162d62cb46d774be635ee84cfdb,narrow_passage,4,0.0,1.0,1.0,0.0,0.0,0.0,0.0,0.4005122482776642,0.5500373840332031,0.0,0.0,0.0,0.0,0.4772119207928578,0.8848448395729065,1.0,0.8583333333333333,0.0,nan,0.0,0.0,0.0,0.5613472250002971,0.5574374999959275,0.6081402000024382,0.6606014600027521,120.0,120.0,1.0
2,fafafc5008dd932c27fec409716eb7547c4f3fee,gnn_only,0,0,30010408,8,9d39b02b55b2135b171fd6209c5c1c61,narrow_passage,4,0.0,1.0,1.0,0.0,0.0,0.0,0.0,0.40139663219451904,0.5540053844451904,1.0,1.0,1.0,1.0,0.48118827641010287,0.9074962139129639,1.0,0.6416666666666667,0.225,nan,0.0,0.0,0.0,0.5599319999994634,0.553312499995684,0.6257586500012735,0.6842132500003828,120.0,120.0,1.0
2,fafafc5008dd932c27fec409716eb7547c4f3fee,gnn_only,0,0,30010409,9,9ef3391207c932ddafb5f3a827cd2ad4,narrow_passage,4,0.0,1.0,1.0,0.0,0.0,0.0,0.0,0.4001060724258423,0.5500048398971558,0.0,0.0,0.0,0.0,0.34366373202453054,0.9139670729637146,1.0,0.9,0.24166666666666667,nan,0.0,0.0,0.0,0.5627916750003218,0.5564999999982945,0.6146142500011109,0.6704527300006902,120.0,120.0,1.0
2,fafafc5008dd932c27fec409716eb7547c4f3fee,gnn_only,0,0,30010410,10,b1f5a0afd844c19f5e884872e40c0be4,narrow_passage,4,0.0,1.0,1.0,0.0,0.0,0.0,0.0,0.4002339541912079,0.5500655174255371,1.0,1.0,1.0,1.0,0.699473221724232,1.2681949138641357,0.0,0.475,0.14166666666666666,nan,0.0,0.0,0.0,0.5583444250001198,0.5506454999988364,0.6318249999971215,0.6565894400007011,120.0,120.0,1.0
2,fafafc5008dd932c27fec409716eb7547c4f3fee,gnn_only,0,0,30010411,11,1b597f4a288c7ac39f7b8e6bad1857b6,narrow_passage,4,1.0,1.0,1.0,1.0,1.0,0.0,0.0,0.4083194136619568,0.5516831874847412,0.0,0.0,0.0,0.0,0.5154371040337014,0.8433646559715271,1.0,0.6060606060606061,0.0,14.85,0.0,0.0,0.0,0.5539671414138759,0.5504159999958347,0.6279836999958377,0.6406174999962388,99.0,99.0,0.0
2,fafafc5008dd932c27fec409716eb7547c4f3fee,gnn_only,0,0,30010412,12,047c0d2c12f23856da7ee4959599ac02,narrow_passage,4,1.0,1.0,1.0,0.0,0.0,0.0,0.0,0.40286320447921753,0.5527093410491943,0.0,0.0,0.0,0.0,0.49305730974562817,0.8975441455841064,0.0,0.616822429906542,0.0,16.05,0.0,0.0,0.0,0.5572274299066536,0.5536660000018401,0.6180251000003522,0.6428064399969458,107.0,107.0,0.0
2,fafafc5008dd932c27fec409716eb7547c4f3fee,gnn_only,0,0,30010413,13,5785b810273d7fca6b172f9e5c0113f8,narrow_passage,4,0.0,0.0,1.0,0.0,0.0,0.0,7.0,0.4001736640930176,0.5451010465621948,0.0,0.0,0.0,0.0,0.47216364641984304,0.8470966815948486,1.0,0.9083333333333333,0.25833333333333336,nan,0.0,0.0,0.0,0.5632811999997619,0.5570414999986895,0.624506550004611,0.6462845200005063,120.0,120.0,1.0
2,fafafc5008dd932c27fec409716eb7547c4f3fee,gnn_only,0,0,30010414,14,caad215f384fadfae55cae3c2f92b75b,narrow_passage,4,0.0,1.0,1.0,0.0,0.0,0.0,0.0,0.4000471234321594,0.5500143766403198,0.0,0.0,0.0,0.0,0.44320875592529774,0.8616656064987183,1.0,0.9,0.03333333333333333,nan,0.0,0.0,0.0,0.5658017416665236,0.5591665000004298,0.6537916499983254,0.7126867299989925,120.0,120.0,1.0
2,fafafc5008dd932c27fec409716eb7547c4f3fee,gnn_only,0,0,30010415,15,af04a77a1ce006e2036cfef012266809,narrow_passage,4,0.0,1.0,1.0,0.0,0.0,0.0,0.0,0.40002205967903137,0.5503801703453064,0.0,0.0,0.0,0.0,0.45159379864732424,0.9687409996986389,1.0,0.875,0.0,nan,0.0,0.0,0.0,0.5573298749996051,0.552999999996473,0.6044086499990442,0.6432766700016401,120.0,120.0,1.0
2,fafafc5008dd932c27fec409716eb7547c4f3fee,gnn_only,0,0,30010416,16,cb3e8776db00b20587e782f4640ff3e9,narrow_passage,4,1.0,1.0,1.0,0.0,0.0,0.0,0.0,0.4020596146583557,0.5529395937919617,0.0,0.0,0.0,0.0,0.44201538243244604,0.9068804383277893,0.0,0.865979381443299,0.0,14.549999999999999,0.0,0.0,0.0,0.5531253814431139,0.5496249999978886,0.6140080000022863,0.6519683200048119,97.0,97.0,0.0
2,fafafc5008dd932c27fec409716eb7547c4f3fee,gnn_only,0,0,30010417,17,8c161905744b72ce3806cdef5a60a890,narrow_passage,4,0.0,0.0,1.0,0.0,0.0,0.0,2.0,0.4000951647758484,0.549409031867981,0.0,0.0,1.0,0.0,0.5129213682065408,0.865865170955658,1.0,0.6083333333333333,0.0,nan,0.0,0.0,0.0,0.5546080416662491,0.547104500000728,0.6069705500010513,0.6559415199996721,120.0,120.0,1.0
2,fafafc5008dd932c27fec409716eb7547c4f3fee,gnn_only,0,0,30010418,18,8299fb03907aee93b1874ec0e5ba0ee4,narrow_passage,4,0.0,1.0,1.0,0.0,0.0,0.0,0.0,0.4004576802253723,0.5500332117080688,0.0,0.0,0.0,0.0,0.6759710289537907,1.1983487606048584,0.0,0.45,0.0,nan,0.0,0.0,0.0,0.5522753083333498,0.5483955000009644,0.6060520999980668,0.6390450599995746,120.0,120.0,1.0
2,fafafc5008dd932c27fec409716eb7547c4f3fee,gnn_only,0,0,30010419,19,0a1c460b59400bea6c216dbade3b172c,narrow_passage,4,0.0,1.0,1.0,0.0,0.0,0.0,0.0,0.40001705288887024,0.5500075817108154,0.0,0.0,0.0,0.0,0.48312680373589195,0.9179813861846924,0.0,0.6083333333333333,0.125,nan,0.0,0.0,0.0,0.5676242833340339,0.5571455000037417,0.6270583500022298,0.8256075000015529,120.0,120.0,1.0
2,fafafc5008dd932c27fec409716eb7547c4f3fee,gnn_only,0,0,30010420,20,0dd9f758fa418e6e1dca444a970f5c05,narrow_passage,4,1.0,1.0,1.0,0.0,0.0,0.0,0.0,0.4010724127292633,0.550006628036499,0.0,0.0,0.0,0.0,0.5998579631917752,0.9328508377075195,0.0,0.2980769230769231,0.0,15.6,0.0,0.0,0.0,0.5539623557693901,0.5494789999964667,0.6357000500003096,0.6627282500001286,104.0,104.0,0.0
2,fafafc5008dd932c27fec409716eb7547c4f3fee,gnn_only,0,0,30010421,21,8c8c461191d75df3b35088073299bd84,narrow_passage,4,0.0,1.0,1.0,0.0,0.0,0.0,0.0,0.4000915586948395,0.5500252842903137,0.0,0.0,0.0,0.0,0.6941453967243433,1.0761827230453491,0.0,0.4,0.09166666666666666,nan,0.0,0.0,0.0,0.5541340666667338,0.5468744999994612,0.6339937499983961,0.6725227700034964,120.0,120.0,1.0
2,fafafc5008dd932c27fec409716eb7547c4f3fee,gnn_only,0,0,30010422,22,1faa7b175ada3810d3222858efc53ee5,narrow_passage,4,0.0,0.0,1.0,0.0,0.0,2.0,0.0,0.3930944502353668,0.5500242710113525,0.0,0.0,0.0,0.0,0.4050276135404905,0.8796819448471069,1.0,0.9,0.20833333333333334,nan,0.0,0.0,0.0,0.5576346999997502,0.5504165000012051,0.6286086500011834,0.6439452899986264,120.0,120.0,1.0
2,fafafc5008dd932c27fec409716eb7547c4f3fee,gnn_only,0,0,30010423,23,e211a8337444f3e1ce3d3efd8cd8033e,narrow_passage,4,0.0,0.0,1.0,0.0,0.0,0.0,1.0,0.400529146194458,0.5494798421859741,0.0,0.0,0.0,0.0,0.5855794503663977,1.0653342008590698,0.0,0.575,0.0,nan,0.0,0.0,0.0,0.5571298916665413,0.550978999999785,0.6260312499975385,0.6984029800005943,120.0,120.0,1.0
2,fafafc5008dd932c27fec409716eb7547c4f3fee,gnn_only,0,0,30010424,24,d1b38a1b78a634c72e0f4fe990e0c2d6,narrow_passage,4,0.0,0.0,1.0,0.0,0.0,1.0,2.0,0.39874258637428284,0.5488799810409546,0.0,0.0,0.0,0.0,0.455101162319382,0.9073879718780518,1.0,0.9,0.1,nan,0.0,0.0,0.0,0.5868447833336768,0.5700624999995796,0.6982541499997552,0.8150257699998065,120.0,120.0,1.0
2,fafafc5008dd932c27fec409716eb7547c4f3fee,gnn_only,0,0,30010425,25,3a720bbf517d5dfb707a436e2fe7f065,narrow_passage,4,0.0,0.0,1.0,0.0,0.0,1.0,0.0,0.39881470799446106,0.5500264763832092,1.0,1.0,1.0,1.0,0.5352748150626818,0.8970073461532593,0.0,0.4166666666666667,0.2833333333333333,nan,0.0,0.0,0.0,0.557698616666021,0.5528340000005016,0.611562200001714,0.6246422099989957,120.0,120.0,1.0
2,fafafc5008dd932c27fec409716eb7547c4f3fee,gnn_only,0,0,30010426,26,475278c0921997d500a58cbb90aa3e3b,narrow_passage,4,0.0,0.0,1.0,0.0,0.0,8.0,0.0,0.38926494121551514,0.5500568747520447,0.0,0.0,0.0,0.0,0.433100047459205,0.9412619471549988,1.0,0.9,0.15833333333333333,nan,0.0,0.0,0.0,0.5624044833332084,0.5540205000009735,0.6223479500008011,0.7330747500003556,120.0,120.0,1.0
2,fafafc5008dd932c27fec409716eb7547c4f3fee,gnn_only,0,0,30010427,27,5f4a83befed9baafef20aae85d579721,narrow_passage,4,0.0,0.0,1.0,0.0,0.0,1.0,0.0,0.3879162073135376,0.5500901937484741,0.0,0.0,0.0,0.0,0.5751093455900749,0.9661058783531189,0.0,0.425,0.025,nan,0.0,0.0,0.0,0.5832961833336961,0.5600000000036687,0.74355175000278,1.0610580399950469,120.0,120.0,1.0
2,fafafc5008dd932c27fec409716eb7547c4f3fee,gnn_only,0,0,30010428,28,674f1f67e0d232cf11e805af94eabb99,narrow_passage,4,0.0,0.0,1.0,0.0,0.0,2.0,0.0,0.3948366940021515,0.5502514243125916,0.0,0.0,0.0,0.0,0.5315722820659479,0.8912678360939026,0.0,0.45,0.05,nan,0.0,0.0,0.0,0.5653944333332106,0.5518534999993108,0.6416023999982201,0.7633442300004135,120.0,120.0,1.0
2,fafafc5008dd932c27fec409716eb7547c4f3fee,gnn_only,0,0,30010429,29,ac1605e43f03e501ca982f746bbd3d8d,narrow_passage,4,0.0,0.0,1.0,0.0,0.0,2.0,0.0,0.3931165337562561,0.5501007437705994,0.0,0.0,0.0,0.0,0.4270862241586049,0.9117724895477295,1.0,0.9,0.14166666666666666,nan,0.0,0.0,0.0,0.5647722249998802,0.5574375000030329,0.6350583499962426,0.6766580399969513,120.0,120.0,1.0
2,fafafc5008dd932c27fec409716eb7547c4f3fee,gnn_only,0,0,30010800,0,37826b5cb94773f71f42a9d7494d9007,narrow_passage,8,0.0,0.0,1.0,0.0,0.0,3.0,0.0,0.3963199555873871,0.5500257611274719,0.0,0.0,1.0,0.0,0.7117809181412061,1.235752820968628,0.0,0.10833333333333334,0.0,nan,0.0,0.0,0.0,1.3342545916666875,1.322145999999691,1.4788854499968807,1.5664879999975059,120.0,120.0,1.0
2,fafafc5008dd932c27fec409716eb7547c4f3fee,gnn_only,0,0,30010801,1,aab657c7231f3b2de009a54591cb599e,narrow_passage,8,0.0,0.0,1.0,0.0,0.0,2.0,0.0,0.39684492349624634,0.5500064492225647,0.0,0.0,1.0,0.0,0.6734466100732486,1.215302586555481,0.0,0.13333333333333333,0.0,nan,0.0,0.0,0.0,1.3120517083327954,1.3001244999983896,1.4640211500022815,1.5052032699998108,120.0,120.0,1.0
2,fafafc5008dd932c27fec409716eb7547c4f3fee,gnn_only,0,0,30010802,2,36c87cc1ed96dcebea9e241cf0203c0c,narrow_passage,8,0.0,0.0,1.0,0.0,0.0,6.0,31.0,0.3812900483608246,0.5274543762207031,0.0,0.0,1.0,0.0,0.7992873705923558,1.2538796663284302,0.0,0.15,0.0,nan,0.0,0.0,0.0,1.330084366666758,1.3187085000012644,1.4585937500047663,1.500996790005047,120.0,120.0,1.0
2,fafafc5008dd932c27fec409716eb7547c4f3fee,gnn_only,0,0,30010803,3,6eff456d9ec047f8af81e30732029087,narrow_passage,8,0.0,0.0,1.0,0.0,0.0,4.0,0.0,0.39056992530822754,0.5501724481582642,0.0,0.0,1.0,0.0,0.6757508660356204,1.2641621828079224,0.0,0.35833333333333334,0.0,nan,0.0,0.0,0.0,1.2966243416665673,1.268291500000629,1.4413937500005858,1.5333670200004692,120.0,120.0,1.0
2,fafafc5008dd932c27fec409716eb7547c4f3fee,gnn_only,0,0,30010804,4,da6aafc6c47c4b53dea187c40f8e251a,narrow_passage,8,0.0,0.0,1.0,0.0,0.0,5.0,3.0,0.38809260725975037,0.5478031635284424,0.0,0.0,1.0,0.0,0.7765721651415031,1.2446101903915405,0.0,0.20833333333333334,0.0,nan,0.0,0.0,0.0,1.3266760583334758,1.2952920000017798,1.479308350002384,1.5365832100007282,120.0,120.0,1.0
2,fafafc5008dd932c27fec409716eb7547c4f3fee,gnn_only,0,0,30010805,5,dc8c3f6c9f6db4491c448cb8e91cbb06,narrow_passage,8,0.0,0.0,1.0,0.0,0.0,9.0,4.0,0.3922378122806549,0.5457214713096619,0.0,0.0,1.0,0.0,0.8506776931385199,1.2421846389770508,0.0,0.125,0.10833333333333334,nan,0.0,0.0,0.0,1.3254735583332788,1.298375000001073,1.5341996500026767,1.654363270005277,120.0,120.0,1.0
2,fafafc5008dd932c27fec409716eb7547c4f3fee,gnn_only,0,0,30010806,6,c2e663acce0596b58e18b2f850c3fcf7,narrow_passage,8,0.0,0.0,1.0,0.0,0.0,16.0,0.0,0.3908764123916626,0.5500287413597107,0.0,0.0,1.0,0.0,0.6141659468412399,1.2323417663574219,0.0,0.275,0.14166666666666666,nan,0.0,0.0,0.0,1.3096746666669528,1.2937710000002767,1.4703451999970696,1.514744250002238,120.0,120.0,1.0
2,fafafc5008dd932c27fec409716eb7547c4f3fee,gnn_only,0,0,30010807,7,15d12b5e8db39a121547de04e9532a60,narrow_passage,8,0.0,0.0,0.0,0.0,0.0,36.0,39.0,0.3869299590587616,0.5387284159660339,1.0,0.0,1.0,0.0,0.5896210461854935,1.2748732566833496,1.0,0.7083333333333334,0.14166666666666666,nan,0.0,0.0,0.0,1.313694058333148,1.2938959999964084,1.4545669499977265,1.5026194599998632,120.0,120.0,1.0
2,fafafc5008dd932c27fec409716eb7547c4f3fee,gnn_only,0,0,30010808,8,df9499122f51ab20e686fab88eec1f62,narrow_passage,8,0.0,0.0,0.0,0.0,0.0,37.0,26.0,0.3916352093219757,0.5417238473892212,0.0,0.0,1.0,1.0,0.7283704842130343,1.2555161714553833,0.0,0.0,0.1,nan,0.0,0.0,0.0,1.3042555333338868,1.27568750000151,1.4837434000028793,1.5199082099998407,120.0,120.0,1.0
2,fafafc5008dd932c27fec409716eb7547c4f3fee,gnn_only,0,0,30010809,9,264075bdbb1a1f26bd1d562ba91ff6af,narrow_passage,8,0.0,1.0,1.0,0.0,0.0,0.0,0.0,0.4001540541648865,0.5500518083572388,0.0,0.0,0.0,0.0,0.7037016689777374,1.2415332794189453,0.0,0.25,0.0,nan,0.0,0.0,0.0,1.305946858332992,1.2816045000008103,1.4455993500028796,1.5153995199950288,120.0,120.0,1.0
2,fafafc5008dd932c27fec409716eb7547c4f3fee,gnn_only,0,0,30010810,10,4b394c89fa944e4cb7483021983d61f2,narrow_passage,8,0.0,0.0,0.0,0.0,0.0,39.0,55.0,0.3927096724510193,0.5417128205299377,0.0,0.0,1.0,1.0,0.6193379804491996,1.2684838771820068,0.0,0.3416666666666667,0.18333333333333332,nan,0.0,0.0,0.0,1.325465683332953,1.3022710000001325,1.462443750004283,1.5163417300011162,120.0,120.0,1.0
2,fafafc5008dd932c27fec409716eb7547c4f3fee,gnn_only,0,0,30010811,11,9298b9110b74714f5f31aae145010a6a,narrow_passage,8,0.0,1.0,1.0,0.0,0.0,0.0,0.0,0.40013861656188965,0.5500070452690125,0.0,0.0,0.0,0.0,0.7587251409888267,1.278568983078003,0.0,0.09166666666666666,0.0,nan,0.0,0.0,0.0,1.3149638833332606,1.2984170000009954,1.454663950001489,1.4802638099995136,120.0,120.0,1.0
2,fafafc5008dd932c27fec409716eb7547c4f3fee,gnn_only,0,0,30010812,12,59861da3071b1c4bdfb4fd5284ec6726,narrow_passage,8,0.0,1.0,1.0,0.0,0.0,0.0,0.0,0.40028873085975647,0.5500869750976562,0.0,0.0,0.0,0.0,0.7403538147608439,1.229199767112732,0.0,0.0,0.0,nan,0.0,0.0,0.0,1.332909299999822,1.3253125000005639,1.4766270500025769,1.5776030400018473,120.0,120.0,1.0
2,fafafc5008dd932c27fec409716eb7547c4f3fee,gnn_only,0,0,30010813,13,8aee7488b037d72b1999343ac1bd1337,narrow_passage,8,0.0,0.0,1.0,0.0,0.0,1.0,0.0,0.3919161856174469,0.5501051545143127,0.0,0.0,1.0,0.0,0.9212294509013493,1.4737720489501953,0.0,0.125,0.0,nan,0.0,0.0,0.0,1.306401416666662,1.2966454999983057,1.4479339999972751,1.5274177700004545,120.0,120.0,1.0
2,fafafc5008dd932c27fec409716eb7547c4f3fee,gnn_only,0,0,30010814,14,86419ba5e538fcba08762820869ee098,narrow_passage,8,0.0,0.0,1.0,0.0,0.0,13.0,0.0,0.3918512463569641,0.5500422120094299,0.0,0.0,1.0,0.0,0.7997742034494877,1.2702653408050537,0.0,0.20833333333333334,0.08333333333333333,nan,0.0,0.0,0.0,1.3211954666664028,1.3001464999966572,1.482571149998435,1.5156259800006922,120.0,120.0,1.0
2,fafafc5008dd932c27fec409716eb7547c4f3fee,gnn_only,0,0,30010815,15,cdfedb0a37a3ff09dd961cb4a2584354,narrow_passage,8,0.0,0.0,1.0,0.0,0.0,4.0,21.0,0.39627668261528015,0.5471889972686768,0.0,0.0,1.0,0.0,0.7875620151559511,1.2763829231262207,0.0,0.0,0.075,nan,0.0,0.0,0.0,1.3347021249998647,1.3219585000001643,1.4698520500004975,1.5167512499990465,120.0,120.0,1.0
2,fafafc5008dd932c27fec409716eb7547c4f3fee,gnn_only,0,0,30010816,16,1e4a1765644073de16e94124389d2a48,narrow_passage,8,0.0,0.0,1.0,0.0,0.0,3.0,1.0,0.39176565408706665,0.5476421117782593,0.0,0.0,1.0,0.0,0.6602587458988031,1.2702243328094482,0.0,0.2,0.1,nan,0.0,0.0,0.0,1.331088166666324,1.3233335000037982,1.4489118500033982,1.5287995199987847,120.0,120.0,1.0
2,fafafc5008dd932c27fec409716eb7547c4f3fee,gnn_only,0,0,30010817,17,09ce9d64b6dc31e641e0a453d0d3c2de,narrow_passage,8,0.0,1.0,1.0,0.0,0.0,0.0,0.0,0.40108099579811096,0.5500145554542542,0.0,0.0,0.0,0.0,0.6989728192488353,1.2498679161071777,0.0,0.275,0.0,nan,0.0,0.0,0.0,1.3154580166665635,1.2920829999991668,1.4584812500054056,1.511929999999424,120.0,120.0,1.0
2,fafafc5008dd932c27fec409716eb7547c4f3fee,gnn_only,0,0,30010818,18,b872b093181cfcc5bf728f321d53d115,narrow_passage,8,0.0,0.0,1.0,0.0,0.0,8.0,0.0,0.3929712474346161,0.5500410795211792,0.0,0.0,1.0,0.0,0.6775478735566139,1.259909749031067,0.0,0.058333333333333334,0.041666666666666664,nan,0.0,0.0,0.0,1.355822908332982,1.348395999997365,1.490794099998993,1.5950192899963866,120.0,120.0,1.0
2,fafafc5008dd932c27fec409716eb7547c4f3fee,gnn_only,0,0,30010819,19,2501d76550073819bb55a023b2644e38,narrow_passage,8,0.0,0.0,1.0,0.0,0.0,1.0,0.0,0.3983422815799713,0.5500513911247253,0.0,0.0,0.0,0.0,0.6649682218829791,1.2619943618774414,0.0,0.35833333333333334,0.0,nan,0.0,0.0,0.0,1.33097081666597,1.313207999999122,1.4925747000010148,1.5541007699977882,120.0,120.0,1.0
2,fafafc5008dd932c27fec409716eb7547c4f3fee,gnn_only,0,0,30010820,20,36ec80247c2804eeae6b2d659287cb43,narrow_passage,8,0.0,0.0,1.0,0.0,0.0,1.0,1.0,0.39112308621406555,0.5475318431854248,0.0,0.0,1.0,0.0,0.8384953898688158,1.2234641313552856,0.0,0.15833333333333333,0.0,nan,0.0,0.0,0.0,1.3255232833328634,1.3120210000003851,1.4726288499957718,1.5146852099993424,120.0,120.0,1.0
2,fafafc5008dd932c27fec409716eb7547c4f3fee,gnn_only,0,0,30010821,21,a74dc2185c7cdcff1761b74c27f8ca13,narrow_passage,8,0.0,0.0,1.0,0.0,0.0,2.0,20.0,0.3960959315299988,0.5251590013504028,0.0,0.0,1.0,0.0,0.688410367568334,1.2252821922302246,0.0,0.3,0.0,nan,0.0,0.0,0.0,1.3261767583333157,1.3193539999996062,1.4440732499970466,1.4928945200011157,120.0,120.0,1.0
2,fafafc5008dd932c27fec409716eb7547c4f3fee,gnn_only,0,0,30010822,22,a7f473b5813ed1bd216285d83cc89069,narrow_passage,8,0.0,1.0,1.0,0.0,0.0,0.0,0.0,0.4000634253025055,0.5500134825706482,0.0,0.0,0.0,0.0,0.8078714075187842,1.2237294912338257,0.0,0.225,0.0,nan,0.0,0.0,0.0,1.3190871916667863,1.2984170000009954,1.4526996999965291,1.5206882699952475,120.0,120.0,1.0
2,fafafc5008dd932c27fec409716eb7547c4f3fee,gnn_only,0,0,30010823,23,9d70377aa8a497d1f9ff00ea1a6d671c,narrow_passage,8,0.0,0.0,0.0,0.0,0.0,27.0,0.0,0.39015859365463257,0.5500444769859314,0.0,0.0,1.0,1.0,0.778200452029705,1.2444669008255005,0.0,0.0,0.0,nan,0.0,0.0,0.0,1.3131749833335722,1.2909370000002696,1.4505847999974009,1.5156112499992247,120.0,120.0,1.0
2,fafafc5008dd932c27fec409716eb7547c4f3fee,gnn_only,0,0,30010824,24,ae77b47a03561f6559f34ce041fe95e9,narrow_passage,8,0.0,0.0,1.0,0.0,0.0,12.0,0.0,0.3917703926563263,0.5501216053962708,0.0,0.0,1.0,0.0,0.7426505784193674,1.272649884223938,0.0,0.0,0.008333333333333333,nan,0.0,0.0,0.0,1.3344653333332939,1.3168539999988127,1.523348250001888,1.603059440002639,120.0,120.0,1.0
2,fafafc5008dd932c27fec409716eb7547c4f3fee,gnn_only,0,0,30010825,25,c875c099dd219ea309cb8bf63ca740b5,narrow_passage,8,0.0,0.0,0.0,0.0,0.0,54.0,75.0,0.3875211775302887,0.5278826951980591,0.0,0.0,1.0,1.0,0.7208412443598111,1.2496578693389893,0.0,0.14166666666666666,0.19166666666666668,nan,0.0,0.0,0.0,1.3204066166661477,1.2980204999948342,1.4665809499973648,1.565989289999976,120.0,120.0,1.0
2,fafafc5008dd932c27fec409716eb7547c4f3fee,gnn_only,0,0,30010826,26,4ef56c59e7e80651307d405ca66fc7d1,narrow_passage,8,0.0,1.0,1.0,0.0,0.0,0.0,0.0,0.4001242220401764,0.5501258969306946,0.0,0.0,0.0,0.0,0.821360910932223,1.2972575426101685,0.0,0.24166666666666667,0.0,nan,0.0,0.0,0.0,1.3203128749999256,1.3059169999998232,1.4715038499986122,1.5054704799957364,120.0,120.0,1.0
2,fafafc5008dd932c27fec409716eb7547c4f3fee,gnn_only,0,0,30010827,27,eafce0229a3975db7ca406fed35319ce,narrow_passage,8,0.0,0.0,1.0,0.0,0.0,17.0,15.0,0.3878334164619446,0.5445497035980225,0.0,0.0,1.0,0.0,0.6729594305157661,1.2607239484786987,0.0,0.20833333333333334,0.14166666666666666,nan,0.0,0.0,0.0,1.3228045250002058,1.2998125000009964,1.4672107000020418,1.559366229999313,120.0,120.0,1.0
2,fafafc5008dd932c27fec409716eb7547c4f3fee,gnn_only,0,0,30010828,28,bcb7de991bffa3ffcf2811371215fef8,narrow_passage,8,0.0,1.0,1.0,0.0,0.0,0.0,0.0,0.40048930048942566,0.5502694249153137,0.0,0.0,0.0,0.0,0.6166795685887336,1.2752575874328613,0.0,0.5916666666666667,0.0,nan,0.0,0.0,0.0,1.3213250166671742,1.296395999997202,1.4883392999987421,1.5551162300001664,120.0,120.0,1.0
2,fafafc5008dd932c27fec409716eb7547c4f3fee,gnn_only,0,0,30010829,29,0b5bc056734f69320a61c23910669339,narrow_passage,8,0.0,0.0,1.0,0.0,0.0,1.0,9.0,0.3930463492870331,0.5457949638366699,0.0,0.0,1.0,0.0,0.6181415443619093,1.2598545551300049,0.0,0.425,0.0,nan,0.0,0.0,0.0,1.3272194583331398,1.3073540000014816,1.4591747000004318,1.5768150000020853,120.0,120.0,1.0
2,fafafc5008dd932c27fec409716eb7547c4f3fee,rvt_swarm,0,0,30000400,0,3df8369b1349118143732ee6e6a2d580,open_field,4,0.0,1.0,1.0,0.0,0.0,0.0,0.0,0.402110755443573,1.5830250978469849,0.0,0.0,0.0,0.0,0.676488806369404,1.193817138671875,0.0,0.4166666666666667,0.0,nan,0.0,0.0,0.0,0.8231173916666871,0.8117084999987867,0.9214336500015463,0.978989440000504,120.0,120.0,1.0
2,fafafc5008dd932c27fec409716eb7547c4f3fee,rvt_swarm,0,0,30000401,1,2ffb30b22eb6aada08065fc28c6a42b1,open_field,4,0.0,1.0,1.0,0.0,0.0,0.0,0.0,0.4020874500274658,0.5513905882835388,0.0,0.0,1.0,1.0,0.8198905301590761,1.9021750688552856,0.0,0.19166666666666668,0.0,nan,4.0,97.0,0.8083333333333333,0.8873580249998625,0.8855419999989067,0.9736208500008559,1.0471074800000935,120.0,120.0,1.0
2,fafafc5008dd932c27fec409716eb7547c4f3fee,rvt_swarm,0,0,30000402,2,281e8a4decc8c75013669b559d3e296e,open_field,4,1.0,1.0,1.0,0.0,0.0,0.0,0.0,0.4037146270275116,0.5525515675544739,0.0,0.0,1.0,1.0,0.6290695241093636,1.2112685441970825,0.0,0.49,0.0,15.0,2.0,22.0,0.22,0.8381116699996483,0.814604000002106,0.943987200000862,0.9977764300056441,100.0,100.0,0.0
2,fafafc5008dd932c27fec409716eb7547c4f3fee,rvt_swarm,0,0,30000403,3,7efce30e66fab1e523cfdbb048727dac,open_field,4,0.0,1.0,1.0,0.0,0.0,0.0,0.0,0.4078840911388397,0.551347553730011,0.0,0.0,1.0,1.0,0.6886100685223937,1.172018051147461,0.0,0.35833333333333334,0.0,nan,1.0,52.0,0.43333333333333335,0.8622965333328736,0.8540409999966414,0.9887670000033211,1.0865407500013902,120.0,120.0,1.0
2,fafafc5008dd932c27fec409716eb7547c4f3fee,rvt_swarm,0,0,30000404,4,ed116c4c60d6c2365dc4ae014192dd16,open_field,4,0.0,1.0,1.0,0.0,0.0,0.0,0.0,0.4022118151187897,1.490461826324463,1.0,1.0,1.0,1.0,0.6352401764442523,1.008617877960205,0.0,0.4166666666666667,0.058333333333333334,nan,0.0,0.0,0.0,0.8197524249997793,0.8073539999990942,0.9076086500002134,0.9563305400020995,120.0,120.0,1.0
2,fafafc5008dd932c27fec409716eb7547c4f3fee,rvt_swarm,0,0,30000405,5,17b8deb48d08e0d321c583e61aa49969,open_field,4,0.0,1.0,1.0,0.0,0.0,0.0,0.0,0.4000997841358185,0.5592917203903198,1.0,1.0,1.0,1.0,0.6303046940515439,1.0606188774108887,0.0,0.43333333333333335,0.13333333333333333,nan,0.0,0.0,0.0,0.8220315916665536,0.8123954999987859,0.9107916499967672,0.9693127099971833,120.0,120.0,1.0
2,fafafc5008dd932c27fec409716eb7547c4f3fee,rvt_swarm,0,0,30000406,6,60e1dd33138a9e28a44f6ddeb95649ad,open_field,4,0.0,1.0,1.0,0.0,0.0,0.0,0.0,0.4003940224647522,0.759278416633606,0.0,0.0,0.0,0.0,0.672758091489474,0.9410892724990845,0.0,0.23333333333333334,0.0,nan,0.0,0.0,0.0,0.8177028416665048,0.8071250000014629,0.910262800000794,0.9732262299944239,120.0,120.0,1.0
2,fafafc5008dd932c27fec409716eb7547c4f3fee,rvt_swarm,0,0,30000407,7,266c5f48ab2fe4267faf99218ed0a78a,open_field,4,0.0,1.0,1.0,0.0,0.0,0.0,0.0,0.40209466218948364,0.5558727383613586,0.0,0.0,1.0,1.0,0.8004421458269159,1.7674015760421753,0.0,0.30833333333333335,0.0,nan,13.0,86.0,0.7166666666666667,0.891285416666617,0.8930205000012847,0.9945101000024437,1.043178749995235,120.0,120.0,1.0
2,fafafc5008dd932c27fec409716eb7547c4f3fee,rvt_swarm,0,0,30000408,8,ff35cc941eceb53f04f967a717a5dc3f,open_field,4,0.0,1.0,1.0,0.0,0.0,0.0,0.0,0.4015266001224518,0.5514241456985474,0.0,0.0,1.0,1.0,0.7334680129153033,1.9963090419769287,0.0,0.4583333333333333,0.0,nan,13.0,103.0,0.8583333333333333,0.899440308333214,0.8936455000032595,1.0005497000005192,1.0284620800003097,120.0,120.0,1.0
2,fafafc5008dd932c27fec409716eb7547c4f3fee,rvt_swarm,0,0,30000409,9,a015dfb474e9aca281f4849d5c5c1054,open_field,4,0.0,1.0,1.0,0.0,0.0,0.0,0.0,0.4007120430469513,1.0163229703903198,0.0,0.0,0.0,0.0,0.6656566369036834,1.0190783739089966,0.0,0.31666666666666665,0.0,nan,0.0,0.0,0.0,0.8277944499999043,0.8155834999996614,0.9344243500009952,1.0338583300009676,120.0,120.0,1.0
2,fafafc5008dd932c27fec409716eb7547c4f3fee,rvt_swarm,0,0,30000410,10,a099161f9dd311fa4096e19eab5ebe91,open_field,4,0.0,1.0,1.0,0.0,0.0,0.0,0.0,0.4018028974533081,0.5600000023841858,1.0,1.0,1.0,1.0,0.6715779838462671,1.0726087093353271,0.0,0.35,0.058333333333333334,nan,0.0,0.0,0.0,0.8227971833329425,0.8083544999983872,0.9153024000024601,0.9711399999988403,120.0,120.0,1.0
2,fafafc5008dd932c27fec409716eb7547c4f3fee,rvt_swarm,0,0,30000411,11,4e040629bb644321b78208dadbd79ce5,open_field,4,0.0,1.0,1.0,0.0,0.0,0.0,0.0,0.40074843168258667,1.9818048477172852,0.0,0.0,0.0,0.0,0.5179796669632196,0.9416715502738953,0.0,0.5583333333333333,0.0,nan,0.0,0.0,0.0,0.8329052250002652,0.8113334999997335,0.9392934499995675,1.223594250002052,120.0,120.0,1.0
2,fafafc5008dd932c27fec409716eb7547c4f3fee,rvt_swarm,0,0,30000412,12,6801432fcfd74e954fdf32b0a5aef517,open_field,4,0.0,1.0,1.0,0.0,0.0,0.0,0.0,0.4013783931732178,1.1028224229812622,0.0,0.0,0.0,0.0,0.6566355946163337,1.01272451877594,0.0,0.36666666666666664,0.041666666666666664,nan,0.0,0.0,0.0,0.8228343333332925,0.8109374999989427,0.9073229000044591,0.9504909799976247,120.0,120.0,1.0
2,fafafc5008dd932c27fec409716eb7547c4f3fee,rvt_swarm,0,0,30000413,13,8289d8ae91cf9e5bb01568067b5196f8,open_field,4,0.0,1.0,1.0,0.0,0.0,0.0,0.0,0.4000895619392395,1.6599502563476562,0.0,0.0,0.0,0.0,0.6845392567416032,0.9691368937492371,0.0,0.2833333333333333,0.0,nan,0.0,0.0,0.0,0.8229830083331299,0.8113539999996533,0.9214833499981978,0.9556755599974309,120.0,120.0,1.0
2,fafafc5008dd932c27fec409716eb7547c4f3fee,rvt_swarm,0,0,30000414,14,9b47bcb199997ad100078ae6b943dd69,open_field,4,0.0,1.0,1.0,0.0,0.0,0.0,0.0,0.40824535489082336,0.5506920218467712,0.0,0.0,1.0,1.0,0.7887004376078646,1.7692803144454956,0.0,0.19166666666666668,0.0,nan,7.0,85.0,0.7083333333333334,0.8823652666662815,0.8813124999988986,1.0041148999988536,1.0293972900024784,120.0,120.0,1.0
2,fafafc5008dd932c27fec409716eb7547c4f3fee,rvt_swarm,0,0,30000415,15,8d7d9e90022c95a6e102d9502dbd4463,open_field,4,0.0,1.0,1.0,0.0,0.0,0.0,0.0,0.40066513419151306,0.55051589012146,0.0,0.0,1.0,0.0,0.7256272765497367,1.3327782154083252,1.0,0.3333333333333333,0.0,nan,1.0,72.0,0.6,0.8822806166667974,0.8779375000003142,1.0293035499962855,1.1441377099981056,120.0,120.0,1.0
2,fafafc5008dd932c27fec409716eb7547c4f3fee,rvt_swarm,0,0,30000416,16,28662af30e0397dea0bb832a7d65d6b7,open_field,4,0.0,1.0,1.0,0.0,0.0,0.0,0.0,0.40381020307540894,2.2367589473724365,0.0,0.0,0.0,0.0,0.5949752899507682,0.8828282356262207,0.0,0.31666666666666665,0.0,nan,0.0,0.0,0.0,0.8158447416665974,0.8083125000020175,0.8956666500001376,0.9411919599999408,120.0,120.0,1.0
2,fafafc5008dd932c27fec409716eb7547c4f3fee,rvt_swarm,0,0,30000417,17,46d6f3d08b9a69dc252b9eef8ac4d19b,open_field,4,0.0,1.0,1.0,0.0,0.0,0.0,0.0,0.4001051187515259,0.7972438931465149,0.0,0.0,0.0,0.0,0.543456411610047,0.8642754554748535,0.0,0.45,0.0,nan,0.0,0.0,0.0,0.8235816166659286,0.8096245000004387,0.9222940499988397,1.0140397699991865,120.0,120.0,1.0
2,fafafc5008dd932c27fec409716eb7547c4f3fee,rvt_swarm,0,0,30000418,18,72175b304300fa10213f93b8eabcba9d,open_field,4,0.0,1.0,1.0,0.0,0.0,0.0,0.0,0.4001648426055908,0.5501976609230042,0.0,0.0,1.0,1.0,0.7899602063000202,1.9210797548294067,0.0,0.45,0.0,nan,2.0,33.0,0.275,0.8479725583332728,0.8156250000013188,0.9736160500011692,1.0350617900032688,120.0,120.0,1.0
2,fafafc5008dd932c27fec409716eb7547c4f3fee,rvt_swarm,0,0,30000419,19,3b6095e780b078d042329a0e24e15e3c,open_field,4,1.0,1.0,1.0,0.0,0.0,0.0,0.0,0.41484811902046204,0.5544472336769104,0.0,0.0,0.0,0.0,0.8023880346790775,1.2112213373184204,0.0,0.27472527472527475,0.0,13.65,1.0,67.0,0.7362637362637363,0.8802660659336189,0.8692500000009318,0.9735209999988115,1.0119837000026166,91.0,91.0,0.0
2,fafafc5008dd932c27fec409716eb7547c4f3fee,rvt_swarm,0,0,30000420,20,b1f68c18b15f5b21b58a4dd915212b12,open_field,4,1.0,1.0,1.0,0.0,0.0,0.0,0.0,0.401548832654953,0.5507752299308777,0.0,0.0,0.0,0.0,0.6621171729029897,1.295446753501892,0.0,0.45794392523364486,0.0,16.05,1.0,51.0,0.4766355140186916,0.868676028037076,0.8622500000043942,0.9644587999979136,1.0294644599974845,107.0,107.0,0.0
2,fafafc5008dd932c27fec409716eb7547c4f3fee,rvt_swarm,0,0,30000421,21,9113f5c6b08cf0e9b6fe6c2072d15b80,open_field,4,1.0,1.0,1.0,0.0,0.0,0.0,0.0,0.4424992799758911,1.3096034526824951,0.0,0.0,1.0,1.0,0.7225699728561772,1.7603806257247925,0.0,0.4444444444444444,0.0,13.5,11.0,68.0,0.7555555555555555,0.8835273555554579,0.8833544999973242,0.9974107499974849,1.076577760001598,90.0,90.0,0.0
2,fafafc5008dd932c27fec409716eb7547c4f3fee,rvt_swarm,0,0,30000422,22,fe52e4896581b5706e90ce2bd7f0aca4,open_field,4,0.0,1.0,1.0,0.0,0.0,0.0,0.0,0.40269896388053894,0.5596520900726318,0.0,0.0,1.0,1.0,0.7483544799188773,1.1269453763961792,0.0,0.175,0.0,nan,1.0,87.0,0.725,0.8822736166676984,0.8849789999985092,0.9783348000024006,1.001893539995109,120.0,120.0,1.0
2,fafafc5008dd932c27fec409716eb7547c4f3fee,rvt_swarm,0,0,30000423,23,b7879310dfc1e8da931760547c80b98e,open_field,4,0.0,1.0,1.0,0.0,0.0,0.0,0.0,0.40873047709465027,0.5558943152427673,0.0,0.0,1.0,1.0,0.8553506541997195,1.7756472826004028,0.0,0.23333333333333334,0.0,nan,2.0,21.0,0.175,0.8340517500001235,0.8188750000073242,0.9369523999907869,0.9732284600033836,120.0,120.0,1.0
2,fafafc5008dd932c27fec409716eb7547c4f3fee,rvt_swarm,0,0,30000424,24,a20d3b4ec5c708260fd4db3728aa09d6,open_field,4,1.0,1.0,1.0,0.0,0.0,0.0,0.0,0.40377068519592285,0.559999942779541,0.0,0.0,1.0,1.0,0.529398563919188,0.8939379453659058,0.0,0.6329113924050633,0.0,11.85,1.0,32.0,0.4050632911392405,0.8685422531644025,0.8399999999966212,0.981174999998302,1.0212222400028281,79.0,79.0,0.0
2,fafafc5008dd932c27fec409716eb7547c4f3fee,rvt_swarm,0,0,30000425,25,ab77a6a4020b32f10c3e00560beb4eb4,open_field,4,1.0,1.0,1.0,0.0,0.0,0.0,0.0,0.40709975361824036,2.492553949356079,0.0,0.0,0.0,0.0,0.6517299183158793,0.8918945789337158,0.0,0.2564102564102564,0.0,17.55,0.0,0.0,0.0,0.820644606838309,0.8134170000033691,0.8983501999978214,0.9562452800014399,117.0,117.0,0.0
2,fafafc5008dd932c27fec409716eb7547c4f3fee,rvt_swarm,0,0,30000426,26,22a99c05def940b35c91f654a2d68a01,open_field,4,0.0,1.0,1.0,0.0,0.0,0.0,0.0,0.4002910852432251,1.9935405254364014,0.0,0.0,0.0,0.0,0.6211918607354164,0.9013866782188416,0.0,0.325,0.008333333333333333,nan,0.0,0.0,0.0,0.820169050000293,0.8105420000035224,0.9060000000019386,0.9643382100044563,120.0,120.0,1.0
2,fafafc5008dd932c27fec409716eb7547c4f3fee,rvt_swarm,0,0,30000427,27,cf5949e950be793b5ce574055971c149,open_field,4,0.0,1.0,1.0,0.0,0.0,0.0,0.0,0.40748918056488037,0.5600000619888306,1.0,1.0,1.0,1.0,0.8373082513610522,1.3820040225982666,0.0,0.175,0.20833333333333334,nan,1.0,42.0,0.35,0.9361920083329996,0.8946880000024748,1.2316354000049046,1.4221325000021068,120.0,120.0,1.0
2,fafafc5008dd932c27fec409716eb7547c4f3fee,rvt_swarm,0,0,30000428,28,962852f67956010221222b176a711ea9,open_field,4,0.0,1.0,1.0,0.0,0.0,0.0,0.0,0.4119611978530884,2.1121108531951904,0.0,0.0,0.0,0.0,0.6060491241514683,1.130799651145935,0.0,0.5,0.0,nan,0.0,0.0,0.0,0.8466535083336169,0.8205835000012485,0.9753461499940386,1.0365355600031023,120.0,120.0,1.0
2,fafafc5008dd932c27fec409716eb7547c4f3fee,rvt_swarm,0,0,30000429,29,895b15aa3428b9c110423c2c175d55d7,open_field,4,0.0,1.0,1.0,0.0,0.0,0.0,0.0,0.41103923320770264,0.7873729467391968,1.0,1.0,1.0,1.0,0.9862887469430764,1.6496707201004028,0.0,0.13333333333333333,0.26666666666666666,nan,1.0,14.0,0.11666666666666667,0.887764958333174,0.8667704999965054,1.1122535500007302,1.3432972100035556,120.0,120.0,1.0
2,fafafc5008dd932c27fec409716eb7547c4f3fee,rvt_swarm,0,0,30000800,0,6824b8fcf731971179ae8b1f3745f973,open_field,8,0.0,1.0,1.0,0.0,0.0,0.0,0.0,0.40008774399757385,0.5517125725746155,0.0,0.0,1.0,1.0,0.9535012535750866,1.8176038265228271,0.0,0.16666666666666666,0.0,nan,1.0,60.0,0.5,1.7055742750011167,1.6858339999998861,1.9841607000088854,2.114457020011571,120.0,120.0,1.0
2,fafafc5008dd932c27fec409716eb7547c4f3fee,rvt_swarm,0,0,30000801,1,35f2108c56109b5c0b0ec12106ca4450,open_field,8,0.0,1.0,1.0,0.0,0.0,0.0,0.0,0.40067628026008606,0.5513741374015808,0.0,0.0,1.0,1.0,0.8931180755297343,1.3302738666534424,0.0,0.0,0.0,nan,1.0,92.0,0.7666666666666667,1.722847941666572,1.7169579999958273,1.973195849998177,2.051507269998325,120.0,120.0,1.0
2,fafafc5008dd932c27fec409716eb7547c4f3fee,rvt_swarm,0,0,30000802,2,edb1566ab8e7bb9e336b1c919a5f9a1d,open_field,8,0.0,1.0,1.0,0.0,0.0,0.0,0.0,0.40178781747817993,0.5512259006500244,0.0,0.0,1.0,1.0,0.9292279928922653,1.2692487239837646,0.0,0.03333333333333333,0.041666666666666664,nan,1.0,56.0,0.4666666666666667,1.6391972249995963,1.6280829999999469,1.8743555999968464,2.0372420000040847,120.0,120.0,1.0
2,fafafc5008dd932c27fec409716eb7547c4f3fee,rvt_swarm,0,0,30000803,3,e82df9f1e8113bd0903d3b567da2cb10,open_field,8,0.0,1.0,1.0,0.0,0.0,0.0,0.0,0.400417298078537,0.5500733256340027,0.0,0.0,1.0,1.0,1.0500666509071985,1.443971037864685,0.0,0.0,0.0,nan,2.0,19.0,0.15833333333333333,1.6030548333331989,1.549770499998715,1.8899961500032703,2.059926520001625,120.0,120.0,1.0
2,fafafc5008dd932c27fec409716eb7547c4f3fee,rvt_swarm,0,0,30000804,4,2560751cd17f87e1f2d0e971019c7487,open_field,8,0.0,1.0,1.0,0.0,0.0,0.0,0.0,0.4000464081764221,0.5506340265274048,1.0,1.0,1.0,1.0,1.0184341438114644,2.570552349090576,0.0,0.175,0.125,nan,2.0,28.0,0.23333333333333334,1.6207479333319934,1.57902049999592,1.8938684500049872,2.066958270000896,120.0,120.0,1.0
2,fafafc5008dd932c27fec409716eb7547c4f3fee,rvt_swarm,0,0,30000805,5,cde3152089380e9fbb3171f9d86e0516,open_field,8,0.0,0.0,1.0,0.0,0.0,2.0,0.0,0.39433324337005615,0.5500593781471252,1.0,1.0,1.0,1.0,1.025321654478709,1.6071410179138184,0.0,0.13333333333333333,0.125,nan,2.0,21.0,0.175,1.6095812583337477,1.5589794999968376,1.8910997000041618,2.0728927699926203,120.0,120.0,1.0
2,fafafc5008dd932c27fec409716eb7547c4f3fee,rvt_swarm,0,0,30000806,6,6e248afafe4030f081c9bef3b738bff2,open_field,8,0.0,1.0,1.0,0.0,0.0,0.0,0.0,0.40156620740890503,0.550125002861023,1.0,1.0,1.0,1.0,0.9141265536348026,1.2678022384643555,0.0,0.0,0.15833333333333333,nan,1.0,86.0,0.7166666666666667,1.655551099999523,1.6323749999997972,1.8553041999957998,2.039379790004716,120.0,120.0,1.0
2,fafafc5008dd932c27fec409716eb7547c4f3fee,rvt_swarm,0,0,30000807,7,fdf6829bd2fecd96268fb3ffdca7d51f,open_field,8,0.0,1.0,1.0,0.0,0.0,0.0,0.0,0.40591323375701904,0.5501499772071838,1.0,1.0,1.0,1.0,1.1126928826173146,1.4132384061813354,0.0,0.0,0.15,nan,1.0,119.0,0.9916666666666667,1.7532329750004294,1.716958499997645,2.0294722499912154,2.105569020004765,120.0,120.0,1.0
2,fafafc5008dd932c27fec409716eb7547c4f3fee,rvt_swarm,0,0,30000808,8,7949c6e49fce60209c600cdb0ade942b,open_field,8,1.0,1.0,1.0,0.0,0.0,0.0,0.0,0.4008936882019043,0.731360137462616,0.0,0.0,0.0,0.0,0.8724165491692655,1.4113694429397583,0.0,0.1981981981981982,0.0,16.65,0.0,0.0,0.0,1.6593103873884372,1.5735420000027034,1.9371664999923155,3.7404746999925473,111.0,111.0,0.0
2,fafafc5008dd932c27fec409716eb7547c4f3fee,rvt_swarm,0,0,30000809,9,20ac46aa154658a51686dad07ca87857,open_field,8,0.0,1.0,1.0,0.0,0.0,0.0,0.0,0.40391823649406433,0.550841212272644,1.0,1.0,1.0,1.0,1.1580974583824475,2.1262950897216797,0.0,0.0,0.125,nan,9.0,78.0,0.65,1.5714885166668562,1.570229000009249,1.7217246500102588,1.8786704799917686,120.0,120.0,1.0
2,fafafc5008dd932c27fec409716eb7547c4f3fee,rvt_swarm,0,0,30000810,10,af5ccd2e9ca6d92d6f1b3a9cc1e1ea48,open_field,8,0.0,1.0,1.0,0.0,0.0,0.0,0.0,0.40012532472610474,2.2294819355010986,0.0,0.0,0.0,0.0,0.8864500085512798,1.3758543729782104,0.0,0.1,0.0,nan,0.0,0.0,0.0,1.5571607166675012,1.5186040000045864,1.8038315500042756,1.9113775000032263,120.0,120.0,1.0
2,fafafc5008dd932c27fec409716eb7547c4f3fee,rvt_swarm,0,0,30000811,11,d340fcb1b5d6fc7f8fe383c81ce35026,open_field,8,1.0,1.0,1.0,0.0,0.0,0.0,0.0,0.4008064568042755,0.5838496685028076,0.0,0.0,0.0,0.0,0.8271583044423466,1.4310885667800903,0.0,0.08849557522123894,0.0,16.95,0.0,0.0,0.0,1.5645376460174873,1.5410409999958574,1.8151499999987664,1.8642919599977856,113.0,113.0,0.0
2,fafafc5008dd932c27fec409716eb7547c4f3fee,rvt_swarm,0,0,30000812,12,9d47d06cb84a80fd463c23047a99b9e8,open_field,8,0.0,1.0,1.0,0.0,0.0,0.0,0.0,0.40070658922195435,0.550041675567627,0.0,0.0,0.0,0.0,0.7613739155232906,1.403796672821045,0.0,0.24166666666666667,0.0,nan,0.0,0.0,0.0,1.5512211916668406,1.518083000007664,1.8000330000063514,1.8705367899984537,120.0,120.0,1.0
2,fafafc5008dd932c27fec409716eb7547c4f3fee,rvt_swarm,0,0,30000813,13,80ad18d8a66635759d09df0b7ea67336,open_field,8,0.0,1.0,1.0,0.0,0.0,0.0,0.0,0.4004105031490326,0.5500191450119019,0.0,0.0,1.0,1.0,0.8766433328390122,1.4357776641845703,0.0,0.15,0.0,nan,2.0,27.0,0.225,1.6313309083341683,1.584187500007772,1.9296101000065846,2.011148689998663,120.0,120.0,1.0
2,fafafc5008dd932c27fec409716eb7547c4f3fee,rvt_swarm,0,0,30000814,14,f146ea0bbdaf6eaeea35d47ded024e50,open_field,8,0.0,1.0,1.0,0.0,0.0,0.0,0.0,0.4001518189907074,0.5520979762077332,0.0,0.0,0.0,0.0,0.7326649469633897,1.4251890182495117,0.0,0.35833333333333334,0.0,nan,0.0,0.0,0.0,1.5622798583338,1.5271459999937065,1.7720711500025743,1.8898040200014066,120.0,120.0,1.0
2,fafafc5008dd932c27fec409716eb7547c4f3fee,rvt_swarm,0,0,30000815,15,b15e1d4656032b7c98dcbbe3a9845b89,open_field,8,0.0,1.0,1.0,0.0,0.0,0.0,0.0,0.4001094102859497,0.7585926055908203,0.0,0.0,0.0,0.0,0.8974519367019336,1.3637948036193848,0.0,0.0,0.0,nan,0.0,0.0,0.0,1.5623007249994696,1.5405624999971224,1.7776267500060783,1.8507529799965994,120.0,120.0,1.0
2,fafafc5008dd932c27fec409716eb7547c4f3fee,rvt_swarm,0,0,30000816,16,0e02833d827dbe9238ac8eaf7aaf1693,open_field,8,0.0,1.0,1.0,0.0,0.0,0.0,0.0,0.40024933218955994,0.554955780506134,1.0,1.0,1.0,1.0,0.780587033679088,1.6046117544174194,0.0,0.39166666666666666,0.09166666666666666,nan,0.0,0.0,0.0,1.5483729250005258,1.5199164999941672,1.8063271000009706,1.8691090400071175,120.0,120.0,1.0
2,fafafc5008dd932c27fec409716eb7547c4f3fee,rvt_swarm,0,0,30000817,17,71cfeecf3a9e8d0d94ac9bda1790bb95,open_field,8,0.0,1.0,1.0,0.0,0.0,0.0,0.0,0.4004059433937073,0.5505357384681702,1.0,1.0,1.0,1.0,1.0908305138349532,1.5749754905700684,0.0,0.0,0.19166666666666668,nan,1.0,77.0,0.6416666666666667,1.66645766666574,1.6410420000028125,1.9258514499931323,2.074947560006848,120.0,120.0,1.0
2,fafafc5008dd932c27fec409716eb7547c4f3fee,rvt_swarm,0,0,30000818,18,cdb34ae03e094397f83fe601935fdbc5,open_field,8,0.0,1.0,1.0,0.0,0.0,0.0,0.0,0.40207695960998535,0.5593451261520386,1.0,1.0,1.0,1.0,1.0022256637612978,1.4099531173706055,0.0,0.0,0.16666666666666666,nan,1.0,24.0,0.2,1.5993513833329587,1.5669375000015862,1.887158349997975,2.067250000000911,120.0,120.0,1.0
2,fafafc5008dd932c27fec409716eb7547c4f3fee,rvt_swarm,0,0,30000819,19,dfd93c099689cf7b394dbf6c740fab5a,open_field,8,0.0,1.0,1.0,0.0,0.0,0.0,0.0,0.40013834834098816,0.5506529808044434,0.0,0.0,1.0,1.0,0.8685283904274305,1.389427900314331,0.0,0.058333333333333334,0.0,nan,1.0,83.0,0.6916666666666667,1.6754371750006196,1.6573954999969942,1.9624434500087773,2.020587769998059,120.0,120.0,1.0
2,fafafc5008dd932c27fec409716eb7547c4f3fee,rvt_swarm,0,0,30000820,20,237d84ab9991a8ce69874260767699e1,open_field,8,0.0,1.0,1.0,0.0,0.0,0.0,0.0,0.41260796785354614,0.550719678401947,0.0,0.0,1.0,1.0,1.053950426975886,1.5545729398727417,0.0,0.0,0.0,nan,3.0,95.0,0.7916666666666666,1.6818354249997707,1.6574579999968364,1.956581249992695,2.020474979996294,120.0,120.0,1.0
2,fafafc5008dd932c27fec409716eb7547c4f3fee,rvt_swarm,0,0,30000821,21,58ba9338b4fded27f8075a3f19b382bc,open_field,8,0.0,1.0,1.0,0.0,0.0,0.0,0.0,0.4054785370826721,0.5506364703178406,0.0,0.0,1.0,1.0,0.9538503473003705,1.2377909421920776,0.0,0.0,0.025,nan,1.0,94.0,0.7833333333333333,1.6676544416678023,1.646666500001004,1.9321631500034187,2.051184999992728,120.0,120.0,1.0
2,fafafc5008dd932c27fec409716eb7547c4f3fee,rvt_swarm,0,0,30000822,22,eb254dd85d25dbba80f0b936fa4aa639,open_field,8,0.0,1.0,1.0,0.0,0.0,0.0,0.0,0.40018001198768616,2.2118101119995117,0.0,0.0,0.0,0.0,0.817693454772234,1.4201817512512207,0.0,0.21666666666666667,0.0,nan,0.0,0.0,0.0,1.5387208249996103,1.521124500001747,1.7433329999953173,1.7977682499942205,120.0,120.0,1.0
2,fafafc5008dd932c27fec409716eb7547c4f3fee,rvt_swarm,0,0,30000823,23,f07fa1773f863004bc433b608bc48102,open_field,8,0.0,1.0,1.0,0.0,0.0,0.0,0.0,0.40137770771980286,0.8369513750076294,1.0,1.0,1.0,1.0,0.9128395770986875,1.3738791942596436,0.0,0.05,0.08333333333333333,nan,1.0,33.0,0.275,1.6225840083335423,1.6013124999929573,1.8641955000042287,2.002520020000702,120.0,120.0,1.0
2,fafafc5008dd932c27fec409716eb7547c4f3fee,rvt_swarm,0,0,30000824,24,463b21ad76eb7a9bdcb3708067396070,open_field,8,0.0,1.0,1.0,0.0,0.0,0.0,0.0,0.4012116491794586,0.5509811043739319,0.0,0.0,1.0,1.0,1.2824088538686433,2.1008284091949463,0.0,0.0,0.025,nan,17.0,96.0,0.8,1.6752083500003085,1.6544580000044107,1.928435700007469,2.0328384800073707,120.0,120.0,1.0
2,fafafc5008dd932c27fec409716eb7547c4f3fee,rvt_swarm,0,0,30000825,25,3bf05767ffe64f342a97d7d849f354be,open_field,8,1.0,1.0,1.0,0.0,0.0,0.0,0.0,0.4000469148159027,0.5514431595802307,0.0,0.0,0.0,0.0,0.8793740280364689,1.369966745376587,0.0,0.17543859649122806,0.0,17.099999999999998,0.0,0.0,0.0,1.5537170614036593,1.5095414999990453,1.7835062500019205,1.802202209998569,114.0,114.0,0.0
2,fafafc5008dd932c27fec409716eb7547c4f3fee,rvt_swarm,0,0,30000826,26,21a5a5a76ae8b09348d093396fda28ba,open_field,8,0.0,1.0,1.0,0.0,0.0,0.0,0.0,0.4001294672489166,0.5500030517578125,1.0,1.0,1.0,1.0,1.0264006068309148,1.750444769859314,0.0,0.0,0.06666666666666667,nan,3.0,94.0,0.7833333333333333,1.6712906000002192,1.6428125000018667,1.9381854500089446,2.002502439997471,120.0,120.0,1.0
2,fafafc5008dd932c27fec409716eb7547c4f3fee,rvt_swarm,0,0,30000827,27,b44ce2bd59bdf2d45b6eeda76cdfc6f4,open_field,8,0.0,1.0,1.0,0.0,0.0,0.0,0.0,0.4013105034828186,1.244216799736023,1.0,1.0,1.0,1.0,0.8843965758879979,1.2735426425933838,0.0,0.0,0.18333333333333332,nan,1.0,0.0,0.0,1.5484184000002916,1.5261250000051518,1.7657545000027142,1.8384042299993553,120.0,120.0,1.0
2,fafafc5008dd932c27fec409716eb7547c4f3fee,rvt_swarm,0,0,30000828,28,78929d1db6f254964a85ea6adc3ef974,open_field,8,0.0,1.0,1.0,0.0,0.0,0.0,0.0,0.40203550457954407,0.5500379800796509,0.0,0.0,1.0,1.0,1.1161533743143082,2.3696396350860596,0.0,0.0,0.03333333333333333,nan,5.0,66.0,0.55,1.6579072666678722,1.6390834999953086,2.0036181000072872,2.0629027699995106,120.0,120.0,1.0
2,fafafc5008dd932c27fec409716eb7547c4f3fee,rvt_swarm,0,0,30000829,29,01f5c1670295daaa594a5c5bbf6e8d4d,open_field,8,0.0,1.0,1.0,0.0,0.0,0.0,0.0,0.40963974595069885,0.632798433303833,1.0,1.0,1.0,1.0,0.8601089149713517,1.26235830783844,0.0,0.06666666666666667,0.058333333333333334,nan,1.0,59.0,0.49166666666666664,1.6382059000002631,1.6128960000045822,1.9781666500080064,2.0498122099934335,120.0,120.0,1.0
2,fafafc5008dd932c27fec409716eb7547c4f3fee,rvt_swarm,0,0,30010400,0,31579f3494bdeac66e4eab6c52b74603,narrow_passage,4,0.0,1.0,1.0,0.0,0.0,0.0,0.0,0.40522539615631104,0.5501823425292969,0.0,0.0,1.0,1.0,0.99735254139329,1.846730351448059,0.0,0.175,0.0,nan,14.0,101.0,0.8416666666666667,1.2582569583327559,1.264353999999912,1.3631860499913273,1.383881729998535,120.0,120.0,1.0
2,fafafc5008dd932c27fec409716eb7547c4f3fee,rvt_swarm,0,0,30010401,1,9e782a1e714588d2665b89fd51618725,narrow_passage,4,0.0,0.0,1.0,0.0,0.0,0.0,2.0,0.40014293789863586,0.540107011795044,0.0,0.0,1.0,0.0,0.6605694020787874,1.8738826513290405,0.0,0.5416666666666666,0.025,nan,7.0,114.0,0.95,1.3290483083326403,1.3395209999984559,1.467483300005057,1.5316870000015115,120.0,120.0,1.0
2,fafafc5008dd932c27fec409716eb7547c4f3fee,rvt_swarm,0,0,30010402,2,f8f4b9889382b01a5e46e272d42ae713,narrow_passage,4,0.0,1.0,1.0,0.0,0.0,0.0,0.0,0.4128521978855133,0.5500150322914124,1.0,1.0,1.0,1.0,0.8343418476482233,1.2134519815444946,0.0,0.20833333333333334,0.175,nan,1.0,96.0,0.8,1.2979451083334463,1.312978999997938,1.4424687499968059,1.4623249800101235,120.0,120.0,1.0
2,fafafc5008dd932c27fec409716eb7547c4f3fee,rvt_swarm,0,0,30010403,3,e992e8070e9906848eb7ef3e2336ff29,narrow_passage,4,0.0,1.0,1.0,0.0,0.0,0.0,0.0,0.4015606641769409,0.5500622987747192,0.0,0.0,1.0,1.0,0.6626435302197933,1.0129820108413696,0.0,0.24166666666666667,0.09166666666666666,nan,14.0,81.0,0.675,1.2914027166668045,1.324937999996223,1.4431106999950316,1.4808009800016464,120.0,120.0,1.0
2,fafafc5008dd932c27fec409716eb7547c4f3fee,rvt_swarm,0,0,30010404,4,05a35d733f2a99635553db47e869cb1a,narrow_passage,4,0.0,0.0,1.0,0.0,0.0,1.0,0.0,0.3997023105621338,0.5500151515007019,0.0,0.0,1.0,1.0,0.9171760563428203,1.621301531791687,0.0,0.18333333333333332,0.1,nan,32.0,115.0,0.9583333333333334,1.3006401916658916,1.2954585000031216,1.4182068999936348,1.4384570200068936,120.0,120.0,1.0
2,fafafc5008dd932c27fec409716eb7547c4f3fee,rvt_swarm,0,0,30010405,5,c07fe30cc73f56e6ad439c4f55d5f03a,narrow_passage,4,0.0,1.0,1.0,0.0,0.0,0.0,0.0,0.40075013041496277,0.5500298142433167,1.0,1.0,1.0,1.0,0.8043545794983705,1.7842330932617188,0.0,0.175,0.2916666666666667,nan,5.0,115.0,0.9583333333333334,1.315750716667215,1.3112500000076466,1.4270274000040217,1.5055612499972428,120.0,120.0,1.0
2,fafafc5008dd932c27fec409716eb7547c4f3fee,rvt_swarm,0,0,30010406,6,d1e390e2f3cc3119b04963150a0c0c72,narrow_passage,4,0.0,1.0,1.0,0.0,0.0,0.0,0.0,0.4003824293613434,0.5501173734664917,0.0,0.0,1.0,1.0,0.9805987425148487,1.7381025552749634,0.0,0.21666666666666667,0.008333333333333333,nan,12.0,94.0,0.7833333333333333,1.281614633333561,1.306270999997139,1.4258840000024975,1.439707979999696,120.0,120.0,1.0
2,fafafc5008dd932c27fec409716eb7547c4f3fee,rvt_swarm,0,0,30010407,7,c87ae162d62cb46d774be635ee84cfdb,narrow_passage,4,0.0,1.0,1.0,0.0,0.0,0.0,0.0,0.4023033678531647,0.5501375794410706,0.0,0.0,1.0,1.0,1.1895900620768467,2.695736885070801,0.0,0.30833333333333335,0.0,nan,17.0,79.0,0.6583333333333333,1.2351528083330028,1.243478999995773,1.3672312500027317,1.3981082699923775,120.0,120.0,1.0
2,fafafc5008dd932c27fec409716eb7547c4f3fee,rvt_swarm,0,0,30010408,8,9d39b02b55b2135b171fd6209c5c1c61,narrow_passage,4,0.0,1.0,1.0,0.0,0.0,0.0,0.0,0.42000001668930054,0.5500059127807617,0.0,0.0,1.0,1.0,1.0306418905655543,2.0475497245788574,0.0,0.175,0.0,nan,13.0,119.0,0.9916666666666667,1.3207468583329292,1.3059379999944554,1.4846103999929028,1.5477049999950054,120.0,120.0,1.0
2,fafafc5008dd932c27fec409716eb7547c4f3fee,rvt_swarm,0,0,30010409,9,9ef3391207c932ddafb5f3a827cd2ad4,narrow_passage,4,0.0,1.0,1.0,0.0,0.0,0.0,0.0,0.40024468302726746,0.5500026941299438,0.0,0.0,1.0,1.0,0.9775068935006856,1.9053529500961304,0.0,0.19166666666666668,0.26666666666666666,nan,17.0,113.0,0.9416666666666667,1.3418861333327925,1.3487714999982359,1.4737625000023513,1.5023855600057345,120.0,120.0,1.0
2,fafafc5008dd932c27fec409716eb7547c4f3fee,rvt_swarm,0,0,30010410,10,b1f5a0afd844c19f5e884872e40c0be4,narrow_passage,4,0.0,1.0,1.0,0.0,0.0,0.0,0.0,0.40004023909568787,0.5500913858413696,0.0,0.0,1.0,1.0,0.7306604313353697,1.0261300802230835,0.0,0.18333333333333332,0.0,nan,1.0,99.0,0.825,1.2934225583323429,1.3043335000020306,1.4355526999935364,1.483131249999019,120.0,120.0,1.0
2,fafafc5008dd932c27fec409716eb7547c4f3fee,rvt_swarm,0,0,30010411,11,1b597f4a288c7ac39f7b8e6bad1857b6,narrow_passage,4,0.0,1.0,1.0,0.0,0.0,0.0,0.0,0.4010390639305115,0.550028920173645,1.0,1.0,1.0,1.0,0.8102516200393438,1.7282390594482422,0.0,0.18333333333333332,0.25,nan,11.0,107.0,0.8916666666666667,1.3141917166660022,1.326020999997013,1.4332714499985855,1.4905965199976379,120.0,120.0,1.0
2,fafafc5008dd932c27fec409716eb7547c4f3fee,rvt_swarm,0,0,30010412,12,047c0d2c12f23856da7ee4959599ac02,narrow_passage,4,0.0,1.0,1.0,0.0,0.0,0.0,0.0,0.4025792181491852,0.550308108329773,0.0,0.0,1.0,1.0,0.9704463424161076,2.1892666816711426,0.0,0.21666666666666667,0.0,nan,8.0,111.0,0.925,1.2794701416673604,1.2752500000061673,1.4168708500051252,1.5204534600043476,120.0,120.0,1.0
2,fafafc5008dd932c27fec409716eb7547c4f3fee,rvt_swarm,0,0,30010413,13,5785b810273d7fca6b172f9e5c0113f8,narrow_passage,4,0.0,0.0,1.0,0.0,0.0,5.0,0.0,0.37688693404197693,0.5500087738037109,0.0,0.0,1.0,1.0,1.2128090300907692,2.5819754600524902,0.0,0.16666666666666666,0.0,nan,10.0,117.0,0.975,1.2845504083332553,1.2785834999959889,1.3704020999938393,1.4207697299941913,120.0,120.0,1.0
2,fafafc5008dd932c27fec409716eb7547c4f3fee,rvt_swarm,0,0,30010414,14,caad215f384fadfae55cae3c2f92b75b,narrow_passage,4,0.0,0.0,1.0,0.0,0.0,1.0,0.0,0.39669695496559143,0.5500054359436035,0.0,0.0,1.0,1.0,0.9863671268026034,2.139012336730957,0.0,0.35,0.008333333333333333,nan,15.0,82.0,0.6833333333333333,1.2381392583326563,1.2447709999889867,1.3854666499980794,1.445255480004022,120.0,120.0,1.0
2,fafafc5008dd932c27fec409716eb7547c4f3fee,rvt_swarm,0,0,30010415,15,af04a77a1ce006e2036cfef012266809,narrow_passage,4,0.0,1.0,1.0,0.0,0.0,0.0,0.0,0.412805438041687,0.5502623915672302,0.0,0.0,1.0,1.0,0.6409859297176203,1.5802946090698242,0.0,0.35,0.0,nan,3.0,109.0,0.9083333333333333,1.286526724999722,1.2837705000023902,1.403724699998321,1.4512930000091728,120.0,120.0,1.0
2,fafafc5008dd932c27fec409716eb7547c4f3fee,rvt_swarm,0,0,30010416,16,cb3e8776db00b20587e782f4640ff3e9,narrow_passage,4,0.0,1.0,1.0,0.0,0.0,0.0,0.0,0.4161134660243988,0.550221860408783,0.0,0.0,1.0,1.0,0.6903047006577253,1.7439181804656982,0.0,0.35,0.0,nan,9.0,110.0,0.9166666666666666,1.2626236166666398,1.258958000001087,1.362870500001634,1.5046984800017074,120.0,120.0,1.0
2,fafafc5008dd932c27fec409716eb7547c4f3fee,rvt_swarm,0,0,30010417,17,8c161905744b72ce3806cdef5a60a890,narrow_passage,4,0.0,1.0,1.0,0.0,0.0,0.0,0.0,0.40001824498176575,0.5500047206878662,0.0,0.0,1.0,1.0,0.8136858070890108,1.844581961631775,0.0,0.16666666666666666,0.25,nan,3.0,119.0,0.9916666666666667,1.3202229499992058,1.31533350000268,1.4446003500019344,1.470004250007264,120.0,120.0,1.0
2,fafafc5008dd932c27fec409716eb7547c4f3fee,rvt_swarm,0,0,30010418,18,8299fb03907aee93b1874ec0e5ba0ee4,narrow_passage,4,0.0,1.0,1.0,0.0,0.0,0.0,0.0,0.4135485589504242,0.5500437617301941,0.0,0.0,1.0,1.0,0.8014025473346312,1.641077995300293,0.0,0.2,0.0,nan,9.0,111.0,0.925,1.2735715416660298,1.269895500001894,1.3709291499921505,1.3945025000008116,120.0,120.0,1.0
2,fafafc5008dd932c27fec409716eb7547c4f3fee,rvt_swarm,0,0,30010419,19,0a1c460b59400bea6c216dbade3b172c,narrow_passage,4,0.0,1.0,1.0,0.0,0.0,0.0,0.0,0.4014148414134979,0.5500508546829224,0.0,0.0,1.0,0.0,0.5342457659542561,0.9190539121627808,1.0,0.425,0.225,nan,1.0,79.0,0.6583333333333333,1.3016382416659884,1.3515209999965805,1.4589208499977246,1.4966690199931065,120.0,120.0,1.0
2,fafafc5008dd932c27fec409716eb7547c4f3fee,rvt_swarm,0,0,30010420,20,0dd9f758fa418e6e1dca444a970f5c05,narrow_passage,4,0.0,1.0,1.0,0.0,0.0,0.0,0.0,0.403059184551239,0.5500211119651794,0.0,0.0,1.0,1.0,1.203179025525848,2.563281536102295,0.0,0.19166666666666668,0.0,nan,39.0,119.0,0.9916666666666667,1.2850382000002252,1.275333499997089,1.377465200010164,1.403738689999443,120.0,120.0,1.0
2,fafafc5008dd932c27fec409716eb7547c4f3fee,rvt_swarm,0,0,30010421,21,8c8c461191d75df3b35088073299bd84,narrow_passage,4,0.0,1.0,1.0,0.0,0.0,0.0,0.0,0.4089862108230591,0.5503633618354797,0.0,0.0,1.0,1.0,0.9469977166503668,2.149444580078125,0.0,0.3,0.0,nan,4.0,112.0,0.9333333333333333,1.2798718333340748,1.2701250000048958,1.3779999999904646,1.4496577899996055,120.0,120.0,1.0
2,fafafc5008dd932c27fec409716eb7547c4f3fee,rvt_swarm,0,0,30010422,22,1faa7b175ada3810d3222858efc53ee5,narrow_passage,4,0.0,1.0,1.0,0.0,0.0,0.0,0.0,0.40017756819725037,0.5500504374504089,0.0,0.0,1.0,1.0,1.0649809983869394,1.9497671127319336,0.0,0.16666666666666666,0.0,nan,17.0,111.0,0.925,1.3101215083333766,1.3009169999946835,1.430897899997774,1.5791590399996382,120.0,120.0,1.0
2,fafafc5008dd932c27fec409716eb7547c4f3fee,rvt_swarm,0,0,30010423,23,e211a8337444f3e1ce3d3efd8cd8033e,narrow_passage,4,0.0,1.0,1.0,0.0,0.0,0.0,0.0,0.41088077425956726,0.5500349998474121,0.0,0.0,1.0,1.0,1.2333540440226594,2.7931320667266846,0.0,0.175,0.0,nan,18.0,113.0,0.9416666666666667,1.2836232166677064,1.283791500000575,1.4006874999886065,1.4234865400000274,120.0,120.0,1.0
2,fafafc5008dd932c27fec409716eb7547c4f3fee,rvt_swarm,0,0,30010424,24,d1b38a1b78a634c72e0f4fe990e0c2d6,narrow_passage,4,0.0,1.0,1.0,0.0,0.0,0.0,0.0,0.4011473059654236,0.5500327348709106,1.0,1.0,1.0,1.0,0.7466759426519275,1.7785522937774658,0.0,0.175,0.25,nan,9.0,118.0,0.9833333333333333,1.3253399666672532,1.3293545000010454,1.4248128000090787,1.546356250002532,120.0,120.0,1.0
2,fafafc5008dd932c27fec409716eb7547c4f3fee,rvt_swarm,0,0,30010425,25,3a720bbf517d5dfb707a436e2fe7f065,narrow_passage,4,0.0,1.0,1.0,0.0,0.0,0.0,0.0,0.40212634205818176,0.5500604510307312,0.0,0.0,1.0,1.0,0.8641500653078159,2.0679891109466553,0.0,0.35,0.008333333333333333,nan,9.0,98.0,0.8166666666666667,1.2625989500001822,1.2654794999988894,1.3689348000049506,1.4079330600053197,120.0,120.0,1.0
2,fafafc5008dd932c27fec409716eb7547c4f3fee,rvt_swarm,0,0,30010426,26,475278c0921997d500a58cbb90aa3e3b,narrow_passage,4,0.0,1.0,1.0,0.0,0.0,0.0,0.0,0.4611046314239502,0.5500105619430542,0.0,0.0,1.0,1.0,1.0496875002980233,1.8136956691741943,0.0,0.175,0.11666666666666667,nan,47.0,108.0,0.9,1.2912614333323802,1.2830004999955236,1.432697250000814,1.5517380399947458,120.0,120.0,1.0
2,fafafc5008dd932c27fec409716eb7547c4f3fee,rvt_swarm,0,0,30010427,27,5f4a83befed9baafef20aae85d579721,narrow_passage,4,0.0,1.0,1.0,0.0,0.0,0.0,0.0,0.4007266163825989,0.5500794649124146,0.0,0.0,1.0,1.0,1.0019442689294615,1.8235043287277222,0.0,0.16666666666666666,0.09166666666666666,nan,16.0,117.0,0.975,1.3289198083332583,1.3147709999969948,1.454768450010846,1.599781810000849,120.0,120.0,1.0
2,fafafc5008dd932c27fec409716eb7547c4f3fee,rvt_swarm,0,0,30010428,28,674f1f67e0d232cf11e805af94eabb99,narrow_passage,4,0.0,1.0,1.0,0.0,0.0,0.0,0.0,0.40132936835289,0.5500541925430298,0.0,0.0,1.0,0.0,0.6736633876338601,1.7716946601867676,1.0,0.5666666666666667,0.13333333333333333,nan,12.0,105.0,0.875,1.36196289166719,1.3428124999990132,1.5951062499951263,1.6468069600043125,120.0,120.0,1.0
2,fafafc5008dd932c27fec409716eb7547c4f3fee,rvt_swarm,0,0,30010429,29,ac1605e43f03e501ca982f746bbd3d8d,narrow_passage,4,0.0,1.0,1.0,0.0,0.0,0.0,0.0,0.40017208456993103,0.5500398278236389,0.0,0.0,1.0,1.0,0.6703367973988255,1.6741961240768433,0.0,0.39166666666666666,0.016666666666666666,nan,7.0,106.0,0.8833333333333333,1.3862652666663422,1.3739794999949595,1.561695200000912,1.7536527099942134,120.0,120.0,1.0
2,fafafc5008dd932c27fec409716eb7547c4f3fee,rvt_swarm,0,0,30010800,0,37826b5cb94773f71f42a9d7494d9007,narrow_passage,8,0.0,0.0,1.0,0.0,0.0,2.0,0.0,0.3900108337402344,0.5500226020812988,0.0,0.0,1.0,1.0,1.0178014705578486,1.7495681047439575,0.0,0.0,0.0,nan,1.0,94.0,0.7833333333333333,2.560277424999787,2.583416500002045,2.9049524000100746,2.973121730005772,120.0,120.0,1.0
2,fafafc5008dd932c27fec409716eb7547c4f3fee,rvt_swarm,0,0,30010801,1,aab657c7231f3b2de009a54591cb599e,narrow_passage,8,0.0,0.0,1.0,0.0,0.0,0.0,1.0,0.40012818574905396,0.5484463572502136,0.0,0.0,1.0,1.0,1.4430492654442788,2.1292128562927246,0.0,0.175,0.05,nan,31.0,119.0,0.9916666666666667,2.5112777666671824,2.473854000001552,2.77496875000125,2.84165631000306,120.0,120.0,1.0
2,fafafc5008dd932c27fec409716eb7547c4f3fee,rvt_swarm,0,0,30010802,2,36c87cc1ed96dcebea9e241cf0203c0c,narrow_passage,8,0.0,0.0,0.0,0.0,0.0,0.0,8.0,0.4004587233066559,0.5274994373321533,0.0,0.0,1.0,1.0,1.2263809759169817,2.575547218322754,0.0,0.16666666666666666,0.0,nan,14.0,119.0,0.9916666666666667,2.4980902666669635,2.4700835000004417,2.773120850007871,2.8804372300010073,120.0,120.0,1.0
2,fafafc5008dd932c27fec409716eb7547c4f3fee,rvt_swarm,0,0,30010803,3,6eff456d9ec047f8af81e30732029087,narrow_passage,8,0.0,1.0,1.0,0.0,0.0,0.0,0.0,0.40206199884414673,0.5500155687332153,0.0,0.0,1.0,1.0,1.3583346739411355,2.2155466079711914,0.0,0.05,0.0,nan,2.0,69.0,0.575,2.3428232333332724,2.3502505000010387,2.674352399996849,2.772886460004571,120.0,120.0,1.0
2,fafafc5008dd932c27fec409716eb7547c4f3fee,rvt_swarm,0,0,30010804,4,da6aafc6c47c4b53dea187c40f8e251a,narrow_passage,8,0.0,0.0,1.0,0.0,0.0,9.0,2.0,0.39342859387397766,0.5476046204566956,0.0,0.0,1.0,1.0,1.074165491387248,2.0470428466796875,0.0,0.175,0.0,nan,18.0,119.0,0.9916666666666667,2.5409246666662,2.516978999999253,2.8366621999907693,2.906736959988905,120.0,120.0,1.0
2,fafafc5008dd932c27fec409716eb7547c4f3fee,rvt_swarm,0,0,30010805,5,dc8c3f6c9f6db4491c448cb8e91cbb06,narrow_passage,8,0.0,0.0,1.0,0.0,0.0,4.0,4.0,0.3936534821987152,0.5487046241760254,1.0,1.0,1.0,1.0,1.1739912120004494,1.9992098808288574,0.0,0.175,0.225,nan,39.0,119.0,0.9916666666666667,2.549521874999646,2.520500000002812,2.8666868500046405,2.969996019990333,120.0,120.0,1.0
2,fafafc5008dd932c27fec409716eb7547c4f3fee,rvt_swarm,0,0,30010806,6,c2e663acce0596b58e18b2f850c3fcf7,narrow_passage,8,0.0,0.0,1.0,0.0,0.0,0.0,9.0,0.4003228545188904,0.5304532051086426,0.0,0.0,1.0,1.0,1.010220587129394,2.0769224166870117,0.0,0.15833333333333333,0.0,nan,10.0,115.0,0.9583333333333334,2.540879133333481,2.5306665000002226,2.790729499998434,2.9756060399952844,120.0,120.0,1.0
2,fafafc5008dd932c27fec409716eb7547c4f3fee,rvt_swarm,0,0,30010807,7,15d12b5e8db39a121547de04e9532a60,narrow_passage,8,0.0,1.0,1.0,0.0,0.0,0.0,0.0,0.4001985192298889,0.5500046610832214,0.0,0.0,1.0,1.0,1.3613209040214618,2.974661350250244,0.0,0.15833333333333333,0.0,nan,35.0,114.0,0.95,2.5424301499998117,2.5178539999899385,2.8616610500016293,2.919252230002485,120.0,120.0,1.0
2,fafafc5008dd932c27fec409716eb7547c4f3fee,rvt_swarm,0,0,30010808,8,df9499122f51ab20e686fab88eec1f62,narrow_passage,8,0.0,0.0,1.0,0.0,0.0,5.0,10.0,0.39088359475135803,0.5369678139686584,0.0,0.0,1.0,1.0,0.9307761659224828,1.4147603511810303,0.0,0.0,0.025,nan,3.0,82.0,0.6833333333333333,2.514407974999363,2.563999499997749,2.8646618499969634,2.945903000006922,120.0,120.0,1.0
2,fafafc5008dd932c27fec409716eb7547c4f3fee,rvt_swarm,0,0,30010809,9,264075bdbb1a1f26bd1d562ba91ff6af,narrow_passage,8,0.0,1.0,1.0,0.0,0.0,0.0,0.0,0.4002111256122589,0.550009548664093,0.0,0.0,1.0,1.0,1.0411703509589036,3.1857948303222656,0.0,0.175,0.0,nan,2.0,119.0,0.9916666666666667,2.542276725000766,2.5332710000043335,2.769175000003088,2.878616539992578,120.0,120.0,1.0
2,fafafc5008dd932c27fec409716eb7547c4f3fee,rvt_swarm,0,0,30010810,10,4b394c89fa944e4cb7483021983d61f2,narrow_passage,8,0.0,0.0,1.0,0.0,0.0,2.0,13.0,0.3789340853691101,0.5374926328659058,0.0,0.0,1.0,1.0,0.9362221524119377,1.8814702033996582,0.0,0.16666666666666666,0.0,nan,14.0,119.0,0.9916666666666667,2.5243996416674483,2.4839790000044104,2.8139396000021577,2.8722157099961976,120.0,120.0,1.0
2,fafafc5008dd932c27fec409716eb7547c4f3fee,rvt_swarm,0,0,30010811,11,9298b9110b74714f5f31aae145010a6a,narrow_passage,8,0.0,0.0,1.0,0.0,0.0,1.0,7.0,0.3971100151538849,0.5476881861686707,1.0,1.0,1.0,1.0,1.15322972809275,1.9719773530960083,0.0,0.15833333333333333,0.15833333333333333,nan,33.0,119.0,0.9916666666666667,2.5238576750005848,2.51706249999728,2.760254499996506,2.8621887499996035,120.0,120.0,1.0
2,fafafc5008dd932c27fec409716eb7547c4f3fee,rvt_swarm,0,0,30010812,12,59861da3071b1c4bdfb4fd5284ec6726,narrow_passage,8,0.0,1.0,1.0,0.0,0.0,0.0,0.0,0.4018397927284241,0.550004243850708,0.0,0.0,1.0,1.0,1.0722960468381644,2.0742838382720947,0.0,0.175,0.008333333333333333,nan,20.0,119.0,0.9916666666666667,2.5849965916670214,2.5602919999982987,2.887954150001093,3.060371479996178,120.0,120.0,1.0
2,fafafc5008dd932c27fec409716eb7547c4f3fee,rvt_swarm,0,0,30010813,13,8aee7488b037d72b1999343ac1bd1337,narrow_passage,8,0.0,1.0,1.0,0.0,0.0,0.0,0.0,0.40011101961135864,0.5500075817108154,0.0,0.0,1.0,1.0,1.081141424179077,1.9381448030471802,0.0,0.16666666666666666,0.0,nan,22.0,119.0,0.9916666666666667,2.6054145250000715,2.5937289999973245,2.913579149991108,2.9515732699924513,120.0,120.0,1.0
2,fafafc5008dd932c27fec409716eb7547c4f3fee,rvt_swarm,0,0,30010814,14,86419ba5e538fcba08762820869ee098,narrow_passage,8,0.0,0.0,1.0,0.0,0.0,2.0,2.0,0.3952101171016693,0.5488265156745911,0.0,0.0,1.0,1.0,0.8799629827340444,1.151741623878479,0.0,0.175,0.11666666666666667,nan,1.0,119.0,0.9916666666666667,2.7056316166667926,2.6476670000050717,3.0500396000043395,4.418178749997284,120.0,120.0,1.0
2,fafafc5008dd932c27fec409716eb7547c4f3fee,rvt_swarm,0,0,30010815,15,cdfedb0a37a3ff09dd961cb4a2584354,narrow_passage,8,0.0,0.0,0.0,0.0,0.0,12.0,12.0,0.39668703079223633,0.5447359681129456,0.0,0.0,1.0,1.0,1.2425640160838762,2.985865592956543,0.0,0.15833333333333333,0.0,nan,17.0,115.0,0.9583333333333334,2.508835366666299,2.497437500004196,2.714545200004892,2.8796985200024494,120.0,120.0,1.0
2,fafafc5008dd932c27fec409716eb7547c4f3fee,rvt_swarm,0,0,30010816,16,1e4a1765644073de16e94124389d2a48,narrow_passage,8,0.0,0.0,1.0,0.0,0.0,2.0,2.0,0.3962787687778473,0.5430712699890137,0.0,0.0,1.0,1.0,1.108029438679417,1.8515748977661133,0.0,0.175,0.03333333333333333,nan,15.0,119.0,0.9916666666666667,2.553732275000087,2.547292000002699,2.7904392499941366,2.932527500008746,120.0,120.0,1.0
2,fafafc5008dd932c27fec409716eb7547c4f3fee,rvt_swarm,0,0,30010817,17,09ce9d64b6dc31e641e0a453d0d3c2de,narrow_passage,8,0.0,1.0,1.0,0.0,0.0,0.0,0.0,0.40020158886909485,0.5500589609146118,0.0,0.0,1.0,1.0,1.007819623996814,2.0125339031219482,0.0,0.16666666666666666,0.0,nan,7.0,105.0,0.875,2.5518295249993863,2.5693334999985495,2.8604562499985775,2.9615340199929108,120.0,120.0,1.0
2,fafafc5008dd932c27fec409716eb7547c4f3fee,rvt_swarm,0,0,30010818,18,b872b093181cfcc5bf728f321d53d115,narrow_passage,8,0.0,0.0,1.0,0.0,0.0,1.0,0.0,0.3918079733848572,0.5500174760818481,1.0,1.0,1.0,1.0,1.0653502341359853,1.9671629667282104,0.0,0.15833333333333333,0.25,nan,5.0,111.0,0.925,2.625615958333564,2.671250000005898,2.9289389500050333,3.076804940005502,120.0,120.0,1.0
2,fafafc5008dd932c27fec409716eb7547c4f3fee,rvt_swarm,0,0,30010819,19,2501d76550073819bb55a023b2644e38,narrow_passage,8,0.0,1.0,1.0,0.0,0.0,0.0,0.0,0.40020573139190674,0.5500308275222778,0.0,0.0,1.0,1.0,0.9426273052891095,1.477590799331665,0.0,0.0,0.0,nan,1.0,61.0,0.5083333333333333,2.409188524999569,2.4408545000014215,2.8013235499976474,2.855605210006189,120.0,120.0,1.0
2,fafafc5008dd932c27fec409716eb7547c4f3fee,rvt_swarm,0,0,30010820,20,36ec80247c2804eeae6b2d659287cb43,narrow_passage,8,0.0,1.0,1.0,0.0,0.0,0.0,0.0,0.4004550278186798,0.5500084757804871,0.0,0.0,1.0,1.0,1.450054108723998,2.507781505584717,0.0,0.16666666666666666,0.0,nan,13.0,118.0,0.9833333333333333,2.530874049999691,2.4971459999960643,2.8124017500090304,2.9108725000045865,120.0,120.0,1.0
2,fafafc5008dd932c27fec409716eb7547c4f3fee,rvt_swarm,0,0,30010821,21,a74dc2185c7cdcff1761b74c27f8ca13,narrow_passage,8,0.0,0.0,1.0,0.0,0.0,0.0,7.0,0.4013656973838806,0.526452362537384,0.0,0.0,1.0,1.0,1.0911825389911731,1.9516302347183228,0.0,0.15833333333333333,0.0,nan,12.0,115.0,0.9583333333333334,2.558843050000211,2.5438750000006394,2.8090461499957087,2.9001877699914758,120.0,120.0,1.0
2,fafafc5008dd932c27fec409716eb7547c4f3fee,rvt_swarm,0,0,30010822,22,a7f473b5813ed1bd216285d83cc89069,narrow_passage,8,0.0,1.0,1.0,0.0,0.0,0.0,0.0,0.4008868932723999,0.5500373840332031,1.0,1.0,1.0,1.0,1.229960638533036,2.69960618019104,0.0,0.19166666666666668,0.09166666666666666,nan,8.0,110.0,0.9166666666666666,2.4833888750002586,2.4738130000017122,2.807801450011027,2.884430710011401,120.0,120.0,1.0
2,fafafc5008dd932c27fec409716eb7547c4f3fee,rvt_swarm,0,0,30010823,23,9d70377aa8a497d1f9ff00ea1a6d671c,narrow_passage,8,0.0,0.0,0.0,0.0,0.0,4.0,14.0,0.391287237405777,0.5359852313995361,0.0,0.0,1.0,1.0,1.3577765931685766,2.724292755126953,0.0,0.05,0.0,nan,17.0,88.0,0.7333333333333333,2.466179174999065,2.4997709999965423,2.7563020999998855,2.914129729995807,120.0,120.0,1.0
2,fafafc5008dd932c27fec409716eb7547c4f3fee,rvt_swarm,0,0,30010824,24,ae77b47a03561f6559f34ce041fe95e9,narrow_passage,8,0.0,0.0,1.0,0.0,0.0,14.0,0.0,0.38856083154678345,0.5500040650367737,0.0,0.0,1.0,1.0,1.089106993501385,2.2374556064605713,0.0,0.16666666666666666,0.0,nan,10.0,110.0,0.9166666666666666,2.5317642833343257,2.530416500000854,2.83801430000139,2.9255124800006627,120.0,120.0,1.0
2,fafafc5008dd932c27fec409716eb7547c4f3fee,rvt_swarm,0,0,30010825,25,c875c099dd219ea309cb8bf63ca740b5,narrow_passage,8,0.0,0.0,1.0,0.0,0.0,4.0,9.0,0.3916577994823456,0.5404629707336426,0.0,0.0,1.0,1.0,1.7445263388256231,3.0482358932495117,0.0,0.15833333333333333,0.0,nan,19.0,119.0,0.9916666666666667,2.5114878999997834,2.4906255000018973,2.7265443999901606,2.8157622299937657,120.0,120.0,1.0
2,fafafc5008dd932c27fec409716eb7547c4f3fee,rvt_swarm,0,0,30010826,26,4ef56c59e7e80651307d405ca66fc7d1,narrow_passage,8,0.0,0.0,1.0,0.0,0.0,2.0,0.0,0.3916609585285187,0.5500904321670532,0.0,0.0,1.0,1.0,1.1218737880388896,2.684805393218994,0.0,0.16666666666666666,0.0,nan,2.0,119.0,0.9916666666666667,2.5247888250000017,2.5059585000022366,2.8122627999913163,2.915885689993445,120.0,120.0,1.0
2,fafafc5008dd932c27fec409716eb7547c4f3fee,rvt_swarm,0,0,30010827,27,eafce0229a3975db7ca406fed35319ce,narrow_passage,8,0.0,0.0,1.0,0.0,0.0,8.0,11.0,0.39469799399375916,0.5286985635757446,0.0,0.0,1.0,1.0,1.0563305677225192,2.087832450866699,0.0,0.16666666666666666,0.0,nan,20.0,119.0,0.9916666666666667,2.5598135083326903,2.5493124999940164,2.8180770500092933,2.9004012499964915,120.0,120.0,1.0
2,fafafc5008dd932c27fec409716eb7547c4f3fee,rvt_swarm,0,0,30010828,28,bcb7de991bffa3ffcf2811371215fef8,narrow_passage,8,0.0,0.0,1.0,0.0,0.0,0.0,11.0,0.40005120635032654,0.5319977402687073,0.0,0.0,1.0,1.0,1.1406730817010005,1.876153826713562,0.0,0.15833333333333333,0.0,nan,12.0,114.0,0.95,2.537605558334022,2.5415204999958974,2.8087857500104008,2.8941394600010995,120.0,120.0,1.0
2,fafafc5008dd932c27fec409716eb7547c4f3fee,rvt_swarm,0,0,30010829,29,0b5bc056734f69320a61c23910669339,narrow_passage,8,0.0,0.0,1.0,0.0,0.0,0.0,1.0,0.40000173449516296,0.5467286705970764,0.0,0.0,1.0,1.0,1.1964671419312556,2.3641250133514404,0.0,0.16666666666666666,0.0,nan,17.0,119.0,0.9916666666666667,2.5177451666660744,2.504479499997103,2.773306250006158,2.907727210000388,120.0,120.0,1.0
2,fafafc5008dd932c27fec409716eb7547c4f3fee,orca,-1,0,30000400,0,3df8369b1349118143732ee6e6a2d580,open_field,4,1.0,1.0,1.0,1.0,1.0,0.0,0.0,0.6723980903625488,2.058612108230591,0.0,0.0,0.0,0.0,0.2572827930675774,0.8766193985939026,1.0,0.8658536585365854,0.0,12.299999999999999,0.0,0.0,0.0,0.21681039024357682,0.21520800000729423,0.23944644999929213,0.28931403998953437,82.0,82.0,0.0
2,fafafc5008dd932c27fec409716eb7547c4f3fee,orca,-1,0,30000401,1,2ffb30b22eb6aada08065fc28c6a42b1,open_field,4,1.0,1.0,1.0,1.0,1.0,0.0,0.0,0.6146653294563293,0.5515047907829285,0.0,0.0,0.0,0.0,0.4772457871951309,0.9318946599960327,1.0,0.5784313725490197,0.0,15.299999999999999,0.0,0.0,0.0,0.2158892352934804,0.21424999999908323,0.23798395000298453,0.2629945800038058,102.0,102.0,0.0
2,fafafc5008dd932c27fec409716eb7547c4f3fee,orca,-1,0,30000402,2,281e8a4decc8c75013669b559d3e296e,open_field,4,1.0,1.0,1.0,1.0,1.0,0.0,0.0,0.7188934683799744,0.6337854862213135,0.0,0.0,0.0,0.0,0.3276837722107928,0.8573198318481445,1.0,0.8924731182795699,0.0,13.95,0.0,0.0,0.0,0.21226213978553748,0.2136250000006612,0.23034160000179327,0.2510800000055724,93.0,93.0,0.0
2,fafafc5008dd932c27fec409716eb7547c4f3fee,orca,-1,0,30000403,3,7efce30e66fab1e523cfdbb048727dac,open_field,4,1.0,1.0,1.0,1.0,1.0,0.0,0.0,0.5538798570632935,0.5538190007209778,0.0,0.0,0.0,0.0,0.3991936429714163,0.8774014711380005,1.0,0.84375,0.0,14.399999999999999,0.0,0.0,0.0,0.2112599479164127,0.20991649999757556,0.23936449999695242,0.27310480000082293,96.0,96.0,0.0
2,fafafc5008dd932c27fec409716eb7547c4f3fee,orca,-1,0,30000404,4,ed116c4c60d6c2365dc4ae014192dd16,open_field,4,1.0,1.0,1.0,1.0,1.0,0.0,0.0,0.670636773109436,1.4803472757339478,0.0,0.0,0.0,0.0,0.2519408928730139,0.8625309467315674,1.0,0.8658536585365854,0.0,12.299999999999999,0.0,0.0,0.0,0.21263513414720314,0.2103749999946558,0.22990864999883343,0.2662317499931532,82.0,82.0,0.0
2,fafafc5008dd932c27fec409716eb7547c4f3fee,orca,-1,0,30000405,5,17b8deb48d08e0d321c583e61aa49969,open_field,4,1.0,1.0,1.0,1.0,1.0,0.0,0.0,0.6356465220451355,0.9974234700202942,0.0,0.0,0.0,0.0,0.2648697113401668,0.9232958555221558,1.0,0.8604651162790697,0.0,12.9,0.0,0.0,0.0,0.2128430116285173,0.21312500000192358,0.2316664999995055,0.2701563000037766,86.0,86.0,0.0
2,fafafc5008dd932c27fec409716eb7547c4f3fee,orca,-1,0,30000406,6,60e1dd33138a9e28a44f6ddeb95649ad,open_field,4,1.0,1.0,1.0,1.0,1.0,0.0,0.0,0.5814427733421326,0.5566670894622803,0.0,0.0,0.0,0.0,0.43668237474301586,0.9254752993583679,1.0,0.7391304347826086,0.0,13.799999999999999,0.0,0.0,0.0,0.21166027173822127,0.20985449999955108,0.23122324999533816,0.25212253000390206,92.0,92.0,0.0
2,fafafc5008dd932c27fec409716eb7547c4f3fee,orca,-1,0,30000407,7,266c5f48ab2fe4267faf99218ed0a78a,open_field,4,1.0,1.0,1.0,1.0,1.0,0.0,0.0,0.692046582698822,0.5574568510055542,0.0,0.0,0.0,0.0,0.3567939362627395,0.8759728074073792,1.0,0.8829787234042553,0.0,14.1,0.0,0.0,0.0,0.21163870212815447,0.21285449999908224,0.2336745500024051,0.26060344000001123,94.0,94.0,0.0
2,fafafc5008dd932c27fec409716eb7547c4f3fee,orca,-1,0,30000408,8,ff35cc941eceb53f04f967a717a5dc3f,open_field,4,0.0,1.0,1.0,0.0,0.0,0.0,0.0,0.4001767635345459,0.5500052571296692,0.0,0.0,0.0,0.0,0.6471559454997381,1.021022081375122,1.0,0.39166666666666666,0.0,nan,2.0,0.0,0.0,0.216999683334033,0.21499999999718966,0.2420312499999966,0.2740162500018073,120.0,120.0,1.0
2,fafafc5008dd932c27fec409716eb7547c4f3fee,orca,-1,0,30000409,9,a015dfb474e9aca281f4849d5c5c1054,open_field,4,1.0,1.0,1.0,1.0,1.0,0.0,0.0,0.523753821849823,0.5504488348960876,0.0,0.0,0.0,0.0,0.5647207520042474,0.9823014736175537,1.0,0.5,0.0,15.6,2.0,0.0,0.0,0.2129623846158779,0.21356300000974215,0.23536524999343553,0.25964177000062705,104.0,104.0,0.0
2,fafafc5008dd932c27fec409716eb7547c4f3fee,orca,-1,0,30000410,10,a099161f9dd311fa4096e19eab5ebe91,open_field,4,1.0,1.0,1.0,1.0,1.0,0.0,0.0,0.6668614745140076,0.7869205474853516,0.0,0.0,0.0,0.0,0.3021181061863899,0.9067458510398865,1.0,0.8666666666666667,0.0,13.5,0.0,0.0,0.0,0.20813423333407854,0.20583350000435985,0.23804344999902582,0.2514218900101639,90.0,90.0,0.0
2,fafafc5008dd932c27fec409716eb7547c4f3fee,orca,-1,0,30000411,11,4e040629bb644321b78208dadbd79ce5,open_field,4,1.0,1.0,1.0,1.0,1.0,0.0,0.0,0.6771551966667175,1.758470058441162,0.0,0.0,0.0,0.0,0.26229765615993883,0.9385557174682617,1.0,0.8536585365853658,0.0,12.299999999999999,0.0,0.0,0.0,0.21104571951169868,0.21250000000350155,0.23674135000248953,0.24358875000146438,82.0,82.0,0.0
2,fafafc5008dd932c27fec409716eb7547c4f3fee,orca,-1,0,30000412,12,6801432fcfd74e954fdf32b0a5aef517,open_field,4,1.0,1.0,1.0,1.0,1.0,0.0,0.0,0.6788960695266724,1.4815595149993896,0.0,0.0,0.0,0.0,0.24263775694583142,0.9602434039115906,1.0,0.8571428571428571,0.0,12.6,0.0,0.0,0.0,0.21238538095265844,0.2091459999959966,0.242514299999641,0.2769988899977705,84.0,84.0,0.0
2,fafafc5008dd932c27fec409716eb7547c4f3fee,orca,-1,0,30000413,13,8289d8ae91cf9e5bb01568067b5196f8,open_field,4,1.0,1.0,1.0,1.0,1.0,0.0,0.0,0.6511512994766235,1.5314221382141113,0.0,0.0,0.0,0.0,0.25220770752394056,0.8841450214385986,1.0,0.8674698795180723,0.0,12.45,0.0,0.0,0.0,0.20884889156669975,0.20591700000238689,0.23311220001005495,0.25563356000162657,83.0,83.0,0.0
2,fafafc5008dd932c27fec409716eb7547c4f3fee,orca,-1,0,30000414,14,9b47bcb199997ad100078ae6b943dd69,open_field,4,1.0,1.0,1.0,1.0,1.0,0.0,0.0,0.6775562763214111,0.5503654479980469,0.0,0.0,0.0,0.0,0.5024999738046804,0.8599134087562561,1.0,0.5773195876288659,0.0,14.549999999999999,0.0,0.0,0.0,0.2114660721652741,0.21187500000507953,0.22949139999468568,0.23864663999574975,97.0,97.0,0.0
2,fafafc5008dd932c27fec409716eb7547c4f3fee,orca,-1,0,30000415,15,8d7d9e90022c95a6e102d9502dbd4463,open_field,4,1.0,1.0,1.0,1.0,1.0,0.0,0.0,0.6525547504425049,0.7520801424980164,0.0,0.0,0.0,0.0,0.3064246361072247,0.9436442852020264,1.0,0.8681318681318682,0.0,13.65,0.0,0.0,0.0,0.2116428901105222,0.2090839999908667,0.22995849999318807,0.26746279999940703,91.0,91.0,0.0
2,fafafc5008dd932c27fec409716eb7547c4f3fee,orca,-1,0,30000416,16,28662af30e0397dea0bb832a7d65d6b7,open_field,4,1.0,1.0,1.0,1.0,1.0,0.0,0.0,0.680024266242981,1.6234902143478394,0.0,0.0,0.0,0.0,0.24554370148334562,0.8819501399993896,1.0,0.8658536585365854,0.0,12.299999999999999,0.0,0.0,0.0,0.21220740243820285,0.209687500003497,0.23769229998933383,0.2722947299966446,82.0,82.0,0.0
2,fafafc5008dd932c27fec409716eb7547c4f3fee,orca,-1,0,30000417,17,46d6f3d08b9a69dc252b9eef8ac4d19b,open_field,4,1.0,1.0,1.0,0.0,0.0,0.0,0.0,0.5047373175621033,0.5514535903930664,0.0,0.0,0.0,0.0,0.6055195076125008,0.8631905317306519,0.0,0.30612244897959184,0.0,14.7,2.0,0.0,0.0,0.21254670408207435,0.2093125000044438,0.23285624999687107,0.2737050100073191,98.0,98.0,0.0
2,fafafc5008dd932c27fec409716eb7547c4f3fee,orca,-1,0,30000418,18,72175b304300fa10213f93b8eabcba9d,open_field,4,1.0,1.0,1.0,1.0,1.0,0.0,0.0,0.6855612993240356,0.5818328261375427,0.0,0.0,0.0,0.0,0.3418123849222194,0.8842871785163879,1.0,0.8804347826086957,0.0,13.799999999999999,0.0,0.0,0.0,0.2131459130431161,0.2110209999983681,0.2399896999946805,0.27387644000739914,92.0,92.0,0.0
2,fafafc5008dd932c27fec409716eb7547c4f3fee,orca,-1,0,30000419,19,3b6095e780b078d042329a0e24e15e3c,open_field,4,1.0,1.0,1.0,1.0,1.0,0.0,0.0,0.6832733750343323,1.485439658164978,0.0,0.0,0.0,0.0,0.2352948784828186,0.8662890195846558,1.0,0.8658536585365854,0.0,12.299999999999999,0.0,0.0,0.0,0.20815956097577304,0.20843749999954753,0.23081425000270886,0.24666797999572052,82.0,82.0,0.0
2,fafafc5008dd932c27fec409716eb7547c4f3fee,orca,-1,0,30000420,20,b1f68c18b15f5b21b58a4dd915212b12,open_field,4,1.0,1.0,1.0,1.0,1.0,0.0,0.0,0.6646878719329834,1.1640433073043823,0.0,0.0,0.0,0.0,0.26023826987615656,0.9087812900543213,1.0,0.8571428571428571,0.0,12.6,0.0,0.0,0.0,0.2103472142854303,0.20941649999883793,0.22783934999566213,0.2511059699996565,84.0,84.0,0.0
2,fafafc5008dd932c27fec409716eb7547c4f3fee,orca,-1,0,30000421,21,9113f5c6b08cf0e9b6fe6c2072d15b80,open_field,4,1.0,1.0,1.0,1.0,1.0,0.0,0.0,0.6662933826446533,0.6197670698165894,0.0,0.0,0.0,0.0,0.33385008778218384,0.9372031092643738,1.0,0.8681318681318682,0.0,13.65,0.0,0.0,0.0,0.2112133846157331,0.21099999999307784,0.22616649999918081,0.24926250001016115,91.0,91.0,0.0
2,fafafc5008dd932c27fec409716eb7547c4f3fee,orca,-1,0,30000422,22,fe52e4896581b5706e90ce2bd7f0aca4,open_field,4,1.0,1.0,1.0,1.0,1.0,0.0,0.0,0.6526284217834473,0.5501528382301331,0.0,0.0,0.0,0.0,0.49300712859258056,0.8982604146003723,1.0,0.5803571428571429,0.0,16.8,2.0,0.0,0.0,0.21305840178558505,0.21147949999544835,0.23827324999814425,0.2752202599971554,112.0,112.0,0.0
2,fafafc5008dd932c27fec409716eb7547c4f3fee,orca,-1,0,30000423,23,b7879310dfc1e8da931760547c80b98e,open_field,4,1.0,1.0,1.0,1.0,1.0,0.0,0.0,0.5395052433013916,0.5547478795051575,0.0,0.0,0.0,0.0,0.44017547046400834,0.9297597408294678,1.0,0.6804123711340206,0.0,14.549999999999999,0.0,0.0,0.0,0.2118320824744734,0.20991600000286326,0.2415416000047798,0.2545280400073574,97.0,97.0,0.0
2,fafafc5008dd932c27fec409716eb7547c4f3fee,orca,-1,0,30000424,24,a20d3b4ec5c708260fd4db3728aa09d6,open_field,4,1.0,1.0,1.0,1.0,1.0,0.0,0.0,0.683299720287323,1.3743561506271362,0.0,0.0,0.0,0.0,0.25199361675115955,0.8933733701705933,1.0,0.8674698795180723,0.0,12.45,0.0,0.0,0.0,0.21179115662674572,0.21254100001044662,0.23062140000575934,0.25168743999813603,83.0,83.0,0.0
2,fafafc5008dd932c27fec409716eb7547c4f3fee,orca,-1,0,30000425,25,ab77a6a4020b32f10c3e00560beb4eb4,open_field,4,1.0,1.0,1.0,1.0,1.0,0.0,0.0,0.671561062335968,2.3982796669006348,0.0,0.0,0.0,0.0,0.254450554185244,0.8847119212150574,1.0,0.8674698795180723,0.0,12.45,0.0,0.0,0.0,0.2124593373506048,0.21008299999891733,0.2335832999932563,0.2585476199942601,83.0,83.0,0.0
2,fafafc5008dd932c27fec409716eb7547c4f3fee,orca,-1,0,30000426,26,22a99c05def940b35c91f654a2d68a01,open_field,4,1.0,1.0,1.0,1.0,1.0,0.0,0.0,0.6905034780502319,2.0026843547821045,0.0,0.0,0.0,0.0,0.26121047302717115,0.9005631804466248,1.0,0.8658536585365854,0.0,12.299999999999999,0.0,0.0,0.0,0.2109253170734136,0.20935399999899573,0.24382919999368374,0.27114523000051344,82.0,82.0,0.0
2,fafafc5008dd932c27fec409716eb7547c4f3fee,orca,-1,0,30000427,27,cf5949e950be793b5ce574055971c149,open_field,4,1.0,1.0,1.0,1.0,1.0,0.0,0.0,0.6680236458778381,1.9516617059707642,0.0,0.0,0.0,0.0,0.25202658090246727,0.8903170228004456,1.0,0.8674698795180723,0.0,12.45,0.0,0.0,0.0,0.2159226987949211,0.21399999999971442,0.23995840000452517,0.26724694000705534,83.0,83.0,0.0
2,fafafc5008dd932c27fec409716eb7547c4f3fee,orca,-1,0,30000428,28,962852f67956010221222b176a711ea9,open_field,4,1.0,1.0,1.0,1.0,1.0,0.0,0.0,0.677201509475708,2.0748767852783203,0.0,0.0,0.0,0.0,0.2515383589013321,0.8697835803031921,1.0,0.8658536585365854,0.0,12.299999999999999,0.0,0.0,0.0,0.20848785365848105,0.20683300000001736,0.2272732500046004,0.25384430999707774,82.0,82.0,0.0
2,fafafc5008dd932c27fec409716eb7547c4f3fee,orca,-1,0,30000429,29,895b15aa3428b9c110423c2c175d55d7,open_field,4,1.0,1.0,1.0,1.0,1.0,0.0,0.0,0.6434222459793091,1.6588153839111328,0.0,0.0,0.0,0.0,0.2590609294283821,0.9078681468963623,1.0,0.8554216867469879,0.0,12.45,0.0,0.0,0.0,0.2117801325305181,0.21070799999733936,0.2339294000009317,0.2688605600022241,83.0,83.0,0.0
2,fafafc5008dd932c27fec409716eb7547c4f3fee,orca,-1,0,30000800,0,6824b8fcf731971179ae8b1f3745f973,open_field,8,1.0,1.0,1.0,1.0,1.0,0.0,0.0,0.43287548422813416,0.5580893754959106,0.0,0.0,0.0,0.0,0.4526781976222992,1.3822935819625854,1.0,0.8476190476190476,0.0,15.75,0.0,0.0,0.0,0.4331709904757223,0.4330829999901198,0.46738339999876644,0.5354033200103457,105.0,105.0,0.0
2,fafafc5008dd932c27fec409716eb7547c4f3fee,orca,-1,0,30000801,1,35f2108c56109b5c0b0ec12106ca4450,open_field,8,1.0,1.0,1.0,1.0,1.0,0.0,0.0,0.407695472240448,0.5514417290687561,0.0,0.0,0.0,0.0,0.4851691760122776,1.3792976140975952,1.0,0.6944444444444444,0.0,16.2,0.0,0.0,0.0,0.42985961111170395,0.42929149999793026,0.46700615000148105,0.5125553100060641,108.0,108.0,0.0
2,fafafc5008dd932c27fec409716eb7547c4f3fee,orca,-1,0,30000802,2,edb1566ab8e7bb9e336b1c919a5f9a1d,open_field,8,1.0,1.0,1.0,0.0,0.0,0.0,0.0,0.5626378655433655,0.550837516784668,0.0,0.0,0.0,0.0,0.5766957822171125,1.3640366792678833,0.0,0.6090909090909091,0.0,16.5,0.0,0.0,0.0,0.4226973818179855,0.4221664999946029,0.4659706499985816,0.47968555999972295,110.0,110.0,0.0
2,fafafc5008dd932c27fec409716eb7547c4f3fee,orca,-1,0,30000803,3,e82df9f1e8113bd0903d3b567da2cb10,open_field,8,1.0,1.0,1.0,1.0,1.0,0.0,0.0,0.47060298919677734,0.5523368716239929,0.0,0.0,0.0,0.0,0.5156234722170565,1.404021978378296,1.0,0.6203703703703703,0.0,16.2,0.0,0.0,0.0,0.4340085092592111,0.43362499999943793,0.47395165000168044,0.5113045599995302,108.0,108.0,0.0
2,fafafc5008dd932c27fec409716eb7547c4f3fee,orca,-1,0,30000804,4,2560751cd17f87e1f2d0e971019c7487,open_field,8,1.0,1.0,1.0,1.0,1.0,0.0,0.0,0.557895839214325,0.9482185244560242,0.0,0.0,0.0,0.0,0.418360918299439,1.42009437084198,1.0,0.8350515463917526,0.0,14.549999999999999,0.0,0.0,0.0,0.4325613917530129,0.4340830000018059,0.4673416000002817,0.4852003199943055,97.0,97.0,0.0
2,fafafc5008dd932c27fec409716eb7547c4f3fee,orca,-1,0,30000805,5,cde3152089380e9fbb3171f9d86e0516,open_field,8,0.0,1.0,1.0,0.0,0.0,0.0,0.0,0.406517893075943,0.5524884462356567,0.0,0.0,0.0,0.0,0.6937023960053921,1.3937143087387085,0.0,0.38333333333333336,0.0,nan,2.0,0.0,0.0,0.43425411666658437,0.43418749999801776,0.4699774000044954,0.5128109799986191,120.0,120.0,1.0
2,fafafc5008dd932c27fec409716eb7547c4f3fee,orca,-1,0,30000806,6,6e248afafe4030f081c9bef3b738bff2,open_field,8,1.0,1.0,1.0,1.0,1.0,0.0,0.0,0.5373247861862183,0.5511032342910767,0.0,0.0,0.0,0.0,0.5024579092150643,1.4048397541046143,1.0,0.6571428571428571,0.0,15.75,0.0,0.0,0.0,0.43210485714255464,0.43216699999959474,0.46866639999905146,0.5174669999962588,105.0,105.0,0.0
2,fafafc5008dd932c27fec409716eb7547c4f3fee,orca,-1,0,30000807,7,fdf6829bd2fecd96268fb3ffdca7d51f,open_field,8,1.0,1.0,1.0,1.0,1.0,0.0,0.0,0.4454335570335388,0.5513044595718384,0.0,0.0,0.0,0.0,0.5085134660756147,1.410462498664856,1.0,0.7222222222222222,0.0,16.2,0.0,0.0,0.0,0.4344031111109814,0.4314789999995128,0.49145230000249285,0.5327929400006324,108.0,108.0,0.0
2,fafafc5008dd932c27fec409716eb7547c4f3fee,orca,-1,0,30000808,8,7949c6e49fce60209c600cdb0ade942b,open_field,8,1.0,1.0,1.0,1.0,1.0,0.0,0.0,0.442513108253479,0.7977176904678345,0.0,0.0,0.0,0.0,0.3965240128264569,1.4085334539413452,1.0,0.8415841584158416,0.0,15.149999999999999,0.0,0.0,0.0,0.4336848217818523,0.4364579999958096,0.4693329999980733,0.49937499998975454,101.0,101.0,0.0
2,fafafc5008dd932c27fec409716eb7547c4f3fee,orca,-1,0,30000809,9,20ac46aa154658a51686dad07ca87857,open_field,8,0.0,1.0,1.0,0.0,0.0,0.0,0.0,0.4008379280567169,0.5505883693695068,0.0,0.0,0.0,0.0,0.7742802963902553,1.3657459020614624,0.0,0.35,0.0,nan,2.0,0.0,0.0,0.43569133333356547,0.43708349999604934,0.46936600000222484,0.5023640199969748,120.0,120.0,1.0
2,fafafc5008dd932c27fec409716eb7547c4f3fee,orca,-1,0,30000810,10,af5ccd2e9ca6d92d6f1b3a9cc1e1ea48,open_field,8,1.0,1.0,1.0,1.0,1.0,0.0,0.0,0.5513292551040649,1.9594533443450928,0.0,0.0,0.0,0.0,0.41255784360691905,1.3732445240020752,1.0,0.8333333333333334,0.0,14.399999999999999,0.0,0.0,0.0,0.42473566666615764,0.4206249999896272,0.4695104999932198,0.49418574999933185,96.0,96.0,0.0
2,fafafc5008dd932c27fec409716eb7547c4f3fee,orca,-1,0,30000811,11,d340fcb1b5d6fc7f8fe383c81ce35026,open_field,8,0.0,1.0,1.0,0.0,0.0,0.0,0.0,0.4057437479496002,0.5516565442085266,0.0,0.0,0.0,0.0,0.7573146514594555,1.7767504453659058,0.0,0.375,0.0,nan,2.0,0.0,0.0,0.4390979666671531,0.4388754999951061,0.47727920000397717,0.5064759799950025,120.0,120.0,1.0
2,fafafc5008dd932c27fec409716eb7547c4f3fee,orca,-1,0,30000812,12,9d47d06cb84a80fd463c23047a99b9e8,open_field,8,1.0,1.0,1.0,0.0,0.0,0.0,0.0,0.46941065788269043,0.5502674579620361,0.0,0.0,0.0,0.0,0.7131774794851613,1.4022116661071777,0.0,0.46153846153846156,0.0,17.55,2.0,0.0,0.0,0.4326121623926661,0.43262499998775183,0.47970859999963966,0.5069037200024695,117.0,117.0,0.0
2,fafafc5008dd932c27fec409716eb7547c4f3fee,orca,-1,0,30000813,13,80ad18d8a66635759d09df0b7ea67336,open_field,8,0.0,1.0,1.0,0.0,0.0,0.0,0.0,0.40359169244766235,0.5509274005889893,0.0,0.0,0.0,0.0,0.5803714582075675,1.3599799871444702,1.0,0.6166666666666667,0.0,nan,1.0,0.0,0.0,0.4366357583328077,0.43860400000284017,0.4682645999977808,0.5022437500055332,120.0,120.0,1.0
2,fafafc5008dd932c27fec409716eb7547c4f3fee,orca,-1,0,30000814,14,f146ea0bbdaf6eaeea35d47ded024e50,open_field,8,1.0,1.0,1.0,1.0,1.0,0.0,0.0,0.5514421463012695,0.5546149015426636,0.0,0.0,0.0,0.0,0.47531145951657927,1.4230526685714722,1.0,0.8490566037735849,0.0,15.899999999999999,0.0,0.0,0.0,0.43585420754765275,0.4345209999954136,0.4744587500020714,0.5073604500111628,106.0,106.0,0.0
2,fafafc5008dd932c27fec409716eb7547c4f3fee,orca,-1,0,30000815,15,b15e1d4656032b7c98dcbbe3a9845b89,open_field,8,1.0,1.0,1.0,0.0,0.0,0.0,0.0,0.4043303430080414,0.5511544346809387,0.0,0.0,0.0,0.0,0.5462236002497717,1.3621412515640259,0.0,0.6788990825688074,0.0,16.349999999999998,0.0,0.0,0.0,0.43020833944997905,0.42783300000337476,0.4745252000020628,0.505317279994415,109.0,109.0,0.0
2,fafafc5008dd932c27fec409716eb7547c4f3fee,orca,-1,0,30000816,16,0e02833d827dbe9238ac8eaf7aaf1693,open_field,8,1.0,1.0,1.0,1.0,1.0,0.0,0.0,0.458614706993103,0.5507954955101013,0.0,0.0,0.0,0.0,0.48862587570029997,1.3724350929260254,1.0,0.8504672897196262,0.0,16.05,0.0,0.0,0.0,0.4357378971972022,0.4342919999942296,0.4856999000026007,0.5201150200056759,107.0,107.0,0.0
2,fafafc5008dd932c27fec409716eb7547c4f3fee,orca,-1,0,30000817,17,71cfeecf3a9e8d0d94ac9bda1790bb95,open_field,8,0.0,1.0,1.0,0.0,0.0,0.0,0.0,0.4696846604347229,0.5513641834259033,0.0,0.0,0.0,0.0,0.6962981734424829,1.4001251459121704,0.0,0.39166666666666666,0.0,nan,2.0,0.0,0.0,0.4379725916669723,0.43829150000362915,0.48765684999878545,0.5130179199996121,120.0,120.0,1.0
2,fafafc5008dd932c27fec409716eb7547c4f3fee,orca,-1,0,30000818,18,cdb34ae03e094397f83fe601935fdbc5,open_field,8,1.0,1.0,1.0,0.0,0.0,0.0,0.0,0.4105518162250519,0.550500750541687,0.0,0.0,0.0,0.0,0.6541370804570302,1.4202531576156616,0.0,0.3865546218487395,0.0,17.849999999999998,2.0,0.0,0.0,0.4359174285713534,0.4335829999888574,0.47856219999005134,0.511806260005585,119.0,119.0,0.0
2,fafafc5008dd932c27fec409716eb7547c4f3fee,orca,-1,0,30000819,19,dfd93c099689cf7b394dbf6c740fab5a,open_field,8,1.0,1.0,1.0,0.0,0.0,0.0,0.0,0.5267422199249268,0.5507692098617554,0.0,0.0,0.0,0.0,0.6305449191938367,1.4233800172805786,0.0,0.47368421052631576,0.0,17.099999999999998,0.0,0.0,0.0,0.42722435964897815,0.42116650000423306,0.46641865000296434,0.4994199599980221,114.0,114.0,0.0
2,fafafc5008dd932c27fec409716eb7547c4f3fee,orca,-1,0,30000820,20,237d84ab9991a8ce69874260767699e1,open_field,8,0.0,1.0,1.0,0.0,0.0,0.0,0.0,0.4018530547618866,0.5502809882164001,0.0,0.0,0.0,0.0,0.8037227101624012,1.4231723546981812,0.0,0.325,0.0,nan,2.0,0.0,0.0,0.43294440833368714,0.43249950000046056,0.47516395000144485,0.4945630000027279,120.0,120.0,1.0
2,fafafc5008dd932c27fec409716eb7547c4f3fee,orca,-1,0,30000821,21,58ba9338b4fded27f8075a3f19b382bc,open_field,8,1.0,1.0,1.0,0.0,0.0,0.0,0.0,0.5797972083091736,0.5514649748802185,0.0,0.0,0.0,0.0,0.5188398507458193,1.3799996376037598,0.0,0.75,0.0,16.2,0.0,0.0,0.0,0.43380130555513996,0.4333954999893308,0.4741024000026073,0.5154076899967207,108.0,108.0,0.0
2,fafafc5008dd932c27fec409716eb7547c4f3fee,orca,-1,0,30000822,22,eb254dd85d25dbba80f0b936fa4aa639,open_field,8,1.0,1.0,1.0,1.0,1.0,0.0,0.0,0.544613242149353,1.7017791271209717,0.0,0.0,0.0,0.0,0.4198929231303434,1.4173197746276855,1.0,0.8333333333333334,0.0,14.399999999999999,0.0,0.0,0.0,0.4261384583331325,0.4257920000014792,0.4751879999922437,0.5018892500018524,96.0,96.0,0.0
2,fafafc5008dd932c27fec409716eb7547c4f3fee,orca,-1,0,30000823,23,f07fa1773f863004bc433b608bc48102,open_field,8,1.0,1.0,1.0,1.0,1.0,0.0,0.0,0.4894435703754425,0.5714965462684631,0.0,0.0,0.0,0.0,0.44425936577455055,1.4051414728164673,1.0,0.8490566037735849,0.0,15.899999999999999,0.0,0.0,0.0,0.43714901886781965,0.4374370000022054,0.4851877500016144,0.5002979500012827,106.0,106.0,0.0
2,fafafc5008dd932c27fec409716eb7547c4f3fee,orca,-1,0,30000824,24,463b21ad76eb7a9bdcb3708067396070,open_field,8,1.0,1.0,1.0,1.0,1.0,0.0,0.0,0.4132368862628937,0.5517910122871399,0.0,0.0,0.0,0.0,0.5051808485744196,1.414296269416809,1.0,0.6880733944954128,0.0,16.349999999999998,0.0,0.0,0.0,0.43521027522916345,0.4373329999936004,0.4719080000000985,0.49190635999764254,109.0,109.0,0.0
2,fafafc5008dd932c27fec409716eb7547c4f3fee,orca,-1,0,30000825,25,3bf05767ffe64f342a97d7d849f354be,open_field,8,1.0,1.0,1.0,1.0,1.0,0.0,0.0,0.4453994333744049,0.5558536648750305,0.0,0.0,0.0,0.0,0.49609297398224617,1.3677771091461182,1.0,0.8446601941747572,0.0,15.45,0.0,0.0,0.0,0.4345113495142831,0.43175000000417185,0.4713285000079281,0.5161721800072883,103.0,103.0,0.0
2,fafafc5008dd932c27fec409716eb7547c4f3fee,orca,-1,0,30000826,26,21a5a5a76ae8b09348d093396fda28ba,open_field,8,0.0,1.0,1.0,0.0,0.0,0.0,0.0,0.4072912335395813,0.5504088997840881,0.0,0.0,0.0,0.0,0.6794893626123667,1.403743863105774,0.0,0.4666666666666667,0.0,nan,2.0,0.0,0.0,0.44829787499930757,0.44612550000522333,0.48955654999787157,0.5310019599988892,120.0,120.0,1.0
2,fafafc5008dd932c27fec409716eb7547c4f3fee,orca,-1,0,30000827,27,b44ce2bd59bdf2d45b6eeda76cdfc6f4,open_field,8,1.0,1.0,1.0,1.0,1.0,0.0,0.0,0.5434969663619995,1.5776934623718262,0.0,0.0,0.0,0.0,0.41210980185618,1.3776847124099731,1.0,0.8333333333333334,0.0,14.399999999999999,0.0,0.0,0.0,0.45101785416642076,0.45129200000104674,0.4896564999938846,0.5279422999997506,96.0,96.0,0.0
2,fafafc5008dd932c27fec409716eb7547c4f3fee,orca,-1,0,30000828,28,78929d1db6f254964a85ea6adc3ef974,open_field,8,1.0,1.0,1.0,1.0,1.0,0.0,0.0,0.40294164419174194,0.5500432848930359,0.0,0.0,0.0,0.0,0.5285838025489024,1.4559109210968018,1.0,0.8214285714285714,0.0,16.8,0.0,0.0,0.0,0.4387942500000567,0.4378330000065489,0.4804728000038949,0.5236068800040528,112.0,112.0,0.0
2,fafafc5008dd932c27fec409716eb7547c4f3fee,orca,-1,0,30000829,29,01f5c1670295daaa594a5c5bbf6e8d4d,open_field,8,1.0,1.0,1.0,1.0,1.0,0.0,0.0,0.4859694838523865,0.5589838624000549,0.0,0.0,0.0,0.0,0.47046971375789115,1.4163644313812256,1.0,0.8532110091743119,0.0,16.349999999999998,0.0,0.0,0.0,0.4345726422018799,0.43462500001112403,0.4723500000011427,0.5111716399994748,109.0,109.0,0.0
2,fafafc5008dd932c27fec409716eb7547c4f3fee,orca,-1,0,30010400,0,31579f3494bdeac66e4eab6c52b74603,narrow_passage,4,0.0,1.0,1.0,0.0,0.0,0.0,0.0,0.660731852054596,0.5500454902648926,0.0,0.0,0.0,0.0,0.9599275807539622,1.2765021324157715,0.0,0.19166666666666668,0.0,nan,0.0,0.0,0.0,3.0851413416667604,3.078792000003716,3.19101845000489,3.248757770001305,120.0,120.0,1.0
2,fafafc5008dd932c27fec409716eb7547c4f3fee,orca,-1,0,30010401,1,9e782a1e714588d2665b89fd51618725,narrow_passage,4,0.0,0.0,1.0,0.0,0.0,0.0,4.0,0.40063631534576416,0.5384275317192078,0.0,0.0,1.0,0.0,0.6281840237478415,0.934480607509613,1.0,0.26666666666666666,0.0,nan,1.0,0.0,0.0,3.039819083333247,3.0379580000072792,3.147470500000793,3.170924939994535,120.0,120.0,1.0
2,fafafc5008dd932c27fec409716eb7547c4f3fee,orca,-1,0,30010402,2,f8f4b9889382b01a5e46e272d42ae713,narrow_passage,4,0.0,1.0,1.0,0.0,0.0,0.0,0.0,0.42133334279060364,0.5500933527946472,0.0,0.0,0.0,0.0,0.7958975611875455,1.237710952758789,0.0,0.275,0.0,nan,1.0,0.0,0.0,2.9620986000004734,2.960521000005656,3.05787530000714,3.0825472299908085,120.0,120.0,1.0
2,fafafc5008dd932c27fec409716eb7547c4f3fee,orca,-1,0,30010403,3,e992e8070e9906848eb7ef3e2336ff29,narrow_passage,4,0.0,1.0,1.0,0.0,0.0,0.0,0.0,0.4011478126049042,0.550330638885498,0.0,0.0,0.0,0.0,0.5896948592116436,0.8960761427879333,0.0,0.3333333333333333,0.0,nan,0.0,0.0,0.0,3.016405241666694,3.016875000000141,3.120320200002169,3.1361547099960774,120.0,120.0,1.0
2,fafafc5008dd932c27fec409716eb7547c4f3fee,orca,-1,0,30010404,4,05a35d733f2a99635553db47e869cb1a,narrow_passage,4,0.0,0.0,0.0,0.0,0.0,0.0,15.0,0.5463665723800659,0.545328676700592,0.0,0.0,1.0,1.0,0.8558510111023983,1.107161283493042,0.0,0.18333333333333332,0.0,nan,0.0,0.0,0.0,3.0214513666667386,3.0288334999966082,3.132421150003495,3.142971750006751,120.0,120.0,1.0
2,fafafc5008dd932c27fec409716eb7547c4f3fee,orca,-1,0,30010405,5,c07fe30cc73f56e6ad439c4f55d5f03a,narrow_passage,4,0.0,1.0,1.0,0.0,0.0,0.0,0.0,0.4063732624053955,0.5501164793968201,0.0,0.0,0.0,0.0,0.6414348190029462,0.922335684299469,0.0,0.35833333333333334,0.0,nan,0.0,0.0,0.0,3.015174666666572,3.013499999994451,3.1214943999991362,3.1475304800052584,120.0,120.0,1.0
2,fafafc5008dd932c27fec409716eb7547c4f3fee,orca,-1,0,30010406,6,d1e390e2f3cc3119b04963150a0c0c72,narrow_passage,4,0.0,1.0,1.0,0.0,0.0,0.0,0.0,0.4009883999824524,0.5500475764274597,0.0,0.0,0.0,0.0,0.7925797201693058,1.0870351791381836,0.0,0.25,0.0,nan,0.0,0.0,0.0,3.0832735833328684,3.083771000000013,3.1736747000067567,3.209278189996354,120.0,120.0,1.0
2,fafafc5008dd932c27fec409716eb7547c4f3fee,orca,-1,0,30010407,7,c87ae162d62cb46d774be635ee84cfdb,narrow_passage,4,0.0,1.0,1.0,0.0,0.0,0.0,0.0,0.6197018623352051,0.5500615239143372,0.0,0.0,0.0,0.0,0.8088434809197982,1.2949087619781494,0.0,0.3,0.0,nan,0.0,0.0,0.0,3.0527010666664487,3.052624999995146,3.1641526999919733,3.193893000003385,120.0,120.0,1.0
2,fafafc5008dd932c27fec409716eb7547c4f3fee,orca,-1,0,30010408,8,9d39b02b55b2135b171fd6209c5c1c61,narrow_passage,4,0.0,1.0,1.0,0.0,0.0,0.0,0.0,0.40106555819511414,0.5504266023635864,0.0,0.0,0.0,0.0,0.7315940145403147,1.136634349822998,0.0,0.19166666666666668,0.0,nan,4.0,0.0,0.0,3.023579583332866,3.021000000003937,3.1212308999975846,3.1699599999973316,120.0,120.0,1.0
2,fafafc5008dd932c27fec409716eb7547c4f3fee,orca,-1,0,30010409,9,9ef3391207c932ddafb5f3a827cd2ad4,narrow_passage,4,0.0,0.0,0.0,0.0,0.0,0.0,3.0,0.4024791717529297,0.5457920432090759,0.0,0.0,1.0,1.0,0.5839896107713382,0.9143401384353638,0.0,0.25,0.0,nan,0.0,0.0,0.0,3.106202783333837,3.1141670000067734,3.219655600007343,3.2451414600059536,120.0,120.0,1.0
2,fafafc5008dd932c27fec409716eb7547c4f3fee,orca,-1,0,30010410,10,b1f5a0afd844c19f5e884872e40c0be4,narrow_passage,4,0.0,1.0,1.0,0.0,0.0,0.0,0.0,0.5022451877593994,0.5517770051956177,0.0,0.0,0.0,0.0,0.9003149782617886,1.2539418935775757,0.0,0.2,0.0,nan,0.0,0.0,0.0,3.0277024416668277,3.0277289999958157,3.123354800009537,3.1547164999976474,120.0,120.0,1.0
2,fafafc5008dd932c27fec409716eb7547c4f3fee,orca,-1,0,30010411,11,1b597f4a288c7ac39f7b8e6bad1857b6,narrow_passage,4,0.0,1.0,1.0,0.0,0.0,0.0,0.0,0.4309445917606354,0.5501641631126404,0.0,0.0,0.0,0.0,0.8774190161377191,1.5235499143600464,0.0,0.25,0.0,nan,2.0,0.0,0.0,3.011629541667323,3.014437500006295,3.120721150004613,3.1439797300008365,120.0,120.0,1.0
2,fafafc5008dd932c27fec409716eb7547c4f3fee,orca,-1,0,30010412,12,047c0d2c12f23856da7ee4959599ac02,narrow_passage,4,0.0,1.0,1.0,0.0,0.0,0.0,0.0,0.6931272745132446,0.5500807166099548,0.0,0.0,0.0,0.0,0.9493809185922146,1.3103668689727783,0.0,0.19166666666666668,0.0,nan,0.0,0.0,0.0,3.0597180916672073,3.0629999999973734,3.1601958000081254,3.203493000007569,120.0,120.0,1.0
2,fafafc5008dd932c27fec409716eb7547c4f3fee,orca,-1,0,30010413,13,5785b810273d7fca6b172f9e5c0113f8,narrow_passage,4,0.0,1.0,1.0,0.0,0.0,0.0,0.0,0.5963476896286011,0.5501834750175476,0.0,0.0,0.0,0.0,0.7219440164665382,0.918344259262085,0.0,0.2,0.0,nan,1.0,0.0,0.0,3.1066840083333602,3.1084790000051044,3.217060399992988,3.2531917899980556,120.0,120.0,1.0
2,fafafc5008dd932c27fec409716eb7547c4f3fee,orca,-1,0,30010414,14,caad215f384fadfae55cae3c2f92b75b,narrow_passage,4,0.0,1.0,1.0,0.0,0.0,0.0,0.0,0.5700727701187134,0.5509777665138245,0.0,0.0,0.0,0.0,0.618614548817277,0.8617202043533325,0.0,0.35833333333333334,0.008333333333333333,nan,0.0,0.0,0.0,3.0309989333323037,3.0360205000050655,3.1334458500040796,3.191688479997481,120.0,120.0,1.0
2,fafafc5008dd932c27fec409716eb7547c4f3fee,orca,-1,0,30010415,15,af04a77a1ce006e2036cfef012266809,narrow_passage,4,0.0,1.0,1.0,0.0,0.0,0.0,0.0,0.46198758482933044,0.5502474308013916,0.0,0.0,0.0,0.0,0.6188580705473821,1.1263823509216309,0.0,0.525,0.0,nan,0.0,0.0,0.0,3.0507840333335423,3.0522495000013805,3.148637499995033,3.1555425000026105,120.0,120.0,1.0
2,fafafc5008dd932c27fec409716eb7547c4f3fee,orca,-1,0,30010416,16,cb3e8776db00b20587e782f4640ff3e9,narrow_passage,4,0.0,1.0,1.0,0.0,0.0,0.0,0.0,0.5283737778663635,0.5501443147659302,0.0,0.0,0.0,0.0,0.9311136568586031,1.6252785921096802,0.0,0.31666666666666665,0.0,nan,0.0,0.0,0.0,3.137042741667173,3.051562500004934,3.182362799991978,6.858613249993662,120.0,120.0,1.0
2,fafafc5008dd932c27fec409716eb7547c4f3fee,orca,-1,0,30010417,17,8c161905744b72ce3806cdef5a60a890,narrow_passage,4,0.0,1.0,1.0,0.0,0.0,0.0,0.0,0.5073506236076355,0.5500067472457886,0.0,0.0,0.0,0.0,0.7295427799224854,1.3521090745925903,1.0,0.30833333333333335,0.0,nan,1.0,0.0,0.0,3.0146759666659286,3.0120624999980805,3.116143749992517,3.135990209997317,120.0,120.0,1.0
2,fafafc5008dd932c27fec409716eb7547c4f3fee,orca,-1,0,30010418,18,8299fb03907aee93b1874ec0e5ba0ee4,narrow_passage,4,0.0,1.0,1.0,0.0,0.0,0.0,0.0,0.577728807926178,0.5500090718269348,0.0,0.0,0.0,0.0,0.6860481509317954,0.9874458312988281,0.0,0.30833333333333335,0.008333333333333333,nan,0.0,0.0,0.0,3.0057177750002495,3.0016250000031164,3.098223250005816,3.151739019995148,120.0,120.0,1.0
2,fafafc5008dd932c27fec409716eb7547c4f3fee,orca,-1,0,30010419,19,0a1c460b59400bea6c216dbade3b172c,narrow_passage,4,0.0,1.0,1.0,0.0,0.0,0.0,0.0,0.44294819235801697,0.5500573515892029,0.0,0.0,0.0,0.0,0.5860149359951417,0.9178282022476196,0.0,0.38333333333333336,0.0,nan,1.0,0.0,0.0,3.1254792333333135,3.125729499998897,3.2253127999958053,3.2452900199960766,120.0,120.0,1.0
2,fafafc5008dd932c27fec409716eb7547c4f3fee,orca,-1,0,30010420,20,0dd9f758fa418e6e1dca444a970f5c05,narrow_passage,4,0.0,1.0,1.0,0.0,0.0,0.0,0.0,0.4032491147518158,0.5500080585479736,0.0,0.0,0.0,0.0,0.7252342949310938,1.0260647535324097,0.0,0.19166666666666668,0.0,nan,0.0,0.0,0.0,3.042658700000563,3.0378539999986742,3.151400649995395,3.1715088099998923,120.0,120.0,1.0
2,fafafc5008dd932c27fec409716eb7547c4f3fee,orca,-1,0,30010421,21,8c8c461191d75df3b35088073299bd84,narrow_passage,4,0.0,1.0,1.0,0.0,0.0,0.0,0.0,0.44030046463012695,0.550046443939209,0.0,0.0,0.0,0.0,0.563024300088485,1.352948784828186,0.0,0.48333333333333334,0.0,nan,2.0,0.0,0.0,3.00929617500015,3.0076039999968884,3.1081895999975018,3.144109020000201,120.0,120.0,1.0
2,fafafc5008dd932c27fec409716eb7547c4f3fee,orca,-1,0,30010422,22,1faa7b175ada3810d3222858efc53ee5,narrow_passage,4,0.0,1.0,1.0,0.0,0.0,0.0,0.0,0.4013671576976776,0.5501856803894043,0.0,0.0,0.0,0.0,0.62768572991093,1.0036277770996094,0.0,0.30833333333333335,0.0,nan,1.0,0.0,0.0,3.0439440666664077,3.0481670000099825,3.1550996999961,3.1779077299951553,120.0,120.0,1.0
2,fafafc5008dd932c27fec409716eb7547c4f3fee,orca,-1,0,30010423,23,e211a8337444f3e1ce3d3efd8cd8033e,narrow_passage,4,0.0,0.0,1.0,0.0,0.0,0.0,1.0,0.40431109070777893,0.5481231212615967,0.0,0.0,1.0,0.0,0.703943379720052,1.0149390697479248,0.0,0.2916666666666667,0.0,nan,1.0,0.0,0.0,2.9738770500003398,2.9714169999977003,3.0749464499905343,3.1016255000001536,120.0,120.0,1.0
2,fafafc5008dd932c27fec409716eb7547c4f3fee,orca,-1,0,30010424,24,d1b38a1b78a634c72e0f4fe990e0c2d6,narrow_passage,4,0.0,1.0,1.0,0.0,0.0,0.0,0.0,0.46846193075180054,0.5501819849014282,1.0,0.0,1.0,0.0,0.6626448386659225,1.0655838251113892,0.0,0.225,0.1,nan,3.0,0.0,0.0,3.044113549999613,3.0432715000046073,3.146871149995434,3.1656266700011315,120.0,120.0,1.0
2,fafafc5008dd932c27fec409716eb7547c4f3fee,orca,-1,0,30010425,25,3a720bbf517d5dfb707a436e2fe7f065,narrow_passage,4,0.0,1.0,1.0,0.0,0.0,0.0,0.0,0.40520718693733215,0.5508998036384583,0.0,0.0,0.0,0.0,0.6007210377603769,1.3202087879180908,0.0,0.575,0.0,nan,0.0,0.0,0.0,3.040892791665802,3.0437089999963973,3.1634000000003937,3.1851594999953647,120.0,120.0,1.0
2,fafafc5008dd932c27fec409716eb7547c4f3fee,orca,-1,0,30010426,26,475278c0921997d500a58cbb90aa3e3b,narrow_passage,4,0.0,1.0,1.0,0.0,0.0,0.0,0.0,0.45513102412223816,0.5502268075942993,0.0,0.0,0.0,0.0,0.7876208651810884,1.297080636024475,0.0,0.20833333333333334,0.0,nan,1.0,0.0,0.0,3.032203841666122,3.035187499996539,3.149939599991569,3.162566309994048,120.0,120.0,1.0
2,fafafc5008dd932c27fec409716eb7547c4f3fee,orca,-1,0,30010427,27,5f4a83befed9baafef20aae85d579721,narrow_passage,4,0.0,1.0,1.0,0.0,0.0,0.0,0.0,0.45932140946388245,0.5501008629798889,0.0,0.0,0.0,0.0,0.7119584139436483,1.154848575592041,1.0,0.25833333333333336,0.0,nan,1.0,0.0,0.0,2.9966763750001255,2.9937079999982075,3.0944163499931676,3.113057979998217,120.0,120.0,1.0
2,fafafc5008dd932c27fec409716eb7547c4f3fee,orca,-1,0,30010428,28,674f1f67e0d232cf11e805af94eabb99,narrow_passage,4,0.0,1.0,1.0,0.0,0.0,0.0,0.0,0.5157265663146973,0.5500875115394592,0.0,0.0,0.0,0.0,0.8491498000919819,1.1859430074691772,0.0,0.2,0.0,nan,0.0,0.0,0.0,3.0079198249993055,3.007624500000361,3.105250000004389,3.1412884799961205,120.0,120.0,1.0
2,fafafc5008dd932c27fec409716eb7547c4f3fee,orca,-1,0,30010429,29,ac1605e43f03e501ca982f746bbd3d8d,narrow_passage,4,0.0,1.0,1.0,0.0,0.0,0.0,0.0,0.6902493834495544,0.5500906109809875,0.0,0.0,0.0,0.0,0.8266368862241507,1.1888272762298584,0.0,0.25,0.0,nan,0.0,0.0,0.0,3.0801051916660307,3.0779370000004747,3.18933784998805,3.2272897300009618,120.0,120.0,1.0
2,fafafc5008dd932c27fec409716eb7547c4f3fee,orca,-1,0,30010800,0,37826b5cb94773f71f42a9d7494d9007,narrow_passage,8,0.0,1.0,1.0,0.0,0.0,0.0,0.0,0.40055492520332336,0.5503132939338684,0.0,0.0,0.0,0.0,0.8265779204666615,1.435887098312378,0.0,0.2,0.0,nan,1.0,0.0,0.0,3.477674974999919,3.4844794999955297,3.599961049999223,3.6219887499990477,120.0,120.0,1.0
2,fafafc5008dd932c27fec409716eb7547c4f3fee,orca,-1,0,30010801,1,aab657c7231f3b2de009a54591cb599e,narrow_passage,8,0.0,1.0,1.0,0.0,0.0,0.0,0.0,0.40239426493644714,0.5500205755233765,0.0,0.0,0.0,0.0,0.7808931777874629,1.2152169942855835,0.0,0.175,0.0,nan,0.0,0.0,0.0,3.5457024833332205,3.556999999993593,3.672325349990757,3.685197269994802,120.0,120.0,1.0
2,fafafc5008dd932c27fec409716eb7547c4f3fee,orca,-1,0,30010802,2,36c87cc1ed96dcebea9e241cf0203c0c,narrow_passage,8,0.0,0.0,0.0,0.0,0.0,4.0,27.0,0.39694586396217346,0.5275636315345764,0.0,0.0,1.0,1.0,0.7904266086717446,1.4138754606246948,0.0,0.16666666666666666,0.0,nan,1.0,0.0,0.0,3.5161385416663173,3.515145999998026,3.6446079999961967,3.694173060003436,120.0,120.0,1.0
2,fafafc5008dd932c27fec409716eb7547c4f3fee,orca,-1,0,30010803,3,6eff456d9ec047f8af81e30732029087,narrow_passage,8,0.0,1.0,1.0,0.0,0.0,0.0,0.0,0.4037810266017914,0.5500946640968323,0.0,0.0,0.0,0.0,0.9020338413616021,1.2638053894042969,0.0,0.175,0.0,nan,0.0,0.0,0.0,3.4864788250001055,3.4946039999965706,3.595460749999546,3.676684999996951,120.0,120.0,1.0
2,fafafc5008dd932c27fec409716eb7547c4f3fee,orca,-1,0,30010804,4,da6aafc6c47c4b53dea187c40f8e251a,narrow_passage,8,0.0,1.0,1.0,0.0,0.0,0.0,0.0,0.4013046622276306,0.5501601696014404,0.0,0.0,0.0,0.0,1.0530778728425503,1.7468513250350952,0.0,0.13333333333333333,0.0,nan,1.0,0.0,0.0,3.550235725000306,3.550978999996346,3.6577687500020772,3.682417500002799,120.0,120.0,1.0
2,fafafc5008dd932c27fec409716eb7547c4f3fee,orca,-1,0,30010805,5,dc8c3f6c9f6db4491c448cb8e91cbb06,narrow_passage,8,0.0,0.0,1.0,0.0,0.0,1.0,0.0,0.39888322353363037,0.5500577092170715,0.0,0.0,1.0,0.0,0.7343383361895879,1.2418880462646484,0.0,0.15,0.0,nan,0.0,0.0,0.0,3.522771108332634,3.5220629999983544,3.660028549990102,3.6956484600052875,120.0,120.0,1.0
2,fafafc5008dd932c27fec409716eb7547c4f3fee,orca,-1,0,30010806,6,c2e663acce0596b58e18b2f850c3fcf7,narrow_passage,8,0.0,0.0,1.0,0.0,0.0,0.0,11.0,0.4002456068992615,0.5304477214813232,0.0,0.0,1.0,0.0,0.7917255021631717,1.4937703609466553,0.0,0.19166666666666668,0.0,nan,1.0,0.0,0.0,3.5383059000000827,3.5332090000039784,3.6594628499955206,3.6982207699973912,120.0,120.0,1.0
2,fafafc5008dd932c27fec409716eb7547c4f3fee,orca,-1,0,30010807,7,15d12b5e8db39a121547de04e9532a60,narrow_passage,8,0.0,1.0,1.0,0.0,0.0,0.0,0.0,0.4005633592605591,0.5500100255012512,0.0,0.0,0.0,0.0,0.7780071740349134,1.2741426229476929,0.0,0.18333333333333332,0.0,nan,0.0,0.0,0.0,3.5255562666673512,3.5346045000039794,3.6575604500029613,3.666373959999447,120.0,120.0,1.0
2,fafafc5008dd932c27fec409716eb7547c4f3fee,orca,-1,0,30010808,8,df9499122f51ab20e686fab88eec1f62,narrow_passage,8,0.0,0.0,0.0,0.0,0.0,0.0,1.0,0.4000571668148041,0.5444596409797668,0.0,0.0,1.0,1.0,0.8066345659395059,1.2544691562652588,0.0,0.225,0.008333333333333333,nan,0.0,0.0,0.0,3.565121908332358,3.5698750000037194,3.6734184499962907,3.703620540003101,120.0,120.0,1.0
2,fafafc5008dd932c27fec409716eb7547c4f3fee,orca,-1,0,30010809,9,264075bdbb1a1f26bd1d562ba91ff6af,narrow_passage,8,0.0,1.0,1.0,0.0,0.0,0.0,0.0,0.40034863352775574,0.5501589775085449,0.0,0.0,0.0,0.0,0.7997939007977645,1.2411078214645386,0.0,0.225,0.0,nan,0.0,0.0,0.0,3.5517920083338574,3.560417000002758,3.6717372000005355,3.690426269994873,120.0,120.0,1.0
2,fafafc5008dd932c27fec409716eb7547c4f3fee,orca,-1,0,30010810,10,4b394c89fa944e4cb7483021983d61f2,narrow_passage,8,0.0,0.0,1.0,0.0,0.0,3.0,2.0,0.3945789039134979,0.5486262440681458,0.0,0.0,1.0,0.0,0.9133375530441602,1.2681370973587036,0.0,0.15833333333333333,0.0,nan,0.0,0.0,0.0,3.539242733334073,3.539833499999645,3.670407699992495,3.6907918100024517,120.0,120.0,1.0
2,fafafc5008dd932c27fec409716eb7547c4f3fee,orca,-1,0,30010811,11,9298b9110b74714f5f31aae145010a6a,narrow_passage,8,0.0,1.0,1.0,0.0,0.0,0.0,0.0,0.403898149728775,0.5500014424324036,0.0,0.0,0.0,0.0,0.9894501080115636,1.3192700147628784,0.0,0.18333333333333332,0.0,nan,0.0,0.0,0.0,3.481592033333314,3.4807079999978896,3.5858627999971304,3.613056459998063,120.0,120.0,1.0
2,fafafc5008dd932c27fec409716eb7547c4f3fee,orca,-1,0,30010812,12,59861da3071b1c4bdfb4fd5284ec6726,narrow_passage,8,0.0,1.0,1.0,0.0,0.0,0.0,0.0,0.4001563489437103,0.550096333026886,0.0,0.0,0.0,0.0,0.8384008144338926,1.2286888360977173,0.0,0.19166666666666668,0.0,nan,0.0,0.0,0.0,3.582407600000792,3.5879375000007485,3.7056166499958465,3.7526475200056097,120.0,120.0,1.0
2,fafafc5008dd932c27fec409716eb7547c4f3fee,orca,-1,0,30010813,13,8aee7488b037d72b1999343ac1bd1337,narrow_passage,8,0.0,0.0,1.0,0.0,0.0,1.0,0.0,0.3885023891925812,0.5500240921974182,0.0,0.0,1.0,0.0,0.8696782238781452,1.3073172569274902,0.0,0.15833333333333333,0.0,nan,0.0,0.0,0.0,3.5529152666671373,3.561062499997547,3.655980899996081,3.6805434800042747,120.0,120.0,1.0
2,fafafc5008dd932c27fec409716eb7547c4f3fee,orca,-1,0,30010814,14,86419ba5e538fcba08762820869ee098,narrow_passage,8,0.0,0.0,1.0,0.0,0.0,1.0,0.0,0.3981338441371918,0.5500587821006775,1.0,0.0,1.0,0.0,0.9233793884515762,1.8334211111068726,0.0,0.175,0.14166666666666666,nan,2.0,0.0,0.0,3.6829076583331974,3.68262500000327,3.8142437500056303,3.8427137299918,120.0,120.0,1.0
2,fafafc5008dd932c27fec409716eb7547c4f3fee,orca,-1,0,30010815,15,cdfedb0a37a3ff09dd961cb4a2584354,narrow_passage,8,0.0,1.0,1.0,0.0,0.0,0.0,0.0,0.4003012478351593,0.5504071712493896,0.0,0.0,0.0,0.0,0.7737774901092053,1.2758514881134033,0.0,0.20833333333333334,0.0,nan,0.0,0.0,0.0,3.594355891666723,3.603416499998957,3.7096270999995795,3.739611669998766,120.0,120.0,1.0
2,fafafc5008dd932c27fec409716eb7547c4f3fee,orca,-1,0,30010816,16,1e4a1765644073de16e94124389d2a48,narrow_passage,8,0.0,1.0,1.0,0.0,0.0,0.0,0.0,0.40209314227104187,0.5500937104225159,0.0,0.0,0.0,0.0,0.8731206193566322,1.395001769065857,0.0,0.175,0.0,nan,1.0,0.0,0.0,3.5933520999996915,3.5967494999979976,3.708306549998497,3.730619460000497,120.0,120.0,1.0
2,fafafc5008dd932c27fec409716eb7547c4f3fee,orca,-1,0,30010817,17,09ce9d64b6dc31e641e0a453d0d3c2de,narrow_passage,8,0.0,0.0,1.0,0.0,0.0,6.0,0.0,0.3858031630516052,0.5500103831291199,0.0,0.0,1.0,0.0,0.9076726978023847,1.2491960525512695,0.0,0.18333333333333332,0.0,nan,0.0,0.0,0.0,3.5977169916662888,3.598082999999974,3.7130170000018836,3.74091151999977,120.0,120.0,1.0
2,fafafc5008dd932c27fec409716eb7547c4f3fee,orca,-1,0,30010818,18,b872b093181cfcc5bf728f321d53d115,narrow_passage,8,0.0,1.0,1.0,0.0,0.0,0.0,0.0,0.40073204040527344,0.5501686334609985,0.0,0.0,0.0,0.0,0.8663315959274769,1.6830792427062988,0.0,0.175,0.09166666666666666,nan,7.0,0.0,0.0,3.713246883333691,3.635750000000826,3.761616649997279,5.595456250001694,120.0,120.0,1.0
2,fafafc5008dd932c27fec409716eb7547c4f3fee,orca,-1,0,30010819,19,2501d76550073819bb55a023b2644e38,narrow_passage,8,0.0,1.0,1.0,0.0,0.0,0.0,0.0,0.4008098840713501,0.5501993894577026,0.0,0.0,0.0,0.0,0.7843917883932591,1.2611874341964722,0.0,0.24166666666666667,0.0,nan,0.0,0.0,0.0,3.4838035083332386,3.4836454999975786,3.6249646000008795,3.712389309998798,120.0,120.0,1.0
2,fafafc5008dd932c27fec409716eb7547c4f3fee,orca,-1,0,30010820,20,36ec80247c2804eeae6b2d659287cb43,narrow_passage,8,0.0,1.0,1.0,0.0,0.0,0.0,0.0,0.447873592376709,0.5504164695739746,0.0,0.0,0.0,0.0,0.9457918350895246,2.0259947776794434,0.0,0.15833333333333333,0.0,nan,4.0,0.0,0.0,3.579770099999635,3.590062500002489,3.702297600007398,3.7343980399937493,120.0,120.0,1.0
2,fafafc5008dd932c27fec409716eb7547c4f3fee,orca,-1,0,30010821,21,a74dc2185c7cdcff1761b74c27f8ca13,narrow_passage,8,0.0,0.0,0.0,0.0,0.0,0.0,22.0,0.40033867955207825,0.5251854062080383,0.0,0.0,1.0,1.0,0.8311363649864991,1.5788134336471558,0.0,0.18333333333333332,0.0,nan,4.0,0.0,0.0,3.553551016665916,3.5558339999965938,3.684834749997634,3.717094019991549,120.0,120.0,1.0
2,fafafc5008dd932c27fec409716eb7547c4f3fee,orca,-1,0,30010822,22,a7f473b5813ed1bd216285d83cc89069,narrow_passage,8,0.0,1.0,1.0,0.0,0.0,0.0,0.0,0.40048688650131226,0.5501537322998047,0.0,0.0,0.0,0.0,0.8276307120919227,1.2231661081314087,0.0,0.25833333333333336,0.0,nan,0.0,0.0,0.0,3.5039527999992734,3.503541499995322,3.636741350003092,3.6772349799798576,120.0,120.0,1.0
2,fafafc5008dd932c27fec409716eb7547c4f3fee,orca,-1,0,30010823,23,9d70377aa8a497d1f9ff00ea1a6d671c,narrow_passage,8,0.0,0.0,0.0,0.0,0.0,5.0,10.0,0.39247193932533264,0.5411785244941711,0.0,0.0,1.0,1.0,0.6515711878736814,1.2441977262496948,0.0,0.2,0.0,nan,0.0,0.0,0.0,3.524380958333495,3.532896000010055,3.6664503500048795,3.6938094600108684,120.0,120.0,1.0
2,fafafc5008dd932c27fec409716eb7547c4f3fee,orca,-1,0,30010824,24,ae77b47a03561f6559f34ce041fe95e9,narrow_passage,8,0.0,1.0,1.0,0.0,0.0,0.0,0.0,0.40023013949394226,0.5501284003257751,0.0,0.0,0.0,0.0,0.8728191946943601,1.2715967893600464,0.0,0.16666666666666666,0.0,nan,0.0,0.0,0.0,3.5142055083343373,3.5184994999895025,3.62753714999684,3.6758863100027384,120.0,120.0,1.0
2,fafafc5008dd932c27fec409716eb7547c4f3fee,orca,-1,0,30010825,25,c875c099dd219ea309cb8bf63ca740b5,narrow_passage,8,0.0,1.0,1.0,0.0,0.0,0.0,0.0,0.40100306272506714,0.5500038266181946,0.0,0.0,0.0,0.0,0.7739696525037288,1.2495697736740112,0.0,0.18333333333333332,0.0,nan,0.0,0.0,0.0,3.5814705083320555,3.5787499999884176,3.759035450002557,3.799759999993455,120.0,120.0,1.0
2,fafafc5008dd932c27fec409716eb7547c4f3fee,orca,-1,0,30010826,26,4ef56c59e7e80651307d405ca66fc7d1,narrow_passage,8,0.0,1.0,1.0,0.0,0.0,0.0,0.0,0.4048268496990204,0.5500919818878174,0.0,0.0,0.0,0.0,1.020553893595934,2.092015266418457,0.0,0.19166666666666668,0.0,nan,2.0,0.0,0.0,3.5551055500005666,3.552333000001795,3.728747250001163,3.7775277100118387,120.0,120.0,1.0
2,fafafc5008dd932c27fec409716eb7547c4f3fee,orca,-1,0,30010827,27,eafce0229a3975db7ca406fed35319ce,narrow_passage,8,0.0,1.0,1.0,0.0,0.0,0.0,0.0,0.4005243182182312,0.5500648617744446,0.0,0.0,0.0,0.0,0.789562996973594,1.2607307434082031,0.0,0.175,0.0,nan,0.0,0.0,0.0,3.5327173500003064,3.5321255000013707,3.637454149985331,3.6797902900107715,120.0,120.0,1.0
2,fafafc5008dd932c27fec409716eb7547c4f3fee,orca,-1,0,30010828,28,bcb7de991bffa3ffcf2811371215fef8,narrow_passage,8,0.0,1.0,1.0,0.0,0.0,0.0,0.0,0.4005891978740692,0.5501130223274231,0.0,0.0,0.0,0.0,0.8960081865390142,1.4181134700775146,0.0,0.23333333333333334,0.0,nan,4.0,0.0,0.0,3.6586861083319397,3.664229000008845,3.7851458499929436,3.816905289991439,120.0,120.0,1.0
2,fafafc5008dd932c27fec409716eb7547c4f3fee,orca,-1,0,30010829,29,0b5bc056734f69320a61c23910669339,narrow_passage,8,0.0,0.0,1.0,0.0,0.0,0.0,3.0,0.40041252970695496,0.5457857847213745,0.0,0.0,1.0,0.0,0.7658934406936169,1.799738883972168,0.0,0.24166666666666667,0.0,nan,2.0,0.0,0.0,3.592636066665733,3.5976454999939733,3.7080875000029323,3.736289979995888,120.0,120.0,1.0
2,fafafc5008dd932c27fec409716eb7547c4f3fee,cbf_qp,-1,0,30000400,0,3df8369b1349118143732ee6e6a2d580,open_field,4,1.0,1.0,1.0,1.0,1.0,0.0,0.0,0.7455102801322937,2.0485587120056152,0.0,0.0,0.0,0.0,0.2713409868468131,0.8802719116210938,1.0,0.8452380952380952,0.0,12.6,0.0,0.0,0.0,0.16210216666765054,0.1433954999896514,0.2212276000022939,0.226515580002058,84.0,84.0,0.0
2,fafafc5008dd932c27fec409716eb7547c4f3fee,cbf_qp,-1,0,30000401,1,2ffb30b22eb6aada08065fc28c6a42b1,open_field,4,1.0,1.0,1.0,1.0,1.0,0.0,0.0,0.6765989661216736,0.7596487998962402,0.0,0.0,0.0,0.0,0.28671197129620446,0.9329334497451782,1.0,0.8444444444444444,0.0,13.5,0.0,0.0,0.0,0.1787259222216638,0.17802050000170766,0.2234767499871282,0.24087199999939912,90.0,90.0,0.0
2,fafafc5008dd932c27fec409716eb7547c4f3fee,cbf_qp,-1,0,30000402,2,281e8a4decc8c75013669b559d3e296e,open_field,4,1.0,1.0,1.0,1.0,1.0,0.0,0.0,0.705082356929779,0.5828977823257446,0.0,0.0,0.0,0.0,0.34059780992959676,0.8580435514450073,1.0,0.8842105263157894,0.0,14.25,0.0,0.0,0.0,0.16111752631487483,0.15499999997814484,0.20646259998784444,0.21139498000650295,95.0,95.0,0.0
2,fafafc5008dd932c27fec409716eb7547c4f3fee,cbf_qp,-1,0,30000403,3,7efce30e66fab1e523cfdbb048727dac,open_field,4,1.0,1.0,1.0,0.0,0.0,0.0,0.0,0.47971436381340027,0.5511457920074463,0.0,0.0,0.0,0.0,0.45529592121547124,0.880852460861206,0.0,0.5943396226415094,0.0,15.899999999999999,0.0,0.0,0.0,0.17178340565962727,0.1711455000048545,0.22401049999132283,0.24693125001533645,106.0,106.0,0.0
2,fafafc5008dd932c27fec409716eb7547c4f3fee,cbf_qp,-1,0,30000404,4,ed116c4c60d6c2365dc4ae014192dd16,open_field,4,1.0,1.0,1.0,1.0,1.0,0.0,0.0,0.675600528717041,1.4650450944900513,0.0,0.0,0.0,0.0,0.27084007314065606,0.8641336560249329,1.0,0.8536585365853658,0.0,12.299999999999999,0.0,0.0,0.0,0.16041823170757274,0.14272949999849516,0.21847294998877942,0.22740973000253462,82.0,82.0,0.0
2,fafafc5008dd932c27fec409716eb7547c4f3fee,cbf_qp,-1,0,30000405,5,17b8deb48d08e0d321c583e61aa49969,open_field,4,1.0,1.0,1.0,1.0,1.0,0.0,0.0,0.6733281016349792,1.0146632194519043,0.0,0.0,0.0,0.0,0.27818643882177596,0.9236968159675598,1.0,0.8604651162790697,0.0,12.9,0.0,0.0,0.0,0.16476940697917905,0.16247900001076232,0.2130517500020801,0.23737495000233375,86.0,86.0,0.0
2,fafafc5008dd932c27fec409716eb7547c4f3fee,cbf_qp,-1,0,30000406,6,60e1dd33138a9e28a44f6ddeb95649ad,open_field,4,1.0,1.0,1.0,1.0,1.0,0.0,0.0,0.6281065940856934,0.5715312361717224,0.0,0.0,0.0,0.0,0.36033822555135897,0.9317795038223267,1.0,0.8131868131868132,0.0,13.65,0.0,0.0,0.0,0.17014329670165093,0.16937499998448402,0.21864549999861538,0.2278330000109463,91.0,91.0,0.0
2,fafafc5008dd932c27fec409716eb7547c4f3fee,cbf_qp,-1,0,30000407,7,266c5f48ab2fe4267faf99218ed0a78a,open_field,4,1.0,1.0,1.0,1.0,1.0,0.0,0.0,0.6215066313743591,0.5599998831748962,0.0,0.0,0.0,0.0,0.37192240841686725,0.8766065835952759,1.0,0.86,0.0,15.0,0.0,0.0,0.0,0.17196790000099327,0.17299999998954263,0.21995895000657129,0.2474479200014914,100.0,100.0,0.0
2,fafafc5008dd932c27fec409716eb7547c4f3fee,cbf_qp,-1,0,30000408,8,ff35cc941eceb53f04f967a717a5dc3f,open_field,4,1.0,1.0,1.0,1.0,1.0,0.0,0.0,0.5206048488616943,0.5502703189849854,0.0,0.0,0.0,0.0,0.3825029960045448,0.9357678890228271,1.0,0.8942307692307693,0.0,15.6,0.0,0.0,0.0,0.16989748076831837,0.17656250001607532,0.216133099982585,0.2305219899972144,104.0,104.0,0.0
2,fafafc5008dd932c27fec409716eb7547c4f3fee,cbf_qp,-1,0,30000409,9,a015dfb474e9aca281f4849d5c5c1054,open_field,4,1.0,1.0,1.0,1.0,1.0,0.0,0.0,0.7037972211837769,0.5703485012054443,0.0,0.0,0.0,0.0,0.3210518324931899,0.898244321346283,1.0,0.8681318681318682,0.0,13.65,0.0,0.0,0.0,0.16515654945192682,0.1625419999982114,0.2139374999927668,0.22934640000471496,91.0,91.0,0.0
2,fafafc5008dd932c27fec409716eb7547c4f3fee,cbf_qp,-1,0,30000410,10,a099161f9dd311fa4096e19eab5ebe91,open_field,4,1.0,1.0,1.0,1.0,1.0,0.0,0.0,0.6637565493583679,0.8150072693824768,0.0,0.0,0.0,0.0,0.2991904781273242,0.9086611866950989,1.0,0.8539325842696629,0.0,13.35,0.0,0.0,0.0,0.1699755730336737,0.17295800000738382,0.2158335999922656,0.24219004001338368,89.0,89.0,0.0
2,fafafc5008dd932c27fec409716eb7547c4f3fee,cbf_qp,-1,0,30000411,11,4e040629bb644321b78208dadbd79ce5,open_field,4,1.0,1.0,1.0,1.0,1.0,0.0,0.0,0.7202948331832886,1.7816275358200073,0.0,0.0,0.0,0.0,0.2599891272025654,0.9382308125495911,1.0,0.8674698795180723,0.0,12.45,0.0,0.0,0.0,0.15898489156567727,0.14687499998444764,0.21558339999501183,0.2326374399933684,83.0,83.0,0.0
2,fafafc5008dd932c27fec409716eb7547c4f3fee,cbf_qp,-1,0,30000412,12,6801432fcfd74e954fdf32b0a5aef517,open_field,4,1.0,1.0,1.0,1.0,1.0,0.0,0.0,0.6709880232810974,1.4937164783477783,0.0,0.0,0.0,0.0,0.2604821655585105,0.9612550139427185,1.0,0.8433734939759037,0.0,12.45,0.0,0.0,0.0,0.1624980000012482,0.15020800000797863,0.2254374999978381,0.23626806000322628,83.0,83.0,0.0
2,fafafc5008dd932c27fec409716eb7547c4f3fee,cbf_qp,-1,0,30000413,13,8289d8ae91cf9e5bb01568067b5196f8,open_field,4,1.0,1.0,1.0,1.0,1.0,0.0,0.0,0.7250595092773438,1.457533597946167,0.0,0.0,0.0,0.0,0.27683499381812504,0.8874473571777344,1.0,0.8372093023255814,0.0,12.9,0.0,0.0,0.0,0.16857025581414345,0.1561250000037262,0.23263549999086308,0.24650449999938928,86.0,86.0,0.0
2,fafafc5008dd932c27fec409716eb7547c4f3fee,cbf_qp,-1,0,30000414,14,9b47bcb199997ad100078ae6b943dd69,open_field,4,1.0,1.0,1.0,1.0,1.0,0.0,0.0,0.7259687185287476,0.9045439958572388,0.0,0.0,0.0,0.0,0.29165984673632517,0.865354597568512,1.0,0.8222222222222222,0.0,13.5,0.0,0.0,0.0,0.1722684999991644,0.17649999999491683,0.22510814998781825,0.24992750000677685,90.0,90.0,0.0
2,fafafc5008dd932c27fec409716eb7547c4f3fee,cbf_qp,-1,0,30000415,15,8d7d9e90022c95a6e102d9502dbd4463,open_field,4,1.0,1.0,1.0,1.0,1.0,0.0,0.0,0.700389564037323,1.0286425352096558,0.0,0.0,0.0,0.0,0.2834042671523737,0.9430808424949646,1.0,0.8539325842696629,0.0,13.35,0.0,0.0,0.0,0.1670594494394694,0.16408299998715847,0.2189249999958065,0.22931692000611298,89.0,89.0,0.0
2,fafafc5008dd932c27fec409716eb7547c4f3fee,cbf_qp,-1,0,30000416,16,28662af30e0397dea0bb832a7d65d6b7,open_field,4,1.0,1.0,1.0,1.0,1.0,0.0,0.0,0.701863706111908,1.614936351776123,0.0,0.0,0.0,0.0,0.2587185035060559,0.8823341727256775,1.0,0.8690476190476191,0.0,12.6,0.0,0.0,0.0,0.15248010714042862,0.14108300000259533,0.20428744999634318,0.22164596999118658,84.0,84.0,0.0
2,fafafc5008dd932c27fec409716eb7547c4f3fee,cbf_qp,-1,0,30000417,17,46d6f3d08b9a69dc252b9eef8ac4d19b,open_field,4,1.0,1.0,1.0,1.0,1.0,0.0,0.0,0.7227529287338257,0.6578955054283142,0.0,0.0,0.0,0.0,0.3079499550991588,0.8669977188110352,1.0,0.8555555555555555,0.0,13.5,0.0,0.0,0.0,0.17052641111124306,0.17037499999617012,0.20530190000300763,0.21987098999858287,90.0,90.0,0.0
2,fafafc5008dd932c27fec409716eb7547c4f3fee,cbf_qp,-1,0,30000418,18,72175b304300fa10213f93b8eabcba9d,open_field,4,1.0,1.0,1.0,1.0,1.0,0.0,0.0,0.4006924033164978,0.5600000023841858,0.0,0.0,0.0,0.0,0.5201464532209295,0.8877978920936584,1.0,0.5446428571428571,0.0,16.8,0.0,0.0,0.0,0.16478866071294768,0.16410399999244873,0.203341699999271,0.20961586999618476,112.0,112.0,0.0
2,fafafc5008dd932c27fec409716eb7547c4f3fee,cbf_qp,-1,0,30000419,19,3b6095e780b078d042329a0e24e15e3c,open_field,4,1.0,1.0,1.0,1.0,1.0,0.0,0.0,0.6793180108070374,1.3977696895599365,0.0,0.0,0.0,0.0,0.2636999156640237,0.867947518825531,1.0,0.8313253012048193,0.0,12.45,0.0,0.0,0.0,0.15534696385705238,0.13950000001727858,0.20346699999436166,0.22166882001386035,83.0,83.0,0.0
2,fafafc5008dd932c27fec409716eb7547c4f3fee,cbf_qp,-1,0,30000420,20,b1f68c18b15f5b21b58a4dd915212b12,open_field,4,1.0,1.0,1.0,1.0,1.0,0.0,0.0,0.7053368091583252,1.1288607120513916,0.0,0.0,0.0,0.0,0.2902865006643183,0.9093630313873291,1.0,0.8352941176470589,0.0,12.75,0.0,0.0,0.0,0.1614539529404791,0.16020900000057736,0.21289139999112194,0.22104444001115547,85.0,85.0,0.0
2,fafafc5008dd932c27fec409716eb7547c4f3fee,cbf_qp,-1,0,30000421,21,9113f5c6b08cf0e9b6fe6c2072d15b80,open_field,4,1.0,1.0,1.0,1.0,1.0,0.0,0.0,0.6926075220108032,0.5600000023841858,0.0,0.0,0.0,0.0,0.42668076274321254,0.9380488395690918,1.0,0.7938144329896907,0.0,14.549999999999999,0.0,0.0,0.0,0.16798070102973942,0.17054200000643505,0.20906659999582186,0.2331916799835196,97.0,97.0,0.0
2,fafafc5008dd932c27fec409716eb7547c4f3fee,cbf_qp,-1,0,30000422,22,fe52e4896581b5706e90ce2bd7f0aca4,open_field,4,1.0,1.0,1.0,1.0,1.0,0.0,0.0,0.5597286224365234,0.5533657670021057,0.0,0.0,0.0,0.0,0.44707999331876636,0.9017572402954102,1.0,0.6153846153846154,0.0,15.6,0.0,0.0,0.0,0.18323842307720584,0.18343750001292847,0.21345615000001317,0.22587698002240586,104.0,104.0,0.0
2,fafafc5008dd932c27fec409716eb7547c4f3fee,cbf_qp,-1,0,30000423,23,b7879310dfc1e8da931760547c80b98e,open_field,4,1.0,1.0,1.0,1.0,1.0,0.0,0.0,0.6723515391349792,0.5589079260826111,0.0,0.0,0.0,0.0,0.3714561915581988,0.9305479526519775,1.0,0.8762886597938144,0.0,14.549999999999999,0.0,0.0,0.0,0.17412888659876996,0.17475000001354601,0.2158338000015192,0.23003831998835267,97.0,97.0,0.0
2,fafafc5008dd932c27fec409716eb7547c4f3fee,cbf_qp,-1,0,30000424,24,a20d3b4ec5c708260fd4db3728aa09d6,open_field,4,1.0,1.0,1.0,1.0,1.0,0.0,0.0,0.7168365716934204,1.3605009317398071,0.0,0.0,0.0,0.0,0.285415418316112,0.8967726826667786,1.0,0.8372093023255814,0.0,12.9,0.0,0.0,0.0,0.17021512790805435,0.1628960000061852,0.22283275000489766,0.23912494999791536,86.0,86.0,0.0
2,fafafc5008dd932c27fec409716eb7547c4f3fee,cbf_qp,-1,0,30000425,25,ab77a6a4020b32f10c3e00560beb4eb4,open_field,4,1.0,1.0,1.0,1.0,1.0,0.0,0.0,0.6977728605270386,2.39654541015625,0.0,0.0,0.0,0.0,0.27888048045514596,0.8883985877037048,1.0,0.8333333333333334,0.0,12.6,0.0,0.0,0.0,0.16382632142913117,0.1495620000184772,0.2276811500209419,0.2382463900124776,84.0,84.0,0.0
2,fafafc5008dd932c27fec409716eb7547c4f3fee,cbf_qp,-1,0,30000426,26,22a99c05def940b35c91f654a2d68a01,open_field,4,1.0,1.0,1.0,1.0,1.0,0.0,0.0,0.700110673904419,2.0260579586029053,0.0,0.0,0.0,0.0,0.2609400538550246,0.9019788503646851,1.0,0.8571428571428571,0.0,12.6,0.0,0.0,0.0,0.15946422619113795,0.14062499998601652,0.22165180001962878,0.23953808000243276,84.0,84.0,0.0
2,fafafc5008dd932c27fec409716eb7547c4f3fee,cbf_qp,-1,0,30000427,27,cf5949e950be793b5ce574055971c149,open_field,4,1.0,1.0,1.0,1.0,1.0,0.0,0.0,0.6725701689720154,1.7806305885314941,0.0,0.0,0.0,0.0,0.301484851495308,0.8959927558898926,1.0,0.788235294117647,0.0,12.75,0.0,0.0,0.0,0.16217841176606218,0.1537500000097225,0.22035839998579831,0.23100700001918986,85.0,85.0,0.0
2,fafafc5008dd932c27fec409716eb7547c4f3fee,cbf_qp,-1,0,30000428,28,962852f67956010221222b176a711ea9,open_field,4,1.0,1.0,1.0,1.0,1.0,0.0,0.0,0.6691992282867432,2.205742835998535,0.0,0.0,0.0,0.0,0.2859604168464156,0.8751718401908875,1.0,0.8117647058823529,0.0,12.75,0.0,0.0,0.0,0.16350535294122892,0.1440420000164977,0.22369960001924483,0.24881328000446948,85.0,85.0,0.0
2,fafafc5008dd932c27fec409716eb7547c4f3fee,cbf_qp,-1,0,30000429,29,895b15aa3428b9c110423c2c175d55d7,open_field,4,1.0,1.0,1.0,1.0,1.0,0.0,0.0,0.7036913633346558,1.7161109447479248,0.0,0.0,0.0,0.0,0.2806118627538882,0.9119598269462585,1.0,0.8313253012048193,0.0,12.45,0.0,0.0,0.0,0.16629071084198366,0.14512500001728768,0.22842889999594718,0.23084744001721444,83.0,83.0,0.0
2,fafafc5008dd932c27fec409716eb7547c4f3fee,cbf_qp,-1,0,30000800,0,6824b8fcf731971179ae8b1f3745f973,open_field,8,1.0,1.0,1.0,1.0,1.0,0.0,0.0,0.40422913432121277,0.5501443147659302,0.0,0.0,0.0,0.0,0.5688389025182805,1.384271264076233,1.0,0.5811965811965812,0.0,17.55,0.0,0.0,0.0,0.462808769232469,0.47737500000266664,0.5499836000012691,0.602620280010342,117.0,117.0,0.0
2,fafafc5008dd932c27fec409716eb7547c4f3fee,cbf_qp,-1,0,30000801,1,35f2108c56109b5c0b0ec12106ca4450,open_field,8,1.0,1.0,1.0,1.0,1.0,0.0,0.0,0.46763795614242554,0.5555971264839172,0.0,0.0,0.0,0.0,0.4692247368040539,1.3821581602096558,1.0,0.8380952380952381,0.0,15.75,0.0,0.0,0.0,0.4659341333343664,0.4775419999987207,0.5518586000050618,0.5892433200028789,105.0,105.0,0.0
2,fafafc5008dd932c27fec409716eb7547c4f3fee,cbf_qp,-1,0,30000802,2,edb1566ab8e7bb9e336b1c919a5f9a1d,open_field,8,1.0,1.0,1.0,1.0,1.0,0.0,0.0,0.5170819163322449,1.0334813594818115,0.0,0.0,0.0,0.0,0.406713859149904,1.3638004064559937,1.0,0.8282828282828283,0.0,14.85,0.0,0.0,0.0,0.41714395959502326,0.41091700001061326,0.5336085999857687,0.5415204999889054,99.0,99.0,0.0
2,fafafc5008dd932c27fec409716eb7547c4f3fee,cbf_qp,-1,0,30000803,3,e82df9f1e8113bd0903d3b567da2cb10,open_field,8,1.0,1.0,1.0,1.0,1.0,0.0,0.0,0.4059959352016449,0.5501346588134766,0.0,0.0,0.0,0.0,0.5011241079490876,1.4063481092453003,1.0,0.8037383177570093,0.0,16.05,0.0,0.0,0.0,0.48055835514032325,0.4860409999878357,0.5591579999986607,0.5826405599964346,107.0,107.0,0.0
2,fafafc5008dd932c27fec409716eb7547c4f3fee,cbf_qp,-1,0,30000804,4,2560751cd17f87e1f2d0e971019c7487,open_field,8,1.0,1.0,1.0,1.0,1.0,0.0,0.0,0.5284676551818848,0.8321013450622559,0.0,0.0,0.0,0.0,0.43921518110737356,1.4222240447998047,1.0,0.8247422680412371,0.0,14.549999999999999,0.0,0.0,0.0,0.4567298144306077,0.4897499999856336,0.5476750000070751,0.5926830000146308,97.0,97.0,0.0
2,fafafc5008dd932c27fec409716eb7547c4f3fee,cbf_qp,-1,0,30000805,5,cde3152089380e9fbb3171f9d86e0516,open_field,8,1.0,1.0,1.0,1.0,1.0,0.0,0.0,0.4183628559112549,0.5506423115730286,0.0,0.0,0.0,0.0,0.5275315638255635,1.3978697061538696,1.0,0.6972477064220184,0.0,16.349999999999998,0.0,0.0,0.0,0.49002715596254653,0.5094589999998789,0.5924581999863676,0.6201036400193516,109.0,109.0,0.0
2,fafafc5008dd932c27fec409716eb7547c4f3fee,cbf_qp,-1,0,30000806,6,6e248afafe4030f081c9bef3b738bff2,open_field,8,1.0,1.0,1.0,1.0,1.0,0.0,0.0,0.556649923324585,0.5506904721260071,0.0,0.0,0.0,0.0,0.4823621255815576,1.4075771570205688,1.0,0.7889908256880734,0.0,16.349999999999998,0.0,0.0,0.0,0.48606155045816013,0.4881250000039472,0.5851413999891975,0.6516213600104949,109.0,109.0,0.0
2,fafafc5008dd932c27fec409716eb7547c4f3fee,cbf_qp,-1,0,30000807,7,fdf6829bd2fecd96268fb3ffdca7d51f,open_field,8,1.0,1.0,1.0,1.0,1.0,0.0,0.0,0.4024394750595093,0.5513206720352173,0.0,0.0,0.0,0.0,0.5943740458569975,1.4129009246826172,1.0,0.5982905982905983,0.0,17.55,0.0,0.0,0.0,0.476655247865422,0.484000000000151,0.5735500000128013,0.600151559999631,117.0,117.0,0.0
2,fafafc5008dd932c27fec409716eb7547c4f3fee,cbf_qp,-1,0,30000808,8,7949c6e49fce60209c600cdb0ade942b,open_field,8,1.0,1.0,1.0,0.0,0.0,0.0,0.0,0.6331818699836731,0.8199971914291382,0.0,0.0,0.0,0.0,0.4273302058875561,1.4098199605941772,0.0,0.82,0.0,15.0,0.0,0.0,0.0,0.4578504600019073,0.4770415000052708,0.5693048000196654,0.6158345899947905,100.0,100.0,0.0
2,fafafc5008dd932c27fec409716eb7547c4f3fee,cbf_qp,-1,0,30000809,9,20ac46aa154658a51686dad07ca87857,open_field,8,1.0,1.0,1.0,1.0,1.0,0.0,0.0,0.4418184459209442,0.5522848963737488,0.0,0.0,0.0,0.0,0.45962018219002504,1.3689379692077637,1.0,0.8508771929824561,0.0,17.099999999999998,0.0,0.0,0.0,0.4764692719288233,0.48622900000339087,0.5492918999991047,0.6086372100043038,114.0,114.0,0.0
2,fafafc5008dd932c27fec409716eb7547c4f3fee,cbf_qp,-1,0,30000810,10,af5ccd2e9ca6d92d6f1b3a9cc1e1ea48,open_field,8,1.0,1.0,1.0,1.0,1.0,0.0,0.0,0.5031120181083679,1.8281625509262085,0.0,0.0,0.0,0.0,0.43453556205097,1.3764573335647583,1.0,0.8105263157894737,0.0,14.25,0.0,0.0,0.0,0.4337644736859889,0.41383399999972426,0.5653291999919928,0.7112594799940553,95.0,95.0,0.0
2,fafafc5008dd932c27fec409716eb7547c4f3fee,cbf_qp,-1,0,30000811,11,d340fcb1b5d6fc7f8fe383c81ce35026,open_field,8,1.0,1.0,1.0,1.0,1.0,0.0,0.0,0.5184059143066406,0.5581239461898804,0.0,0.0,0.0,0.0,0.437297559558199,1.429674744606018,1.0,0.8365384615384616,0.0,15.6,0.0,0.0,0.0,0.47530124038475974,0.47956250000424916,0.5941160500086085,0.6558177099989848,104.0,104.0,0.0
2,fafafc5008dd932c27fec409716eb7547c4f3fee,cbf_qp,-1,0,30000812,12,9d47d06cb84a80fd463c23047a99b9e8,open_field,8,1.0,1.0,1.0,0.0,0.0,0.0,0.0,0.5333273410797119,0.5542395710945129,0.0,0.0,0.0,0.0,0.5646934096419484,1.406877875328064,0.0,0.6330275229357798,0.0,16.349999999999998,0.0,0.0,0.0,0.4994411009190759,0.5177909999929398,0.6025997999813626,0.6357713600016268,109.0,109.0,0.0
2,fafafc5008dd932c27fec409716eb7547c4f3fee,cbf_qp,-1,0,30000813,13,80ad18d8a66635759d09df0b7ea67336,open_field,8,0.0,1.0,1.0,0.0,0.0,0.0,0.0,0.4011247456073761,0.5503475666046143,0.0,0.0,0.0,0.0,0.6350559780995051,1.361692190170288,0.0,0.45,0.0,nan,0.0,0.0,0.0,0.5081221666657143,0.5086454999911894,0.6488226000129771,0.6823772300137421,120.0,120.0,1.0
2,fafafc5008dd932c27fec409716eb7547c4f3fee,cbf_qp,-1,0,30000814,14,f146ea0bbdaf6eaeea35d47ded024e50,open_field,8,0.0,1.0,1.0,0.0,0.0,0.0,0.0,0.4000018239021301,0.5522167682647705,0.0,0.0,0.0,0.0,0.7333963610231876,1.4247368574142456,0.0,0.4,0.0,nan,0.0,0.0,0.0,0.46889210833261546,0.4826244999804885,0.5649797999893735,0.6161764799915659,120.0,120.0,1.0
2,fafafc5008dd932c27fec409716eb7547c4f3fee,cbf_qp,-1,0,30000815,15,b15e1d4656032b7c98dcbbe3a9845b89,open_field,8,1.0,1.0,1.0,1.0,1.0,0.0,0.0,0.616875171661377,0.9478215575218201,0.0,0.0,0.0,0.0,0.4176301001617224,1.3643479347229004,1.0,0.8217821782178217,0.0,15.149999999999999,0.0,0.0,0.0,0.46040059405888567,0.48483300000157215,0.5580419999944297,0.609625000009828,101.0,101.0,0.0
2,fafafc5008dd932c27fec409716eb7547c4f3fee,cbf_qp,-1,0,30000816,16,0e02833d827dbe9238ac8eaf7aaf1693,open_field,8,1.0,1.0,1.0,1.0,1.0,0.0,0.0,0.4024297297000885,0.5507686734199524,0.0,0.0,0.0,0.0,0.4821697175502777,1.3754974603652954,1.0,0.7477477477477478,0.0,16.65,0.0,0.0,0.0,0.4719106666652703,0.4985419999741225,0.5903749999873753,0.6155705000082891,111.0,111.0,0.0
2,fafafc5008dd932c27fec409716eb7547c4f3fee,cbf_qp,-1,0,30000817,17,71cfeecf3a9e8d0d94ac9bda1790bb95,open_field,8,0.0,0.0,1.0,0.0,0.0,3.0,0.0,0.3922390341758728,0.5505995750427246,0.0,0.0,1.0,0.0,0.5551187631984552,1.4026732444763184,1.0,0.5666666666666667,0.0,nan,0.0,0.0,0.0,0.48340140000059745,0.4713545000072372,0.6249892500036935,0.6604312499837306,120.0,120.0,1.0
2,fafafc5008dd932c27fec409716eb7547c4f3fee,cbf_qp,-1,0,30000818,18,cdb34ae03e094397f83fe601935fdbc5,open_field,8,1.0,1.0,1.0,1.0,1.0,0.0,0.0,0.551533043384552,0.5692957639694214,0.0,0.0,0.0,0.0,0.43196069485354194,1.4217175245285034,1.0,0.8446601941747572,0.0,15.45,0.0,0.0,0.0,0.474735805826119,0.47604200000250785,0.5911207999986345,0.6969019999951346,103.0,103.0,0.0
2,fafafc5008dd932c27fec409716eb7547c4f3fee,cbf_qp,-1,0,30000819,19,dfd93c099689cf7b394dbf6c740fab5a,open_field,8,1.0,1.0,1.0,1.0,1.0,0.0,0.0,0.600153923034668,1.2810107469558716,0.0,0.0,0.0,0.0,0.4180683653269495,1.4249083995819092,1.0,0.826530612244898,0.0,14.7,0.0,0.0,0.0,0.41065215306156116,0.3929165000045032,0.5260294499947803,0.5425882199941157,98.0,98.0,0.0
2,fafafc5008dd932c27fec409716eb7547c4f3fee,cbf_qp,-1,0,30000820,20,237d84ab9991a8ce69874260767699e1,open_field,8,1.0,1.0,1.0,1.0,1.0,0.0,0.0,0.4594501256942749,0.550701916217804,0.0,0.0,0.0,0.0,0.5401035716136297,1.423425316810608,1.0,0.775,0.0,18.0,0.0,0.0,0.0,0.4788374666667039,0.48804200000063247,0.6080294999833313,0.637261539992835,120.0,120.0,0.0
2,fafafc5008dd932c27fec409716eb7547c4f3fee,cbf_qp,-1,0,30000821,21,58ba9338b4fded27f8075a3f19b382bc,open_field,8,1.0,1.0,1.0,1.0,1.0,0.0,0.0,0.6201724410057068,0.8603361248970032,0.0,0.0,0.0,0.0,0.4043149465322495,1.38206148147583,1.0,0.83,0.0,15.0,0.0,0.0,0.0,0.45696329999941554,0.47295800000313193,0.5542496500112293,0.6557881599863437,100.0,100.0,0.0
2,fafafc5008dd932c27fec409716eb7547c4f3fee,cbf_qp,-1,0,30000822,22,eb254dd85d25dbba80f0b936fa4aa639,open_field,8,1.0,1.0,1.0,1.0,1.0,0.0,0.0,0.4019411504268646,1.6401360034942627,0.0,0.0,0.0,0.0,0.43949748206998884,1.4200786352157593,1.0,0.8144329896907216,0.0,14.549999999999999,0.0,0.0,0.0,0.42016753608193763,0.410791999996718,0.5331245999911971,0.5622172800156017,97.0,97.0,0.0
2,fafafc5008dd932c27fec409716eb7547c4f3fee,cbf_qp,-1,0,30000823,23,f07fa1773f863004bc433b608bc48102,open_field,8,1.0,1.0,1.0,1.0,1.0,0.0,0.0,0.5322739481925964,0.5553725957870483,0.0,0.0,0.0,0.0,0.48847316300327126,1.4074147939682007,1.0,0.7909090909090909,0.0,16.5,0.0,0.0,0.0,0.45131812727277065,0.4566669999945816,0.5563248500038753,0.585178590004034,110.0,110.0,0.0
2,fafafc5008dd932c27fec409716eb7547c4f3fee,cbf_qp,-1,0,30000824,24,463b21ad76eb7a9bdcb3708067396070,open_field,8,1.0,1.0,1.0,1.0,1.0,0.0,0.0,0.41383063793182373,0.5502755045890808,0.0,0.0,0.0,0.0,0.5359765754214355,1.415698766708374,1.0,0.6339285714285714,0.0,16.8,0.0,0.0,0.0,0.46937492857170227,0.48887500000205364,0.5529786500034105,0.5959067400010554,112.0,112.0,0.0
2,fafafc5008dd932c27fec409716eb7547c4f3fee,cbf_qp,-1,0,30000825,25,3bf05767ffe64f342a97d7d849f354be,open_field,8,1.0,1.0,1.0,1.0,1.0,0.0,0.0,0.4241049289703369,0.551444947719574,0.0,0.0,0.0,0.0,0.47433913241479997,1.3699018955230713,1.0,0.7383177570093458,0.0,16.05,0.0,0.0,0.0,0.45662964485937224,0.48033400000235815,0.566241799995737,0.5990164199977244,107.0,107.0,0.0
2,fafafc5008dd932c27fec409716eb7547c4f3fee,cbf_qp,-1,0,30000826,26,21a5a5a76ae8b09348d093396fda28ba,open_field,8,0.0,1.0,1.0,0.0,0.0,0.0,0.0,0.4026646614074707,0.5509876012802124,0.0,0.0,0.0,0.0,0.6653935559093952,1.4063434600830078,0.0,0.35,0.0,nan,0.0,0.0,0.0,0.47586150833254237,0.4843545000028371,0.5596479499942575,0.6106272699901183,120.0,120.0,1.0
2,fafafc5008dd932c27fec409716eb7547c4f3fee,cbf_qp,-1,0,30000827,27,b44ce2bd59bdf2d45b6eeda76cdfc6f4,open_field,8,1.0,1.0,1.0,1.0,1.0,0.0,0.0,0.46962034702301025,1.4889456033706665,0.0,0.0,0.0,0.0,0.4235028273736437,1.3790161609649658,1.0,0.8229166666666666,0.0,14.399999999999999,0.0,0.0,0.0,0.41205942708207505,0.40556249999212923,0.5297392500125397,0.5546062499931281,96.0,96.0,0.0
2,fafafc5008dd932c27fec409716eb7547c4f3fee,cbf_qp,-1,0,30000828,28,78929d1db6f254964a85ea6adc3ef974,open_field,8,1.0,1.0,1.0,1.0,1.0,0.0,0.0,0.4115596115589142,0.5517227649688721,0.0,0.0,0.0,0.0,0.5576107624386039,1.4572938680648804,1.0,0.6607142857142857,0.0,16.8,0.0,0.0,0.0,0.44644383928701564,0.4603334999870867,0.5155536499970026,0.5488966199760625,112.0,112.0,0.0
2,fafafc5008dd932c27fec409716eb7547c4f3fee,cbf_qp,-1,0,30000829,29,01f5c1670295daaa594a5c5bbf6e8d4d,open_field,8,1.0,1.0,1.0,0.0,0.0,0.0,0.0,0.40784135460853577,0.5500574111938477,0.0,0.0,0.0,0.0,0.5574482838744702,1.4190927743911743,0.0,0.591304347826087,0.0,17.25,0.0,0.0,0.0,0.45415290434739886,0.45737499999631837,0.5463668000118105,0.5614817600024935,115.0,115.0,0.0
2,fafafc5008dd932c27fec409716eb7547c4f3fee,cbf_qp,-1,0,30010400,0,31579f3494bdeac66e4eab6c52b74603,narrow_passage,4,1.0,1.0,1.0,1.0,1.0,0.0,0.0,0.5182745456695557,0.5501376390457153,0.0,0.0,0.0,0.0,0.5027493325495483,0.9533444046974182,1.0,0.5445544554455446,0.0,15.149999999999999,0.0,0.0,0.0,0.4171460693067157,0.4091659999971853,0.4917089999878499,0.49570799998832626,101.0,101.0,0.0
2,fafafc5008dd932c27fec409716eb7547c4f3fee,cbf_qp,-1,0,30010401,1,9e782a1e714588d2665b89fd51618725,narrow_passage,4,0.0,0.0,1.0,0.0,0.0,0.0,10.0,0.4200000464916229,0.538425087928772,0.0,0.0,1.0,0.0,0.7278738168378671,1.021986722946167,0.0,0.26666666666666666,0.0,nan,0.0,0.0,0.0,0.46096840000160455,0.4630620000085628,0.5116791999881798,0.5819127700004856,120.0,120.0,1.0
2,fafafc5008dd932c27fec409716eb7547c4f3fee,cbf_qp,-1,0,30010402,2,f8f4b9889382b01a5e46e272d42ae713,narrow_passage,4,0.0,1.0,1.0,0.0,0.0,0.0,0.0,0.4061157703399658,0.5521668195724487,0.0,0.0,0.0,0.0,0.700260304287076,1.2008150815963745,0.0,0.36666666666666664,0.0,nan,0.0,0.0,0.0,0.4428837166666237,0.438187500009235,0.517795550015876,0.5539807100024063,120.0,120.0,1.0
2,fafafc5008dd932c27fec409716eb7547c4f3fee,cbf_qp,-1,0,30010403,3,e992e8070e9906848eb7ef3e2336ff29,narrow_passage,4,0.0,0.0,1.0,0.0,0.0,0.0,1.0,0.4051951467990875,0.5472577214241028,1.0,1.0,1.0,1.0,0.35225955247879026,0.8975664377212524,1.0,0.9083333333333333,0.4,nan,0.0,0.0,0.0,0.5298107583331083,0.5605419999881178,0.6711755999901925,0.6960265400149979,120.0,120.0,1.0
2,fafafc5008dd932c27fec409716eb7547c4f3fee,cbf_qp,-1,0,30010404,4,05a35d733f2a99635553db47e869cb1a,narrow_passage,4,0.0,0.0,1.0,0.0,0.0,0.0,4.0,0.4661629796028137,0.5291851758956909,0.0,0.0,1.0,0.0,0.7879264084001382,1.0920900106430054,0.0,0.24166666666666667,0.0,nan,0.0,0.0,0.0,0.4534409750000634,0.4514789999916502,0.5071833499997069,0.5494219599881944,120.0,120.0,1.0
2,fafafc5008dd932c27fec409716eb7547c4f3fee,cbf_qp,-1,0,30010405,5,c07fe30cc73f56e6ad439c4f55d5f03a,narrow_passage,4,0.0,1.0,1.0,0.0,0.0,0.0,0.0,0.450908899307251,0.5501394271850586,0.0,0.0,0.0,0.0,0.6326513789594174,0.8934642672538757,0.0,0.3,0.06666666666666667,nan,0.0,0.0,0.0,0.4809024333338148,0.4932919999873775,0.53499230001961,0.6010622899873398,120.0,120.0,1.0
2,fafafc5008dd932c27fec409716eb7547c4f3fee,cbf_qp,-1,0,30010406,6,d1e390e2f3cc3119b04963150a0c0c72,narrow_passage,4,0.0,1.0,1.0,0.0,0.0,0.0,0.0,0.4003462493419647,0.550116777420044,1.0,1.0,1.0,1.0,0.6427744184931119,1.1641438007354736,0.0,0.4666666666666667,0.14166666666666666,nan,0.0,0.0,0.0,0.4756431000020693,0.4849164999995992,0.546268450018772,0.588983480005254,120.0,120.0,1.0
2,fafafc5008dd932c27fec409716eb7547c4f3fee,cbf_qp,-1,0,30010407,7,c87ae162d62cb46d774be635ee84cfdb,narrow_passage,4,1.0,1.0,1.0,1.0,1.0,0.0,0.0,0.5958117842674255,0.5503332614898682,0.0,0.0,0.0,0.0,0.3305329157299893,0.8874490857124329,1.0,0.8602150537634409,0.0,13.95,0.0,0.0,0.0,0.42566534408607487,0.4241250000234231,0.49093359999687886,0.5058949999965988,93.0,93.0,0.0
2,fafafc5008dd932c27fec409716eb7547c4f3fee,cbf_qp,-1,0,30010408,8,9d39b02b55b2135b171fd6209c5c1c61,narrow_passage,4,1.0,1.0,1.0,1.0,1.0,0.0,0.0,0.42887964844703674,0.5504725575447083,0.0,0.0,0.0,0.0,0.40382984226888363,0.9116830825805664,1.0,0.7837837837837838,0.0,16.65,0.0,0.0,0.0,0.43534273873976276,0.43024999999374813,0.5061665000027915,0.5345828000059782,111.0,111.0,0.0
2,fafafc5008dd932c27fec409716eb7547c4f3fee,cbf_qp,-1,0,30010409,9,9ef3391207c932ddafb5f3a827cd2ad4,narrow_passage,4,0.0,0.0,1.0,0.0,0.0,0.0,2.0,0.5265623927116394,0.5358496904373169,1.0,1.0,1.0,1.0,0.61695583264033,0.9186486005783081,0.0,0.44166666666666665,0.21666666666666667,nan,0.0,0.0,0.0,0.4834229249993882,0.492999999991639,0.5361083499849428,0.6258960399983948,120.0,120.0,1.0
2,fafafc5008dd932c27fec409716eb7547c4f3fee,cbf_qp,-1,0,30010410,10,b1f5a0afd844c19f5e884872e40c0be4,narrow_passage,4,0.0,1.0,1.0,0.0,0.0,0.0,0.0,0.4037514925003052,0.5500165820121765,1.0,1.0,1.0,1.0,0.6034399449514846,1.1591832637786865,0.0,0.5,0.125,nan,0.0,0.0,0.0,0.4346885416668537,0.43239600000788414,0.5030708500086689,0.5236580400114121,120.0,120.0,1.0
2,fafafc5008dd932c27fec409716eb7547c4f3fee,cbf_qp,-1,0,30010411,11,1b597f4a288c7ac39f7b8e6bad1857b6,narrow_passage,4,0.0,1.0,1.0,0.0,0.0,0.0,0.0,0.5366507768630981,0.5504177212715149,1.0,1.0,1.0,1.0,0.6588664767642816,1.0976115465164185,0.0,0.43333333333333335,0.1,nan,0.0,0.0,0.0,0.44892643333180143,0.44943749999504234,0.5087583499829407,0.5374615199963273,120.0,120.0,1.0
2,fafafc5008dd932c27fec409716eb7547c4f3fee,cbf_qp,-1,0,30010412,12,047c0d2c12f23856da7ee4959599ac02,narrow_passage,4,1.0,1.0,1.0,1.0,1.0,0.0,0.0,0.6459596157073975,0.5524295568466187,0.0,0.0,0.0,0.0,0.4441429728553409,0.8986139297485352,1.0,0.780952380952381,0.0,15.75,0.0,0.0,0.0,0.4311493047618158,0.43029200000432866,0.5045086000109222,0.5756953200057069,105.0,105.0,0.0
2,fafafc5008dd932c27fec409716eb7547c4f3fee,cbf_qp,-1,0,30010413,13,5785b810273d7fca6b172f9e5c0113f8,narrow_passage,4,0.0,1.0,1.0,0.0,0.0,0.0,0.0,0.40307796001434326,0.550516664981842,0.0,0.0,0.0,0.0,0.4761803283045689,0.8483574986457825,0.0,0.6333333333333333,0.0,nan,0.0,0.0,0.0,0.47658923333268416,0.4843330000028345,0.5215398999879994,0.5958799400110594,120.0,120.0,1.0
2,fafafc5008dd932c27fec409716eb7547c4f3fee,cbf_qp,-1,0,30010414,14,caad215f384fadfae55cae3c2f92b75b,narrow_passage,4,0.0,1.0,1.0,0.0,0.0,0.0,0.0,0.44866716861724854,0.5500211119651794,0.0,0.0,0.0,0.0,0.5910715262095133,1.0742518901824951,1.0,0.4666666666666667,0.0,nan,0.0,0.0,0.0,0.442225016668137,0.4471044999974083,0.4972452000018279,0.5424584799894205,120.0,120.0,1.0
2,fafafc5008dd932c27fec409716eb7547c4f3fee,cbf_qp,-1,0,30010415,15,af04a77a1ce006e2036cfef012266809,narrow_passage,4,0.0,1.0,1.0,0.0,0.0,0.0,0.0,0.40744563937187195,0.5500994920730591,0.0,0.0,0.0,0.0,0.8291200100133816,1.6993616819381714,0.0,0.4,0.0,nan,0.0,0.0,0.0,0.4220003166662896,0.41925000002152046,0.5019368499773691,0.5423117300085778,120.0,120.0,1.0
2,fafafc5008dd932c27fec409716eb7547c4f3fee,cbf_qp,-1,0,30010416,16,cb3e8776db00b20587e782f4640ff3e9,narrow_passage,4,1.0,1.0,1.0,1.0,1.0,0.0,0.0,0.40787526965141296,0.559999942779541,0.0,0.0,0.0,0.0,0.6417711716273735,1.220226526260376,1.0,0.4396551724137931,0.0,17.4,0.0,0.0,0.0,0.42237604310335247,0.41870849999270376,0.47970875000658,0.5106160499977362,116.0,116.0,0.0
2,fafafc5008dd932c27fec409716eb7547c4f3fee,cbf_qp,-1,0,30010417,17,8c161905744b72ce3806cdef5a60a890,narrow_passage,4,1.0,0.0,1.0,0.0,1.0,0.0,1.0,0.4251456558704376,0.5492618680000305,0.0,0.0,0.0,0.0,0.47522728769188255,0.8698464035987854,1.0,0.6581196581196581,0.0,17.55,0.0,0.0,0.0,0.43433119658091635,0.4402920000075028,0.5179079999948044,0.5345287200157145,117.0,117.0,0.0
2,fafafc5008dd932c27fec409716eb7547c4f3fee,cbf_qp,-1,0,30010418,18,8299fb03907aee93b1874ec0e5ba0ee4,narrow_passage,4,0.0,1.0,1.0,0.0,0.0,0.0,0.0,0.40819787979125977,0.5500054359436035,0.0,0.0,0.0,0.0,0.4327065547307332,0.8665786981582642,1.0,0.9,0.0,nan,0.0,0.0,0.0,0.44858574166705506,0.44935400001122616,0.5312306000021749,0.6157989600012571,120.0,120.0,1.0
2,fafafc5008dd932c27fec409716eb7547c4f3fee,cbf_qp,-1,0,30010419,19,0a1c460b59400bea6c216dbade3b172c,narrow_passage,4,0.0,1.0,1.0,0.0,0.0,0.0,0.0,0.4019356966018677,0.550941526889801,1.0,1.0,1.0,1.0,0.6449555908640225,0.9922726154327393,0.0,0.4,0.225,nan,0.0,0.0,0.0,0.45163638333415673,0.4501665000162802,0.52334434998329,0.5819087499952503,120.0,120.0,1.0
2,fafafc5008dd932c27fec409716eb7547c4f3fee,cbf_qp,-1,0,30010420,20,0dd9f758fa418e6e1dca444a970f5c05,narrow_passage,4,1.0,1.0,1.0,1.0,1.0,0.0,0.0,0.5185008645057678,0.5509512424468994,0.0,0.0,0.0,0.0,0.5321868591402706,0.8675351738929749,1.0,0.5087719298245614,0.0,17.099999999999998,0.0,0.0,0.0,0.42892109649011145,0.4263339999965865,0.4888731500045651,0.5562300000130449,114.0,114.0,0.0
2,fafafc5008dd932c27fec409716eb7547c4f3fee,cbf_qp,-1,0,30010421,21,8c8c461191d75df3b35088073299bd84,narrow_passage,4,0.0,1.0,1.0,0.0,0.0,0.0,0.0,0.4465216398239136,0.5500190258026123,0.0,0.0,0.0,0.0,0.6949203840146462,1.0602362155914307,0.0,0.325,0.025,nan,0.0,0.0,0.0,0.4459250083328925,0.44847949999393677,0.48912739999877886,0.5214385399975185,120.0,120.0,1.0
2,fafafc5008dd932c27fec409716eb7547c4f3fee,cbf_qp,-1,0,30010422,22,1faa7b175ada3810d3222858efc53ee5,narrow_passage,4,0.0,1.0,1.0,0.0,0.0,0.0,0.0,0.4007573425769806,0.550313413143158,0.0,0.0,0.0,0.0,0.610398160169522,0.9410703778266907,0.0,0.375,0.0,nan,0.0,0.0,0.0,0.4384471583319301,0.4343744999886212,0.48594585000785173,0.5574769599942898,120.0,120.0,1.0
2,fafafc5008dd932c27fec409716eb7547c4f3fee,cbf_qp,-1,0,30010423,23,e211a8337444f3e1ce3d3efd8cd8033e,narrow_passage,4,0.0,0.0,1.0,0.0,0.0,0.0,1.0,0.4662986695766449,0.5481777191162109,0.0,0.0,1.0,0.0,0.7287031716356674,1.3861820697784424,0.0,0.4083333333333333,0.0,nan,0.0,0.0,0.0,0.457825666666641,0.4541670000008935,0.5265006499854508,0.5615399999979331,120.0,120.0,1.0
2,fafafc5008dd932c27fec409716eb7547c4f3fee,cbf_qp,-1,0,30010424,24,d1b38a1b78a634c72e0f4fe990e0c2d6,narrow_passage,4,0.0,1.0,1.0,0.0,0.0,0.0,0.0,0.4001449644565582,0.5500015616416931,1.0,0.0,1.0,0.0,0.4404812646408876,0.9086549878120422,1.0,0.7666666666666667,0.125,nan,0.0,0.0,0.0,0.5081617666680435,0.507645500007925,0.6043228999828898,0.6352597299797936,120.0,120.0,1.0
2,fafafc5008dd932c27fec409716eb7547c4f3fee,cbf_qp,-1,0,30010425,25,3a720bbf517d5dfb707a436e2fe7f065,narrow_passage,4,0.0,1.0,1.0,0.0,0.0,0.0,0.0,0.4001198709011078,0.5500485897064209,1.0,1.0,1.0,1.0,0.7073537456492583,1.2185136079788208,0.0,0.4166666666666667,0.225,nan,0.0,0.0,0.0,0.43750841666773493,0.43352099999083293,0.4954315999967207,0.5155445799960034,120.0,120.0,1.0
2,fafafc5008dd932c27fec409716eb7547c4f3fee,cbf_qp,-1,0,30010426,26,475278c0921997d500a58cbb90aa3e3b,narrow_passage,4,0.0,0.0,1.0,0.0,0.0,1.0,0.0,0.39763975143432617,0.5501373410224915,0.0,0.0,0.0,0.0,0.395594551662604,0.942099928855896,1.0,0.8083333333333333,0.0,nan,0.0,0.0,0.0,0.4715579916670265,0.4711250000042355,0.5475090000160776,0.559549729997002,120.0,120.0,1.0
2,fafafc5008dd932c27fec409716eb7547c4f3fee,cbf_qp,-1,0,30010427,27,5f4a83befed9baafef20aae85d579721,narrow_passage,4,0.0,0.0,1.0,0.0,0.0,0.0,1.0,0.4019427001476288,0.5475557446479797,1.0,1.0,1.0,1.0,0.7401101888467868,1.2272639274597168,0.0,0.4,0.23333333333333334,nan,0.0,0.0,0.0,0.44646969166800926,0.446374999995669,0.5002256000210537,0.5270375000085892,120.0,120.0,1.0
2,fafafc5008dd932c27fec409716eb7547c4f3fee,cbf_qp,-1,0,30010428,28,674f1f67e0d232cf11e805af94eabb99,narrow_passage,4,0.0,1.0,1.0,0.0,0.0,0.0,0.0,0.40048399567604065,0.550167441368103,0.0,0.0,0.0,0.0,0.6503570731108387,1.2714905738830566,0.0,0.4583333333333333,0.0,nan,0.0,0.0,0.0,0.4595214750002204,0.45514600000728933,0.5393434500049921,0.5896627099974694,120.0,120.0,1.0
2,fafafc5008dd932c27fec409716eb7547c4f3fee,cbf_qp,-1,0,30010429,29,ac1605e43f03e501ca982f746bbd3d8d,narrow_passage,4,0.0,1.0,1.0,0.0,0.0,0.0,0.0,0.40025490522384644,0.5501087307929993,1.0,0.0,1.0,0.0,0.3008111556371053,0.9106191992759705,1.0,0.9083333333333333,0.225,nan,0.0,0.0,0.0,0.48583995833269,0.4991250000045966,0.559431550018985,0.6129892900017353,120.0,120.0,1.0
2,fafafc5008dd932c27fec409716eb7547c4f3fee,cbf_qp,-1,0,30010800,0,37826b5cb94773f71f42a9d7494d9007,narrow_passage,8,0.0,1.0,1.0,0.0,0.0,0.0,0.0,0.400194376707077,0.5501193404197693,0.0,0.0,0.0,0.0,0.7178790832559268,1.2403658628463745,0.0,0.4083333333333333,0.0,nan,0.0,0.0,0.0,1.001131258334927,0.9936665000083167,1.1253690999978971,1.184337210004287,120.0,120.0,1.0
2,fafafc5008dd932c27fec409716eb7547c4f3fee,cbf_qp,-1,0,30010801,1,aab657c7231f3b2de009a54591cb599e,narrow_passage,8,0.0,1.0,1.0,0.0,0.0,0.0,0.0,0.4010013937950134,0.5500690340995789,1.0,1.0,1.0,1.0,0.6856136774023374,1.2178144454956055,0.0,0.38333333333333336,0.225,nan,0.0,0.0,0.0,1.0246999999994937,1.026770500004659,1.1186576999847375,1.1779659599946513,120.0,120.0,1.0
2,fafafc5008dd932c27fec409716eb7547c4f3fee,cbf_qp,-1,0,30010802,2,36c87cc1ed96dcebea9e241cf0203c0c,narrow_passage,8,0.0,0.0,1.0,0.0,0.0,0.0,8.0,0.40272682905197144,0.5276071429252625,0.0,0.0,0.0,0.0,0.5809241093695163,1.2567386627197266,0.0,0.6,0.0,nan,0.0,0.0,0.0,0.9647593583340589,0.9686665000003813,1.0838788499967222,1.1161985199865398,120.0,120.0,1.0
2,fafafc5008dd932c27fec409716eb7547c4f3fee,cbf_qp,-1,0,30010803,3,6eff456d9ec047f8af81e30732029087,narrow_passage,8,0.0,1.0,1.0,0.0,0.0,0.0,0.0,0.40043482184410095,0.5500831604003906,0.0,0.0,0.0,0.0,0.7961059962709744,1.4167287349700928,0.0,0.38333333333333336,0.0,nan,0.0,0.0,0.0,0.9773104249994446,0.9674375000088276,1.0906246500070438,1.1571032500032175,120.0,120.0,1.0
2,fafafc5008dd932c27fec409716eb7547c4f3fee,cbf_qp,-1,0,30010804,4,da6aafc6c47c4b53dea187c40f8e251a,narrow_passage,8,0.0,0.0,1.0,0.0,0.0,18.0,11.0,0.39193299412727356,0.538482666015625,1.0,1.0,1.0,1.0,0.7247616166869799,1.2476027011871338,0.0,0.3416666666666667,0.175,nan,0.0,0.0,0.0,1.0564027333330728,1.0661454999905118,1.1858357500017291,1.218641249998882,120.0,120.0,1.0
2,fafafc5008dd932c27fec409716eb7547c4f3fee,cbf_qp,-1,0,30010805,5,dc8c3f6c9f6db4491c448cb8e91cbb06,narrow_passage,8,0.0,0.0,1.0,0.0,0.0,2.0,0.0,0.3935840427875519,0.5502214431762695,1.0,1.0,1.0,1.0,0.655019664267699,1.2464911937713623,0.0,0.25,0.3333333333333333,nan,0.0,0.0,0.0,1.1341336166656408,1.181062499995278,1.2960452000029932,1.3405787500090582,120.0,120.0,1.0
2,fafafc5008dd932c27fec409716eb7547c4f3fee,cbf_qp,-1,0,30010806,6,c2e663acce0596b58e18b2f850c3fcf7,narrow_passage,8,0.0,0.0,1.0,0.0,0.0,0.0,10.0,0.4000336527824402,0.530673086643219,0.0,0.0,1.0,0.0,0.5960831676920255,1.2337796688079834,0.0,0.44166666666666665,0.025,nan,0.0,0.0,0.0,1.0848798750001738,1.1031245000054923,1.2331580000164877,1.289213040002437,120.0,120.0,1.0
2,fafafc5008dd932c27fec409716eb7547c4f3fee,cbf_qp,-1,0,30010807,7,15d12b5e8db39a121547de04e9532a60,narrow_passage,8,0.0,0.0,1.0,0.0,0.0,2.0,3.0,0.398941308259964,0.5473558902740479,1.0,1.0,1.0,1.0,0.6964660691718261,1.2760246992111206,0.0,0.25833333333333336,0.11666666666666667,nan,0.0,0.0,0.0,1.0181382166668602,1.030042000010667,1.1206978999979356,1.1446627700007639,120.0,120.0,1.0
2,fafafc5008dd932c27fec409716eb7547c4f3fee,cbf_qp,-1,0,30010808,8,df9499122f51ab20e686fab88eec1f62,narrow_passage,8,0.0,0.0,1.0,0.0,0.0,4.0,13.0,0.3931023180484772,0.537420392036438,1.0,1.0,1.0,1.0,0.6266361246506373,1.2577099800109863,0.0,0.375,0.3,nan,0.0,0.0,0.0,1.0703826916648989,1.096832999991193,1.2468895999802498,1.281707229992719,120.0,120.0,1.0
2,fafafc5008dd932c27fec409716eb7547c4f3fee,cbf_qp,-1,0,30010809,9,264075bdbb1a1f26bd1d562ba91ff6af,narrow_passage,8,0.0,1.0,1.0,0.0,0.0,0.0,0.0,0.4022745192050934,0.5506286025047302,0.0,0.0,0.0,0.0,0.7485439787308376,1.3423978090286255,0.0,0.275,0.0,nan,0.0,0.0,0.0,0.9706798333335579,0.9682499999996708,1.061832699998888,1.1078717900028323,120.0,120.0,1.0
2,fafafc5008dd932c27fec409716eb7547c4f3fee,cbf_qp,-1,0,30010810,10,4b394c89fa944e4cb7483021983d61f2,narrow_passage,8,0.0,0.0,1.0,0.0,0.0,3.0,7.0,0.39435434341430664,0.5431380271911621,1.0,1.0,1.0,1.0,0.8308246381580829,1.269492268562317,0.0,0.19166666666666668,0.175,nan,0.0,0.0,0.0,1.0160701166680515,1.027375000006714,1.0988247000000229,1.149327439994181,120.0,120.0,1.0
2,fafafc5008dd932c27fec409716eb7547c4f3fee,cbf_qp,-1,0,30010811,11,9298b9110b74714f5f31aae145010a6a,narrow_passage,8,0.0,1.0,1.0,0.0,0.0,0.0,0.0,0.4001280963420868,0.5500263571739197,0.0,0.0,0.0,0.0,0.6441471512118976,1.281287670135498,0.0,0.4166666666666667,0.0,nan,0.0,0.0,0.0,1.0613653166672066,1.0395829999936268,1.1589208499884762,1.9041424399998184,120.0,120.0,1.0
2,fafafc5008dd932c27fec409716eb7547c4f3fee,cbf_qp,-1,0,30010812,12,59861da3071b1c4bdfb4fd5284ec6726,narrow_passage,8,0.0,1.0,1.0,0.0,0.0,0.0,0.0,0.40166720747947693,0.5506330132484436,1.0,1.0,1.0,1.0,0.7828093851606052,1.2328615188598633,0.0,0.275,0.06666666666666667,nan,0.0,0.0,0.0,1.008478483334585,1.008021000004078,1.106404199991573,1.14069750001363,120.0,120.0,1.0
2,fafafc5008dd932c27fec409716eb7547c4f3fee,cbf_qp,-1,0,30010813,13,8aee7488b037d72b1999343ac1bd1337,narrow_passage,8,0.0,0.0,1.0,0.0,0.0,8.0,0.0,0.379961222410202,0.5501497387886047,0.0,0.0,1.0,0.0,0.8026988243063291,1.3715424537658691,0.0,0.3416666666666667,0.0,nan,0.0,0.0,0.0,0.9922031416678578,0.9914375000050768,1.087643150017925,1.1138564600125278,120.0,120.0,1.0
2,fafafc5008dd932c27fec409716eb7547c4f3fee,cbf_qp,-1,0,30010814,14,86419ba5e538fcba08762820869ee098,narrow_passage,8,0.0,0.0,1.0,0.0,0.0,4.0,0.0,0.3913853168487549,0.5500018000602722,0.0,0.0,1.0,0.0,0.6513193130493165,1.2725633382797241,1.0,0.3416666666666667,0.025,nan,0.0,0.0,0.0,1.1278631916676811,1.0983545000158301,1.4412285500213784,1.4786135399967293,120.0,120.0,1.0
2,fafafc5008dd932c27fec409716eb7547c4f3fee,cbf_qp,-1,0,30010815,15,cdfedb0a37a3ff09dd961cb4a2584354,narrow_passage,8,0.0,0.0,1.0,0.0,0.0,5.0,7.0,0.3956350088119507,0.5469024181365967,0.0,0.0,1.0,0.0,0.7605240104099115,1.2781686782836914,0.0,0.35833333333333334,0.0,nan,0.0,0.0,0.0,1.0327590499992805,1.0408545000046843,1.1205770999993092,1.1703094600014197,120.0,120.0,1.0
2,fafafc5008dd932c27fec409716eb7547c4f3fee,cbf_qp,-1,0,30010816,16,1e4a1765644073de16e94124389d2a48,narrow_passage,8,0.0,0.0,1.0,0.0,0.0,3.0,3.0,0.39791151881217957,0.5468911528587341,1.0,0.0,1.0,0.0,0.8459223682681719,1.2741262912750244,0.0,0.24166666666666667,0.13333333333333333,nan,0.0,0.0,0.0,1.0515760416663984,1.0819790000056173,1.1572246999961067,1.1979159800114303,120.0,120.0,1.0
2,fafafc5008dd932c27fec409716eb7547c4f3fee,cbf_qp,-1,0,30010817,17,09ce9d64b6dc31e641e0a453d0d3c2de,narrow_passage,8,0.0,1.0,1.0,0.0,0.0,0.0,0.0,0.40026432275772095,0.5500282645225525,0.0,0.0,0.0,0.0,0.698336352656285,1.2530571222305298,0.0,0.36666666666666664,0.0,nan,0.0,0.0,0.0,1.0033294583337238,0.9960625000076107,1.1362726000058387,1.1983950599881155,120.0,120.0,1.0
2,fafafc5008dd932c27fec409716eb7547c4f3fee,cbf_qp,-1,0,30010818,18,b872b093181cfcc5bf728f321d53d115,narrow_passage,8,0.0,1.0,1.0,0.0,0.0,0.0,0.0,0.40139108896255493,0.5504710078239441,1.0,1.0,1.0,1.0,0.67845289260149,1.2640962600708008,0.0,0.25833333333333336,0.25,nan,0.0,0.0,0.0,1.1144864416654816,1.1398124999999482,1.2778413500029728,1.3742100200184384,120.0,120.0,1.0
2,fafafc5008dd932c27fec409716eb7547c4f3fee,cbf_qp,-1,0,30010819,19,2501d76550073819bb55a023b2644e38,narrow_passage,8,0.0,1.0,1.0,0.0,0.0,0.0,0.0,0.40404513478279114,0.550067126750946,0.0,0.0,0.0,0.0,0.6804923772811889,1.2655001878738403,0.0,0.4583333333333333,0.0,nan,0.0,0.0,0.0,1.0080798499998878,1.000687999990646,1.177439900008892,1.2446114800019359,120.0,120.0,1.0
2,fafafc5008dd932c27fec409716eb7547c4f3fee,cbf_qp,-1,0,30010820,20,36ec80247c2804eeae6b2d659287cb43,narrow_passage,8,0.0,0.0,1.0,0.0,0.0,0.0,1.0,0.4000272750854492,0.5492147207260132,1.0,1.0,1.0,1.0,0.8138768141468365,1.2272812128067017,0.0,0.3416666666666667,0.125,nan,0.0,0.0,0.0,1.035244816666392,1.0334165000074336,1.169225600011714,1.2416622900130392,120.0,120.0,1.0
2,fafafc5008dd932c27fec409716eb7547c4f3fee,cbf_qp,-1,0,30010821,21,a74dc2185c7cdcff1761b74c27f8ca13,narrow_passage,8,0.0,0.0,1.0,0.0,0.0,0.0,5.0,0.400042861700058,0.5252029299736023,0.0,0.0,0.0,0.0,0.575210573275884,1.2287746667861938,1.0,0.75,0.041666666666666664,nan,0.0,0.0,0.0,1.1825444333325663,1.2352499999934707,1.4337292000178081,1.494160560003479,120.0,120.0,1.0
2,fafafc5008dd932c27fec409716eb7547c4f3fee,cbf_qp,-1,0,30010822,22,a7f473b5813ed1bd216285d83cc89069,narrow_passage,8,0.0,0.0,1.0,0.0,0.0,1.0,1.0,0.39941897988319397,0.5492356419563293,0.0,0.0,1.0,0.0,0.8256652486821016,1.2278223037719727,0.0,0.30833333333333335,0.0,nan,0.0,0.0,0.0,1.005420049998899,0.9998335000034331,1.105285399995637,1.1895592299958937,120.0,120.0,1.0
2,fafafc5008dd932c27fec409716eb7547c4f3fee,cbf_qp,-1,0,30010823,23,9d70377aa8a497d1f9ff00ea1a6d671c,narrow_passage,8,0.0,0.0,1.0,0.0,0.0,0.0,2.0,0.4008808135986328,0.5466412901878357,0.0,0.0,1.0,0.0,0.6901880284150441,1.2466620206832886,0.0,0.44166666666666665,0.025,nan,0.0,0.0,0.0,1.077646891668138,1.0493544999974347,1.3863184500053192,1.81790221001819,120.0,120.0,1.0
2,fafafc5008dd932c27fec409716eb7547c4f3fee,cbf_qp,-1,0,30010824,24,ae77b47a03561f6559f34ce041fe95e9,narrow_passage,8,0.0,0.0,1.0,0.0,0.0,5.0,0.0,0.3785747289657593,0.5504698753356934,0.0,0.0,0.0,0.0,0.683434930195411,1.2748311758041382,0.0,0.39166666666666666,0.0,nan,0.0,0.0,0.0,1.0643492916666257,1.0639580000031401,1.2295434500117608,1.3307174999954443,120.0,120.0,1.0
2,fafafc5008dd932c27fec409716eb7547c4f3fee,cbf_qp,-1,0,30010825,25,c875c099dd219ea309cb8bf63ca740b5,narrow_passage,8,0.0,0.0,1.0,0.0,0.0,1.0,10.0,0.39765632152557373,0.4871261417865753,1.0,0.0,1.0,0.0,0.695306834578514,1.2528332471847534,0.0,0.35,0.14166666666666666,nan,0.0,0.0,0.0,1.111513249998571,1.0938125000024002,1.3852687499877447,1.5119102700060694,120.0,120.0,1.0
2,fafafc5008dd932c27fec409716eb7547c4f3fee,cbf_qp,-1,0,30010826,26,4ef56c59e7e80651307d405ca66fc7d1,narrow_passage,8,0.0,1.0,1.0,0.0,0.0,0.0,0.0,0.40224510431289673,0.5505369901657104,0.0,0.0,0.0,0.0,0.7474471372862657,1.2825161218643188,0.0,0.325,0.0,nan,0.0,0.0,0.0,1.1399441249992037,1.024791500000788,1.2145503000041913,5.018656249994828,120.0,120.0,1.0
2,fafafc5008dd932c27fec409716eb7547c4f3fee,cbf_qp,-1,0,30010827,27,eafce0229a3975db7ca406fed35319ce,narrow_passage,8,0.0,0.0,1.0,0.0,0.0,1.0,0.0,0.3993612825870514,0.5500783920288086,0.0,0.0,1.0,0.0,0.6395037062466145,1.2645211219787598,0.0,0.3333333333333333,0.0,nan,0.0,0.0,0.0,1.092317099998515,1.0847085000023071,1.2591940499874,1.594039499995859,120.0,120.0,1.0
2,fafafc5008dd932c27fec409716eb7547c4f3fee,cbf_qp,-1,0,30010828,28,bcb7de991bffa3ffcf2811371215fef8,narrow_passage,8,0.0,0.0,1.0,0.0,0.0,0.0,5.0,0.4022787809371948,0.5321162939071655,0.0,0.0,1.0,0.0,0.6582061101992925,1.280936598777771,0.0,0.3333333333333333,0.0,nan,0.0,0.0,0.0,1.006023591667334,1.0015414999884342,1.0991163500136736,1.1446336899945209,120.0,120.0,1.0
2,fafafc5008dd932c27fec409716eb7547c4f3fee,cbf_qp,-1,0,30010829,29,0b5bc056734f69320a61c23910669339,narrow_passage,8,0.0,0.0,1.0,0.0,0.0,0.0,1.0,0.40069425106048584,0.5458461046218872,1.0,1.0,1.0,1.0,0.7455409566561381,1.2654551267623901,0.0,0.35833333333333334,0.058333333333333334,nan,0.0,0.0,0.0,1.0717538333340808,1.058854000007159,1.3332860499957633,1.4097152700082916,120.0,120.0,1.0
