{
  "gnn_only": {
    "success": 0.44,
    "goal_reached": 0.96,
    "collision_free": 0.7275,
    "form_ok": 0.5900000000000001,
    "rr_collision": 0.00558810763888889,
    "ro_collision": 0.0003359375,
    "form_rms": 0.5249292626790703,
    "stall_rate": 0.007733843537414966,
    "deadlock": 0.04,
    "topology_switches": 0.0,
    "formation_recovery_time": 143.3424942448171,
    "irreversible_collapse": 0.04,
    "recoverability_false_positive": 0.0,
    "recoverability_false_negative": 0.0,
    "ms_per_step": 1.0,
    "max_n": 16
  },
  "instant_cert": {
    "success": 0.2825,
    "goal_reached": 0.865,
    "collision_free": 0.54,
    "form_ok": 0.38999999999999996,
    "rr_collision": 0.011775173611111111,
    "ro_collision": 0.0005859375000000001,
    "form_rms": 0.9859671947173775,
    "stall_rate": 0.025999999999999995,
    "deadlock": 0.13,
    "topology_switches": 0.0,
    "formation_recovery_time": 190.15883762361355,
    "irreversible_collapse": 0.1325,
    "recoverability_false_positive": 0.01172133902150111,
    "recoverability_false_negative": 0.004398809523809524,
    "ms_per_step": 1.0,
    "max_n": 16
  },
  "rvt_swarm": {
    "success": 0.2575,
    "goal_reached": 0.9524999999999999,
    "collision_free": 0.54,
    "form_ok": 0.34500000000000003,
    "rr_collision": 0.009051649305555555,
    "ro_collision": 0.0010937499999999999,
    "form_rms": 0.7902592195197939,
    "stall_rate": 0.011604166666666665,
    "deadlock": 0.0475,
    "topology_switches": 0.1875,
    "formation_recovery_time": 188.2712175044622,
    "irreversible_collapse": 0.085,
    "recoverability_false_positive": 0.03051917985095732,
    "recoverability_false_negative": 0.0007083333333333334,
    "ms_per_step": 1.6000000000000003,
    "max_n": 16
  },
  "adaptive_formation": {
    "success": 0.19,
    "goal_reached": 0.995,
    "collision_free": 0.3575,
    "form_ok": 0.565,
    "rr_collision": 0.019871961805555553,
    "ro_collision": 0.0005442708333333333,
    "form_rms": 0.6130570206791163,
    "stall_rate": 0.0009375,
    "deadlock": 0.0025,
    "topology_switches": 0.5,
    "formation_recovery_time": 155.0626159672525,
    "irreversible_collapse": 0.0025,
    "recoverability_false_positive": 0.0,
    "recoverability_false_negative": 0.0,
    "ms_per_step": 1.0,
    "max_n": 16
  },
  "cbf_qp_like": {
    "success": 0.26,
    "goal_reached": 0.9025000000000001,
    "collision_free": 0.825,
    "form_ok": 0.27,
    "rr_collision": 0.0029210069444444444,
    "ro_collision": 0.0009401041666666667,
    "form_rms": 0.720369977466762,
    "stall_rate": 0.00043749999999999995,
    "deadlock": 0.0025,
    "topology_switches": 0.0,
    "formation_recovery_time": 223.4119564819349,
    "irreversible_collapse": 0.0025,
    "recoverability_false_positive": 0.0,
    "recoverability_false_negative": 0.0,
    "ms_per_step": 1.0,
    "max_n": 16
  },
  "orca_like": {
    "success": 0.0125,
    "goal_reached": 1.0,
    "collision_free": 0.9575,
    "form_ok": 0.0125,
    "rr_collision": 9.765625e-05,
    "ro_collision": 0.0002838541666666667,
    "form_rms": 1.9318371161818506,
    "stall_rate": 0.0,
    "deadlock": 0.0,
    "topology_switches": 0.0,
    "formation_recovery_time": 210.19605403519614,
    "irreversible_collapse": 0.0,
    "recoverability_false_positive": 0.0,
    "recoverability_false_negative": 0.0,
    "ms_per_step": 1.0,
    "max_n": 16
  },
  "centralized_mpc": {
    "success": 0.75,
    "goal_reached": 1.0,
    "collision_free": 0.82,
    "form_ok": 0.9299999999999999,
    "rr_collision": 0.0225,
    "ro_collision": 0.0,
    "form_rms": 0.31876747451722626,
    "stall_rate": 0.0,
    "deadlock": 0.0,
    "topology_switches": 0.75,
    "formation_recovery_time": 85.40560977881053,
    "irreversible_collapse": 0.0,
    "recoverability_false_positive": 0.0,
    "recoverability_false_negative": 0.0,
    "ms_per_step": 1.0,
    "max_n": 4
  }
}