{
  "gnn_only": {
    "success": 0.445,
    "goal_reached": 0.905,
    "collision_free": 0.6075,
    "form_ok": 0.6975,
    "rr_collision": 0.013687065972222223,
    "ro_collision": 0.00029947916666666664,
    "form_rms": 0.5508440662454814,
    "stall_rate": 0.015520833333333333,
    "deadlock": 0.08499999999999999,
    "topology_switches": 0.0,
    "formation_recovery_time": 146.39633001565642,
    "irreversible_collapse": 0.08499999999999999,
    "recoverability_false_positive": 0.0,
    "recoverability_false_negative": 0.0,
    "ms_per_step": 1.0,
    "max_n": 16
  },
  "instant_cert": {
    "success": 0.395,
    "goal_reached": 0.9125,
    "collision_free": 0.6075,
    "form_ok": 0.6275,
    "rr_collision": 0.01103949652777778,
    "ro_collision": 0.0003125,
    "form_rms": 0.5645680841989815,
    "stall_rate": 0.016291666666666666,
    "deadlock": 0.0775,
    "topology_switches": 0.0,
    "formation_recovery_time": 155.60109395061465,
    "irreversible_collapse": 0.0775,
    "recoverability_false_positive": 0.0022670580947990963,
    "recoverability_false_negative": 0.0048804824561403505,
    "ms_per_step": 1.0,
    "max_n": 16
  },
  "rvt_swarm": {
    "success": 0.2775,
    "goal_reached": 0.94,
    "collision_free": 0.6325000000000001,
    "form_ok": 0.37750000000000006,
    "rr_collision": 0.007026909722222223,
    "ro_collision": 0.0011250000000000001,
    "form_rms": 0.7531348569504916,
    "stall_rate": 0.013104166666666667,
    "deadlock": 0.052500000000000005,
    "topology_switches": 1.335,
    "formation_recovery_time": 217.22023363269335,
    "irreversible_collapse": 0.105,
    "recoverability_false_positive": 0.0427402152025919,
    "recoverability_false_negative": 0.001512084847301086,
    "ms_per_step": 1.6000000000000003,
    "max_n": 16
  },
  "adaptive_formation": {
    "success": 0.205,
    "goal_reached": 0.9975,
    "collision_free": 0.39249999999999996,
    "form_ok": 0.5875,
    "rr_collision": 0.017934027777777778,
    "ro_collision": 0.00045703125,
    "form_rms": 0.6079934881627559,
    "stall_rate": 0.0,
    "deadlock": 0.0,
    "topology_switches": 0.5,
    "formation_recovery_time": 155.0659687047707,
    "irreversible_collapse": 0.005,
    "recoverability_false_positive": 0.0,
    "recoverability_false_negative": 0.0,
    "ms_per_step": 1.0,
    "max_n": 16
  },
  "cbf_qp_like": {
    "success": 0.255,
    "goal_reached": 0.8775,
    "collision_free": 0.81,
    "form_ok": 0.2625,
    "rr_collision": 0.0032313368055555554,
    "ro_collision": 0.00117578125,
    "form_rms": 0.736846355125308,
    "stall_rate": 0.0032916666666666667,
    "deadlock": 0.015000000000000001,
    "topology_switches": 0.0,
    "formation_recovery_time": 228.6304761318891,
    "irreversible_collapse": 0.022500000000000003,
    "recoverability_false_positive": 0.0,
    "recoverability_false_negative": 0.0,
    "ms_per_step": 1.0,
    "max_n": 16
  },
  "orca_like": {
    "success": 0.0175,
    "goal_reached": 1.0,
    "collision_free": 0.95,
    "form_ok": 0.0175,
    "rr_collision": 1.953125e-05,
    "ro_collision": 0.00035546875,
    "form_rms": 1.930755737349391,
    "stall_rate": 0.0,
    "deadlock": 0.0,
    "topology_switches": 0.0,
    "formation_recovery_time": 209.7400257806156,
    "irreversible_collapse": 0.0,
    "recoverability_false_positive": 0.0,
    "recoverability_false_negative": 0.0,
    "ms_per_step": 1.0,
    "max_n": 16
  },
  "centralized_mpc": {
    "success": 0.73,
    "goal_reached": 1.0,
    "collision_free": 0.79,
    "form_ok": 0.9199999999999999,
    "rr_collision": 0.02625,
    "ro_collision": 0.0,
    "form_rms": 0.302942378371954,
    "stall_rate": 0.0,
    "deadlock": 0.0,
    "topology_switches": 0.75,
    "formation_recovery_time": 85.61051481630244,
    "irreversible_collapse": 0.0,
    "recoverability_false_positive": 0.0,
    "recoverability_false_negative": 0.0,
    "ms_per_step": 1.0,
    "max_n": 4
  }
}