{
  "gnn_only": {
    "success": 0.4375,
    "goal_reached": 0.95,
    "collision_free": 0.6425,
    "form_ok": 0.7075,
    "rr_collision": 0.011393229166666666,
    "ro_collision": 0.00022916666666666666,
    "form_rms": 0.47729816319420937,
    "stall_rate": 0.008812500000000001,
    "deadlock": 0.0475,
    "topology_switches": 0.0,
    "formation_recovery_time": 128.0631673839393,
    "irreversible_collapse": 0.0475,
    "recoverability_false_positive": 0.0,
    "recoverability_false_negative": 0.0,
    "ms_per_step": 1.0,
    "max_n": 16
  },
  "instant_cert": {
    "success": 0.12250000000000001,
    "goal_reached": 0.905,
    "collision_free": 0.8075,
    "form_ok": 0.135,
    "rr_collision": 0.003103298611111111,
    "ro_collision": 0.0006276041666666667,
    "form_rms": 1.3453952978365125,
    "stall_rate": 0.01325,
    "deadlock": 0.065,
    "topology_switches": 0.0,
    "formation_recovery_time": 240.0221220546417,
    "irreversible_collapse": 0.0675,
    "recoverability_false_positive": 0.006374033753176829,
    "recoverability_false_negative": 0.0069075858473749705,
    "ms_per_step": 1.0,
    "max_n": 16
  },
  "rvt_swarm": {
    "success": 0.05,
    "goal_reached": 0.8825,
    "collision_free": 0.7875000000000001,
    "form_ok": 0.052500000000000005,
    "rr_collision": 0.0035590277777777777,
    "ro_collision": 0.0011328125,
    "form_rms": 2.075661645103246,
    "stall_rate": 0.01975,
    "deadlock": 0.09,
    "topology_switches": 3.3775,
    "formation_recovery_time": 261.5315547556796,
    "irreversible_collapse": 0.10250000000000001,
    "recoverability_false_positive": 0.059857036311767704,
    "recoverability_false_negative": 0.000928524782481859,
    "ms_per_step": 1.6000000000000003,
    "max_n": 16
  },
  "adaptive_formation": {
    "success": 0.2475,
    "goal_reached": 1.0,
    "collision_free": 0.455,
    "form_ok": 0.5825,
    "rr_collision": 0.016996527777777777,
    "ro_collision": 0.00044010416666666666,
    "form_rms": 0.5969879943132401,
    "stall_rate": 0.0,
    "deadlock": 0.0,
    "topology_switches": 0.5,
    "formation_recovery_time": 151.33949912275077,
    "irreversible_collapse": 0.005,
    "recoverability_false_positive": 0.0,
    "recoverability_false_negative": 0.0,
    "ms_per_step": 1.0,
    "max_n": 16
  },
  "cbf_qp_like": {
    "success": 0.3,
    "goal_reached": 0.895,
    "collision_free": 0.8225,
    "form_ok": 0.3175,
    "rr_collision": 0.0026692708333333334,
    "ro_collision": 0.0005768229166666667,
    "form_rms": 0.707678646557033,
    "stall_rate": 0.002104166666666667,
    "deadlock": 0.0075,
    "topology_switches": 0.0,
    "formation_recovery_time": 220.0814421598496,
    "irreversible_collapse": 0.0075,
    "recoverability_false_positive": 0.0,
    "recoverability_false_negative": 0.0,
    "ms_per_step": 1.0,
    "max_n": 16
  },
  "orca_like": {
    "success": 0.02,
    "goal_reached": 1.0,
    "collision_free": 0.955,
    "form_ok": 0.02,
    "rr_collision": 0.0,
    "ro_collision": 0.0003515625,
    "form_rms": 1.92305350728333,
    "stall_rate": 0.0,
    "deadlock": 0.0,
    "topology_switches": 0.0,
    "formation_recovery_time": 210.51107282997427,
    "irreversible_collapse": 0.0,
    "recoverability_false_positive": 0.0,
    "recoverability_false_negative": 0.0,
    "ms_per_step": 1.0,
    "max_n": 16
  },
  "centralized_mpc": {
    "success": 0.6900000000000001,
    "goal_reached": 1.0,
    "collision_free": 0.74,
    "form_ok": 0.94,
    "rr_collision": 0.0325,
    "ro_collision": 0.0,
    "form_rms": 0.32866304472088814,
    "stall_rate": 0.0,
    "deadlock": 0.0,
    "topology_switches": 0.75,
    "formation_recovery_time": 89.15217624983711,
    "irreversible_collapse": 0.0,
    "recoverability_false_positive": 0.0,
    "recoverability_false_negative": 0.0,
    "ms_per_step": 1.0,
    "max_n": 4
  }
}