schema_version,team_size,topology_id,fixture_class,seed,heading_radians,valid_initial_condition,rejection_reasons,initial_formation_error_meters,maximum_formation_error_meters,final_formation_error_meters,final_formation_rms_meters,first_tube_entry_step,dwell_completed,goal_reached,final_goal_error_meters,completion_step,minimum_robot_robot_distance_meters,collision_free,saturation_rate,projection_intervention_rate,projection_infeasible_count,solver_failure_count,deadlock,numerical_failure,controller_calls,per_robot_latency_median_seconds,per_robot_latency_p95_seconds,per_robot_latency_p99_seconds,simulator_orchestration_seconds
rvt-phase6-qualification/v1,5,0,exact_topology,61001,0.0,True,(),4.5236744724522523e-08,4.5236744724522523e-08,4.5236744724522523e-08,3.1987208983305064e-08,0,True,True,1.1102230246251566e-17,19,0.8999999999999999,True,0.0,0.0,0,0,False,False,400,0.00044772949999993816,0.0016626207999999416,0.0027084869100000627,0.009791836000000442
rvt-phase6-qualification/v1,5,0,exact_topology,61002,0.0,True,(),4.5236744724522523e-08,4.5236744724522523e-08,4.5236744724522523e-08,3.1987208983305064e-08,0,True,True,1.1102230246251566e-17,19,0.8999999999999999,True,0.0,0.0,0,0,False,False,400,0.00044287500000006474,0.0013244621500000707,0.0017077181599998777,0.008584916000000442
rvt-phase6-qualification/v1,5,0,exact_topology,61003,0.0,True,(),4.5236744724522523e-08,4.5236744724522523e-08,4.5236744724522523e-08,3.1987208983305064e-08,0,True,True,1.1102230246251566e-17,19,0.8999999999999999,True,0.0,0.0,0,0,False,False,400,0.0004479374999999952,0.001286916349999989,0.0018233075900000253,0.010428838000000606
rvt-phase6-qualification/v1,5,0,exact_topology,61004,0.0,True,(),4.5236744724522523e-08,4.5236744724522523e-08,4.5236744724522523e-08,3.1987208983305064e-08,0,True,True,1.1102230246251566e-17,19,0.8999999999999999,True,0.0,0.0,0,0,False,False,400,0.0004445215000000169,0.0015129225999999216,0.0021503536700000813,0.01174420399999987
rvt-phase6-qualification/v1,5,0,exact_topology,61005,0.0,True,(),4.5236744724522523e-08,4.5236744724522523e-08,4.5236744724522523e-08,3.1987208983305064e-08,0,True,True,1.1102230246251566e-17,19,0.8999999999999999,True,0.0,0.0,0,0,False,False,400,0.0004472085000000181,0.0014517038500000356,0.002321693669999999,0.01059378800000077
rvt-phase6-qualification/v1,5,0,bounded_position,61001,0.0,True,(),0.049832590240178075,0.049832590240178075,0.0005599547418926746,0.00032510329712802887,0,True,True,4.5905682279803565e-05,19,0.8454341422661196,True,0.0,0.0,0,0,False,False,400,0.0004572504999999505,0.0014654229499998614,0.0023962755100001287,0.011754163000001316
rvt-phase6-qualification/v1,5,0,bounded_position,61002,0.0,True,(),0.0449188909851891,0.0449188909851891,0.0003455882219823363,0.0002565813971981333,0,True,True,0.00021732200305067879,19,0.8335091709815177,True,0.0,0.0,0,0,False,False,400,0.0004497085000000345,0.0012787107500000215,0.0020824836700000255,0.01031508599999964
rvt-phase6-qualification/v1,5,0,bounded_position,61003,0.0,True,(),0.053558220757148806,0.053558220757148806,0.000526891017357897,0.0003363091023689907,0,True,True,0.00016919145328348785,19,0.8564909619588468,True,0.0,0.0,0,0,False,False,400,0.0004509580000000013,0.0013797604499999495,0.0018145654200000375,0.009775706000000328
rvt-phase6-qualification/v1,5,0,bounded_position,61004,0.0,True,(),0.04393646267966239,0.04393646267966239,0.0007549924785824898,0.0004510170069259366,0,True,True,0.0002327219959409192,19,0.873703633159593,True,0.0,0.0,0,0,False,False,400,0.00044533349999997807,0.0014506625000001102,0.002100035330000029,0.009554627000000093
rvt-phase6-qualification/v1,5,0,bounded_position,61005,0.0,True,(),0.04843307790777811,0.04843307790777811,0.0005781312158259981,0.0003855082285550527,0,True,True,4.768994684533585e-05,19,0.8751434530381441,True,0.0,0.0,0,0,False,False,400,0.00045329199999999403,0.001323024350000012,0.0019511717600000772,0.011017955000000579
rvt-phase6-qualification/v1,5,0,bounded_velocity,61001,0.0,True,(),4.5236744724522523e-08,0.06857718722186107,0.001463517943615447,0.0010009232603337872,0,True,True,0.00012167096469798016,19,0.8283111494460335,True,0.0,0.0,0,0,False,False,400,0.00045041699999998075,0.0012623395999999002,0.001752363500000001,0.009789624999999136
rvt-phase6-qualification/v1,5,0,bounded_velocity,61002,0.0,True,(),4.5236744724522523e-08,0.06109121128785464,0.0010933277183748067,0.0008335546249738122,0,True,True,0.0003133227583011186,19,0.8142905651562181,True,0.0,0.0,0,0,False,False,400,0.0004485419999999407,0.0013738441000000039,0.0022066570799999363,0.01168762099999987
rvt-phase6-qualification/v1,5,0,bounded_velocity,61003,0.0,True,(),4.5236744724522523e-08,0.07578047138885817,0.0012046535975190347,0.0008039738474580967,0,True,True,0.0002550923728041563,19,0.8428985935357158,True,0.0,0.0,0,0,False,False,400,0.00043850000000000833,0.0013420291999999166,0.0021842050899999487,0.01222366200000069
rvt-phase6-qualification/v1,5,0,bounded_velocity,61004,0.0,True,(),4.5236744724522523e-08,0.06623708243982122,0.0013981767980329853,0.0009664875307719256,0,True,True,0.00026500891964434186,19,0.8631849384576018,True,0.0,0.0,0,0,False,False,400,0.00044281299999993085,0.0014198079999999,0.0022464230100001734,0.01213879000000051
rvt-phase6-qualification/v1,5,0,bounded_velocity,61005,0.0,True,(),4.5236744724522523e-08,0.07001818465361755,0.0010986715004007734,0.0008237342852960478,0,True,True,8.102356197014402e-05,19,0.8665986627778227,True,0.0,0.0,0,0,False,False,400,0.0004435205000000719,0.0014446249999999102,0.0021312006599998904,0.01082191700000057
rvt-phase6-qualification/v1,5,0,combined_perturbation,61001,0.0,True,(),0.049832590240178075,0.07067941465276296,0.0007801519467327566,0.0005160939524308386,0,True,True,0.0001234002624194629,19,0.8454341422661196,True,0.0,0.0,0,0,False,False,400,0.00044633350000011784,0.0012069440499999807,0.0018196215799999344,0.008831045000001536
rvt-phase6-qualification/v1,5,0,combined_perturbation,61002,0.0,True,(),0.0449188909851891,0.0737737667732143,0.0016708713739452127,0.0008697095636541457,0,True,True,0.00034570158519512355,19,0.8335091709815177,True,0.0,0.0,0,0,False,False,400,0.00043979200000010543,0.0013457002999998965,0.0019099566700001365,0.010454749999999624
rvt-phase6-qualification/v1,5,0,combined_perturbation,61003,0.0,True,(),0.053558220757148806,0.09926473912550167,0.0010141196457991244,0.0007245280844495,0,True,True,0.0003234863016315188,19,0.8419048934681167,True,0.0,0.0,0,0,False,False,400,0.00043908299999995126,0.0012891666500000065,0.00183066574,0.009635213999999781
rvt-phase6-qualification/v1,5,0,combined_perturbation,61004,0.0,True,(),0.04393646267966239,0.05162560401574267,0.0010587957189110298,0.0008299921509539998,0,True,True,0.00045901088318785817,19,0.8600000928578083,True,0.0,0.0,0,0,False,False,400,0.0004445835000000953,0.0013978205000001016,0.0023135919099999476,0.010101461999999506
rvt-phase6-qualification/v1,5,0,combined_perturbation,61005,0.0,True,(),0.04843307790777811,0.08742632815589438,0.001418134832458263,0.0009402378645292255,0,True,True,0.0003106740974345588,19,0.827268674223647,True,0.0,0.0,0,0,False,False,400,0.0004420625000000067,0.001451627399999955,0.00221186490999999,0.011041420999998941
rvt-phase6-qualification/v1,5,5,exact_topology,61001,0.0,True,(),4.5236744724522523e-08,4.5236744724522523e-08,4.5236744724522523e-08,3.1987208983305064e-08,0,True,True,2.2204460492503132e-17,19,0.8999999999999999,True,0.0,0.0,0,0,False,False,400,0.00044064550000000313,0.0013248996499999545,0.0019751208400000573,0.009432044999998945
rvt-phase6-qualification/v1,5,5,exact_topology,61002,0.0,True,(),4.5236744724522523e-08,4.5236744724522523e-08,4.5236744724522523e-08,3.1987208983305064e-08,0,True,True,2.2204460492503132e-17,19,0.8999999999999999,True,0.0,0.0,0,0,False,False,400,0.0004473750000000276,0.0012730794999999402,0.001558076329999979,0.010406996000000168
rvt-phase6-qualification/v1,5,5,exact_topology,61003,0.0,True,(),4.5236744724522523e-08,4.5236744724522523e-08,4.5236744724522523e-08,3.1987208983305064e-08,0,True,True,2.2204460492503132e-17,19,0.8999999999999999,True,0.0,0.0,0,0,False,False,400,0.0004413545000000463,0.0012688559000000098,0.002063399079999953,0.009024370000001003
rvt-phase6-qualification/v1,5,5,exact_topology,61004,0.0,True,(),4.5236744724522523e-08,4.5236744724522523e-08,4.5236744724522523e-08,3.1987208983305064e-08,0,True,True,2.2204460492503132e-17,19,0.8999999999999999,True,0.0,0.0,0,0,False,False,400,0.00044472900000003257,0.0012833670000000571,0.0018591524099999062,0.009594750000000873
rvt-phase6-qualification/v1,5,5,exact_topology,61005,0.0,True,(),4.5236744724522523e-08,4.5236744724522523e-08,4.5236744724522523e-08,3.1987208983305064e-08,0,True,True,2.2204460492503132e-17,19,0.8999999999999999,True,0.0,0.0,0,0,False,False,400,0.00044162500000000104,0.0015005452000000905,0.00246246700000005,0.010751672999999018
rvt-phase6-qualification/v1,5,5,bounded_position,61001,0.0,True,(),0.049832570417829715,0.049832570417829715,0.00063297300905106,0.0004168309581922238,0,True,True,8.650700254701948e-05,19,0.8313362351737961,True,0.0,0.0,0,0,False,False,400,0.000442249499999936,0.0013321972499998668,0.001998096999999913,0.01210270599999963
rvt-phase6-qualification/v1,5,5,bounded_position,61002,0.0,True,(),0.044918948534444475,0.044918948534444475,0.0007664742150731669,0.0004551157729294552,0,True,True,0.00021061030087449613,19,0.8278689142839414,True,0.0,0.0,0,0,False,False,400,0.00044635450000007904,0.0011984351000001055,0.0015069164300001237,0.00929791900000132
rvt-phase6-qualification/v1,5,5,bounded_position,61003,0.0,True,(),0.053558208635200874,0.053558208635200874,0.0005086426170945726,0.0003352996131680401,0,True,True,0.00017327635936182682,19,0.8643668497781577,True,0.0,0.0,0,0,False,False,400,0.0004424374999999481,0.0014145735499999088,0.0021244650000000506,0.009830750000000554
rvt-phase6-qualification/v1,5,5,bounded_position,61004,0.0,True,(),0.04393641570532947,0.04393641570532947,0.0005754586162032387,0.00040219758628705685,0,True,True,0.00022493028295449973,19,0.8612158282831099,True,0.0,0.0,0,0,False,False,400,0.0004415414999999756,0.0013563058999999755,0.0023814207500000516,0.010078124999999938
rvt-phase6-qualification/v1,5,5,bounded_position,61005,0.0,True,(),0.04843309724669678,0.04843309724669678,0.0006351101079307875,0.00039944941129087827,0,True,True,7.596158029367318e-05,19,0.8660525810483825,True,0.0,0.0,0,0,False,False,400,0.0004414379999999607,0.0013678541999999833,0.0018640621699999448,0.009127877000000506
rvt-phase6-qualification/v1,5,5,bounded_velocity,61001,0.0,True,(),4.5236744724522523e-08,0.07178114257482303,0.0017931759769789048,0.001004718382376887,0,True,True,0.00011201998070984367,19,0.8043821374736637,True,0.0,0.0,0,0,False,False,400,0.0004417709999999797,0.0012070083499999607,0.002056368989999949,0.008864163999998453
rvt-phase6-qualification/v1,5,5,bounded_velocity,61002,0.0,True,(),4.5236744724522523e-08,0.06301212288850282,0.0016028004130582442,0.0009905621565312972,0,True,True,0.00022859835576090665,19,0.7952791632531863,True,0.0,0.0,0,0,False,False,400,0.00044472899999992155,0.0013685098000000046,0.002152005739999876,0.011572415000000058
rvt-phase6-qualification/v1,5,5,bounded_velocity,61003,0.0,True,(),4.5236744724522523e-08,0.07384553024517458,0.0008456161708870742,0.0006562832185846844,0,True,True,0.00023011276142912294,19,0.849461224737926,True,0.0,0.0,0,0,False,False,400,0.00044366699999998094,0.0013674398999999663,0.0022283217499999273,0.010570627999998639
rvt-phase6-qualification/v1,5,5,bounded_velocity,61004,0.0,True,(),4.5236744724522523e-08,0.06032874010361175,0.0013176626553608767,0.0010003700640442421,0,True,True,0.0003566165669182295,19,0.8536515021503379,True,0.0,0.0,0,0,False,False,400,0.00044908350000005814,0.0013605124999999877,0.002049624339999902,0.00979433299999899
rvt-phase6-qualification/v1,5,5,bounded_velocity,61005,0.0,True,(),4.5236744724522523e-08,0.06857581874023566,0.0014766831215569688,0.00094503255335062,0,True,True,0.0002378347535383501,19,0.8584673833345368,True,0.0,0.0,0,0,False,False,400,0.0004435000000000411,0.0015062621999998628,0.002411654820000042,0.009745498999999436
rvt-phase6-qualification/v1,5,5,combined_perturbation,61001,0.0,True,(),0.049832570417829715,0.06717978962625812,0.0010856644758437746,0.0007609058572092443,0,True,True,0.00010324418373804078,19,0.8173380349316963,True,0.0,0.0,0,0,False,False,400,0.00044218750000002416,0.0011603288499999473,0.0018885300800000012,0.008840744000000456
rvt-phase6-qualification/v1,5,5,combined_perturbation,61002,0.0,True,(),0.044918948534444475,0.06979798214661513,0.0009390075344164895,0.0007351565360493394,0,True,True,0.0005841446884266361,19,0.8278689142839414,True,0.0,0.0,0,0,False,False,400,0.00044154199999990595,0.00122657920000001,0.0017992567500000412,0.00971071100000076
rvt-phase6-qualification/v1,5,5,combined_perturbation,61003,0.0,True,(),0.053558208635200874,0.09320873538532881,0.0013824056934999668,0.0009077008678369803,0,True,True,0.00011925529997126751,19,0.7632168200941923,True,0.0,0.0,0,0,False,False,400,0.0004362710000000991,0.001236412200000003,0.0016301772600003004,0.008695249999999266
rvt-phase6-qualification/v1,5,5,combined_perturbation,61004,0.0,True,(),0.04393641570532947,0.06012143420544837,0.0009105301111800521,0.0006235736911706633,0,True,True,0.0005215400549678873,19,0.8589908315865964,True,0.0,0.0,0,0,False,False,400,0.0004412285000000571,0.001345674349999903,0.0018033032399998867,0.010778673999999766
rvt-phase6-qualification/v1,5,5,combined_perturbation,61005,0.0,True,(),0.04843309724669678,0.07481507620196168,0.0019477128621956986,0.00120536627731687,0,True,True,0.0002815751889051905,19,0.8395075082944792,True,0.0,0.0,0,0,False,False,400,0.00043874999999993225,0.0011576371500001126,0.00162878441000019,0.009642038000000852
rvt-phase6-qualification/v1,5,2,exact_topology,61001,0.0,True,(),4.768371586472142e-08,4.768371586472142e-08,4.768371586472142e-08,3.371747884011707e-08,0,True,True,4.4408920985006264e-17,19,0.9,True,0.0,0.0,0,0,False,False,400,0.00041768800000008266,0.0011357523999998113,0.001531082999999644,0.009320214000000604
rvt-phase6-qualification/v1,5,2,exact_topology,61002,0.0,True,(),4.768371586472142e-08,4.768371586472142e-08,4.768371586472142e-08,3.371747884011707e-08,0,True,True,4.4408920985006264e-17,19,0.9,True,0.0,0.0,0,0,False,False,400,0.00041362499999997304,0.0009583368499999408,0.0012654386600001435,0.00819375000000222
rvt-phase6-qualification/v1,5,2,exact_topology,61003,0.0,True,(),4.768371586472142e-08,4.768371586472142e-08,4.768371586472142e-08,3.371747884011707e-08,0,True,True,4.4408920985006264e-17,19,0.9,True,0.0,0.0,0,0,False,False,400,0.0004208959999999484,0.001124322249999953,0.0015033737500003447,0.014034252000000969
rvt-phase6-qualification/v1,5,2,exact_topology,61004,0.0,True,(),4.768371586472142e-08,4.768371586472142e-08,4.768371586472142e-08,3.371747884011707e-08,0,True,True,4.4408920985006264e-17,19,0.9,True,0.0,0.0,0,0,False,False,400,0.00042172949999996767,0.0013330955500000185,0.0022781116700001194,0.009775085000000017
rvt-phase6-qualification/v1,5,2,exact_topology,61005,0.0,True,(),4.768371586472142e-08,4.768371586472142e-08,4.768371586472142e-08,3.371747884011707e-08,0,True,True,4.4408920985006264e-17,19,0.9,True,0.0,0.0,0,0,False,False,400,0.00042087500000009825,0.0012326601000001041,0.001581348089999789,0.012664591999999697
rvt-phase6-qualification/v1,5,2,bounded_position,61001,0.0,True,(),0.04983260056296835,0.04983260056296835,0.0007174367528115931,0.0003797060144191823,0,True,True,0.00012599951614759915,19,0.8649266815084117,True,0.0,0.0,0,0,False,False,400,0.0004393540000000584,0.0012404958500000561,0.0016236146700000535,0.008340630000001514
rvt-phase6-qualification/v1,5,2,bounded_position,61002,0.0,True,(),0.04491893299259457,0.04491893299259457,0.0004808230786146468,0.0003181284417319539,0,True,True,0.00012976063382728322,19,0.8559461004690699,True,0.0,0.0,0,0,False,False,400,0.0004422290000000162,0.0018268253000000003,0.005232588250000021,0.013719416999999456
rvt-phase6-qualification/v1,5,2,bounded_position,61003,0.0,True,(),0.05355828772343635,0.05355828772343635,0.0007156957308887573,0.00043064557283491785,0,True,True,0.0002001606389764604,19,0.8646241198815883,True,0.0,0.0,0,0,False,False,400,0.00043879099999999394,0.0010538375000000654,0.001445675589999979,0.008370372999999987
rvt-phase6-qualification/v1,5,2,bounded_position,61004,0.0,True,(),0.043936411233389094,0.043936411233389094,0.0005735466820096796,0.00042037496502682613,0,True,True,0.0003530827034144378,19,0.8374560027164866,True,0.0,0.0,0,0,False,False,400,0.00043020850000008437,0.0007553166499998805,0.0014326519099999659,0.007711205999999304
rvt-phase6-qualification/v1,5,2,bounded_position,61005,0.0,True,(),0.04843307415448935,0.04843307415448935,0.0006438973222889703,0.00040803423142862235,0,True,True,0.0002217663771413624,19,0.8463771109857935,True,0.0,0.0,0,0,False,False,400,0.00043627099999987706,0.0011565142500001397,0.0016630554200000515,0.00923024799999883
rvt-phase6-qualification/v1,5,2,bounded_velocity,61001,0.0,True,(),4.768371586472142e-08,0.06988159586901795,0.002014082316153145,0.001179436129931187,0,True,True,0.00015589356731243313,19,0.8548286059746937,True,0.0,0.0,0,0,False,False,400,0.0004402500000000309,0.0011887798000001155,0.0017378459200003812,0.01049628899999977
rvt-phase6-qualification/v1,5,2,bounded_velocity,61002,0.0,True,(),4.768371586472142e-08,0.06095230373944345,0.001320807551188402,0.0010456277259350015,0,True,True,0.0004102918849601963,19,0.839292848959924,True,0.0,0.0,0,0,False,False,400,0.00043702150000002327,0.001317738099999953,0.0020953136599999177,0.00928746500000166
rvt-phase6-qualification/v1,5,2,bounded_velocity,61003,0.0,True,(),4.768371586472142e-08,0.07381256940138489,0.0009995765045366857,0.0007019705235621297,0,True,True,0.0002836134185419851,19,0.8500789665429617,True,0.0,0.0,0,0,False,False,400,0.0004387704999999631,0.001248312150000096,0.0018470033300000157,0.009861332999997252
rvt-phase6-qualification/v1,5,2,bounded_velocity,61004,0.0,True,(),4.768371586472142e-08,0.06671243354702226,0.0018979453521023682,0.0013672916549355542,0,True,True,0.00014172031748573455,19,0.8145571923823156,True,0.0,0.0,0,0,False,False,400,0.0004383334999999988,0.0012502827000001372,0.0017932755000001257,0.011035003000000376
rvt-phase6-qualification/v1,5,2,bounded_velocity,61005,0.0,True,(),4.768371586472142e-08,0.07328797992868925,0.0018515737130512851,0.0011501279650611854,0,True,True,8.201625449111637e-05,19,0.8292178315767433,True,0.0,0.0,0,0,False,False,400,0.0004392920000002576,0.0012243514499998382,0.0019300991699999403,0.008580212999998782
rvt-phase6-qualification/v1,5,2,combined_perturbation,61001,0.0,True,(),0.04983260056296835,0.06917822199959833,0.0015097639904251528,0.0009670873687390272,0,True,True,0.000229661225523597,19,0.8535425062627563,True,0.0,0.0,0,0,False,False,400,0.00043741650000006516,0.0012743767499997724,0.0018062454199998788,0.008395830999998743
rvt-phase6-qualification/v1,5,2,combined_perturbation,61002,0.0,True,(),0.04491893299259457,0.06862854589028543,0.0010844466623562423,0.0008176889440699944,0,True,True,0.00029947879855675625,19,0.821523045278411,True,0.0,0.0,0,0,False,False,400,0.00044491650000000327,0.0015101451999998102,0.0027580214999996756,0.012915168999998006
rvt-phase6-qualification/v1,5,2,combined_perturbation,61003,0.0,True,(),0.05355828772343635,0.09871902002626874,0.0018230440599865778,0.0012870241365658874,0,True,True,0.0005886276567490264,19,0.8058015172474371,True,0.0,0.0,0,0,False,False,400,0.0004401459999998636,0.0011551375000000026,0.00198820733000021,0.00934541800000055
rvt-phase6-qualification/v1,5,2,combined_perturbation,61004,0.0,True,(),0.043936411233389094,0.04757893845851734,0.0008490806415083499,0.0005614286717889373,0,True,True,0.0004937339333469257,19,0.8374560027164866,True,0.0,0.0,0,0,False,False,400,0.0004393959999999808,0.0011930392499997387,0.0015722974100002716,0.009029960000004333
rvt-phase6-qualification/v1,5,2,combined_perturbation,61005,0.0,True,(),0.04843307415448935,0.07353604396532963,0.0018949942612786026,0.001242868352001155,0,True,True,0.0004686265977024602,19,0.8463771109857935,True,0.0,0.0,0,0,False,False,400,0.00043558350000028057,0.0012631368500001226,0.0017211468399998774,0.009728796999999734
rvt-phase6-qualification/v1,6,0,exact_topology,61001,0.0,True,(),2.6656007523325565e-08,2.6656007523325565e-08,2.6656007523325565e-08,2.2826841083717622e-08,0,True,True,1.850371707708594e-17,19,0.9,True,0.0,0.0,0,0,False,False,480,0.0004962079999999425,0.0012904214500002672,0.0017184049299999676,0.013260335000000456
rvt-phase6-qualification/v1,6,0,exact_topology,61002,0.0,True,(),2.6656007523325565e-08,2.6656007523325565e-08,2.6656007523325565e-08,2.2826841083717622e-08,0,True,True,1.850371707708594e-17,19,0.9,True,0.0,0.0,0,0,False,False,480,0.000498354499999909,0.0015284899000002738,0.0020862194300000315,0.013255961999997457
rvt-phase6-qualification/v1,6,0,exact_topology,61003,0.0,True,(),2.6656007523325565e-08,2.6656007523325565e-08,2.6656007523325565e-08,2.2826841083717622e-08,0,True,True,1.850371707708594e-17,19,0.9,True,0.0,0.0,0,0,False,False,480,0.0005083959999998555,0.0018509083500000132,0.00425305582000004,0.01622999799999736
rvt-phase6-qualification/v1,6,0,exact_topology,61004,0.0,True,(),2.6656007523325565e-08,2.6656007523325565e-08,2.6656007523325565e-08,2.2826841083717622e-08,0,True,True,1.850371707708594e-17,19,0.9,True,0.0,0.0,0,0,False,False,480,0.000504041500000163,0.0015599433999999633,0.0017697756800000098,0.015609542999999615
rvt-phase6-qualification/v1,6,0,exact_topology,61005,0.0,True,(),2.6656007523325565e-08,2.6656007523325565e-08,2.6656007523325565e-08,2.2826841083717622e-08,0,True,True,1.850371707708594e-17,19,0.9,True,0.0,0.0,0,0,False,False,480,0.0005011665000000942,0.00139835445000005,0.001752793889999967,0.013927129000002925
rvt-phase6-qualification/v1,6,0,bounded_position,61001,0.0,True,(),0.05662304825823898,0.05662304825823898,0.0005726793088096666,0.0003707795469488977,0,True,True,5.187803856582891e-05,19,0.8454341422661197,True,0.0,0.0,0,0,False,False,480,0.0005091249999999992,0.001531977099999837,0.00231615749999992,0.01544558000000018
rvt-phase6-qualification/v1,6,0,bounded_position,61002,0.0,True,(),0.044371869171124984,0.044371869171124984,0.0003295105658282422,0.00021912769492773537,0,True,True,0.00016701978359543723,19,0.8335091709815179,True,0.0,0.0,0,0,False,False,480,0.0005037709999999862,0.0015208083500001905,0.0019241136799999818,0.014881130000001352
rvt-phase6-qualification/v1,6,0,bounded_position,61003,0.0,True,(),0.04641747452283993,0.04641747452283993,0.0006487913049545525,0.0003798627363611388,0,True,True,0.000207202652681562,19,0.8564909619588466,True,0.0,0.0,0,0,False,False,480,0.0005078960000000077,0.001443716349999979,0.002639566820000105,0.015563708999998926
rvt-phase6-qualification/v1,6,0,bounded_position,61004,0.0,True,(),0.04290830425242895,0.04290830425242895,0.0006376224790349521,0.0004331199230768355,0,True,True,0.00022616024226762257,19,0.8473358739224824,True,0.0,0.0,0,0,False,False,480,0.0005162499999999959,0.0016915645999997508,0.0023547037500001146,0.01923295699999894
rvt-phase6-qualification/v1,6,0,bounded_position,61005,0.0,True,(),0.055403042917151264,0.055403042917151264,0.0005233145586661627,0.00031928065247182436,0,True,True,0.00017117375032204698,19,0.8792488950368333,True,0.0,0.0,0,0,False,False,480,0.0005087499999998357,0.0018407472999999895,0.0027594426099999945,0.015372337999999708
rvt-phase6-qualification/v1,6,0,bounded_velocity,61001,0.0,True,(),2.6656007523325565e-08,0.0784396307027651,0.0014870574399547308,0.0007902926733834956,0,True,True,4.452020574506026e-05,19,0.8282670852729672,True,0.0,0.0,0,0,False,False,480,0.0005071039999999805,0.0014308621999998602,0.002136341890000098,0.013281962000000203
rvt-phase6-qualification/v1,6,0,bounded_velocity,61002,0.0,True,(),2.6656007523325565e-08,0.061869245386375726,0.0012435773928671648,0.0009321256556861348,0,True,True,9.850094154564058e-05,19,0.8143026938751632,True,0.0,0.0,0,0,False,False,480,0.0005035840000000569,0.0016536628499999025,0.002237221860000122,0.013910832999998402
rvt-phase6-qualification/v1,6,0,bounded_velocity,61003,0.0,True,(),2.6656007523325565e-08,0.06755806539565251,0.0012777211467422324,0.0008579555266235325,0,True,True,9.026774068816641e-05,19,0.8393168111205849,True,0.0,0.0,0,0,False,False,480,0.000501292000000042,0.0015091068500001853,0.0019060354999999648,0.014703417000001107
rvt-phase6-qualification/v1,6,0,bounded_velocity,61004,0.0,True,(),2.6656007523325565e-08,0.06314072415365923,0.000988368098609012,0.000710453398500773,0,True,True,0.00023540773653735168,19,0.8277275324327118,True,0.0,0.0,0,0,False,False,480,0.0005017084999998644,0.0015813684500000534,0.0025673556800001355,0.014077801000000889
rvt-phase6-qualification/v1,6,0,bounded_velocity,61005,0.0,True,(),2.6656007523325565e-08,0.08326916823524443,0.0013807560386389958,0.00102166660473676,0,True,True,0.00020412700487248292,19,0.8715316868625088,True,0.0,0.0,0,0,False,False,480,0.0005004164999999894,0.0013208339999999815,0.0018292099300000397,0.012728498999998727
rvt-phase6-qualification/v1,6,0,combined_perturbation,61001,0.0,True,(),0.05662304825823898,0.07842981614367883,0.0010758191924259526,0.0009094930681499342,0,True,True,0.00011108623213910877,19,0.8406946718357134,True,0.0,0.0,0,0,False,False,480,0.0005047920000000872,0.0016399190499998709,0.0021036344999999985,0.015732752999999988
rvt-phase6-qualification/v1,6,0,combined_perturbation,61002,0.0,True,(),0.044371869171124984,0.06632423459096773,0.0017555820606987352,0.0011171676008051349,0,True,True,0.000315692567067806,19,0.8335091709815179,True,0.0,0.0,0,0,False,False,480,0.000503979499999696,0.0015804211500002995,0.001946910639999788,0.01857220999999809
rvt-phase6-qualification/v1,6,0,combined_perturbation,61003,0.0,True,(),0.04641747452283993,0.06957627579097876,0.0013918813616035511,0.0010936376880230276,0,True,True,0.0001888111634734977,19,0.8047686097430212,True,0.0,0.0,0,0,False,False,480,0.0005069795000001154,0.0016425500000000423,0.0023747575000001605,0.015468126000000915
rvt-phase6-qualification/v1,6,0,combined_perturbation,61004,0.0,True,(),0.04290830425242895,0.06648801683334267,0.0011005565298446655,0.0008223723261384349,0,True,True,0.00031904952707809673,19,0.8473358739224824,True,0.0,0.0,0,0,False,False,480,0.0005054159999997587,0.0013729374999998266,0.00205680507000016,0.013015997000000112
rvt-phase6-qualification/v1,6,0,combined_perturbation,61005,0.0,True,(),0.055403042917151264,0.0982956368874884,0.0016291014904888381,0.0013099372717535343,0,True,True,0.00046347841273671424,19,0.8532435785789477,True,0.0,0.0,0,0,False,False,480,0.0005020830000002086,0.0014169223000001444,0.001832419429999911,0.014670036000000053
rvt-phase6-qualification/v1,6,5,exact_topology,61001,0.0,True,(),2.6656007523325565e-08,2.6656007523325565e-08,2.6656007523325565e-08,2.2826841083717625e-08,0,True,True,0.0,19,0.9,True,0.0,0.0,0,0,False,False,480,0.0005092704999998254,0.0015111104499998306,0.002296957610000016,0.016761251999999338
rvt-phase6-qualification/v1,6,5,exact_topology,61002,0.0,True,(),2.6656007523325565e-08,2.6656007523325565e-08,2.6656007523325565e-08,2.2826841083717625e-08,0,True,True,0.0,19,0.9,True,0.0,0.0,0,0,False,False,480,0.0005027920000000297,0.0013664999999997815,0.0019610331100000586,0.013944619999999297
rvt-phase6-qualification/v1,6,5,exact_topology,61003,0.0,True,(),2.6656007523325565e-08,2.6656007523325565e-08,2.6656007523325565e-08,2.2826841083717625e-08,0,True,True,0.0,19,0.9,True,0.0,0.0,0,0,False,False,480,0.0005075624999999473,0.002156308000000017,0.006255418069999944,0.017330536999996315
rvt-phase6-qualification/v1,6,5,exact_topology,61004,0.0,True,(),2.6656007523325565e-08,2.6656007523325565e-08,2.6656007523325565e-08,2.2826841083717625e-08,0,True,True,0.0,19,0.9,True,0.0,0.0,0,0,False,False,480,0.000499750000000132,0.0013998285500001816,0.0022760726100002275,0.013582330999998948
rvt-phase6-qualification/v1,6,5,exact_topology,61005,0.0,True,(),2.6656007523325565e-08,2.6656007523325565e-08,2.6656007523325565e-08,2.2826841083717625e-08,0,True,True,0.0,19,0.9,True,0.0,0.0,0,0,False,False,480,0.0004975624999998818,0.0014505214500000632,0.0018689425700002535,0.013056878999999633
rvt-phase6-qualification/v1,6,5,bounded_position,61001,0.0,True,(),0.056623064701383494,0.056623064701383494,0.0007083706558839727,0.00046910202087542904,0,True,True,1.245243642422179e-05,19,0.8313362351737961,True,0.0,0.0,0,0,False,False,480,0.0005011249999999912,0.0014118097500000143,0.001724354929999924,0.012532207999998768
rvt-phase6-qualification/v1,6,5,bounded_position,61002,0.0,True,(),0.04437183247014674,0.04437183247014674,0.000599268233551055,0.00047129191766342245,0,True,True,0.00010373406348137099,19,0.8278689142839415,True,0.0,0.0,0,0,False,False,480,0.0005052295000003149,0.0017960455000000754,0.003438088249999903,0.015538960000000657
rvt-phase6-qualification/v1,6,5,bounded_position,61003,0.0,True,(),0.04641747963362099,0.04641747963362099,0.00038316354177869456,0.00023373723530609972,0,True,True,0.00010970401223598435,19,0.8643668497781577,True,0.0,0.0,0,0,False,False,480,0.0005081045000001616,0.0015474621999999043,0.002542474360000117,0.014320665000001398
rvt-phase6-qualification/v1,6,5,bounded_position,61004,0.0,True,(),0.042908339969773904,0.042908339969773904,0.0005065773409781462,0.0003206943043805042,0,True,True,0.0002640499103958846,19,0.8612158282831099,True,0.0,0.0,0,0,False,False,480,0.0005064584999998623,0.0014924125000002064,0.0017888837499998448,0.013907539999996388
rvt-phase6-qualification/v1,6,5,bounded_position,61005,0.0,True,(),0.0554030267087304,0.0554030267087304,0.0003386237620026347,0.00020979200578423454,0,True,True,0.00020240423460282092,19,0.8554544257164922,True,0.0,0.0,0,0,False,False,480,0.0005028544999998719,0.0015198725999997717,0.002273286109999833,0.014290209999998638
rvt-phase6-qualification/v1,6,5,bounded_velocity,61001,0.0,True,(),2.6656007523325565e-08,0.08590751705098654,0.001585981451380956,0.0008703908514260764,0,True,True,5.512032219916992e-05,19,0.8010309531671768,True,0.0,0.0,0,0,False,False,480,0.0005047289999997595,0.0016333375000001202,0.0023132300700002854,0.01438524699999677
rvt-phase6-qualification/v1,6,5,bounded_velocity,61002,0.0,True,(),2.6656007523325565e-08,0.06400385020955417,0.0007819277471586063,0.0006823141610561871,0,True,True,0.0001716543474221359,19,0.7933184254342796,True,0.0,0.0,0,0,False,False,480,0.0005034585000001091,0.0014041086500000686,0.002087453860000097,0.013290132999999482
rvt-phase6-qualification/v1,6,5,bounded_velocity,61003,0.0,True,(),2.6656007523325565e-08,0.06858411373369469,0.0014576506248705,0.0010868838802822697,0,True,True,0.00023972170118507526,19,0.8536305498178938,True,0.0,0.0,0,0,False,False,480,0.0005060624999999597,0.001576426799999852,0.0022800818899999095,0.01582470700000238
rvt-phase6-qualification/v1,6,5,bounded_velocity,61004,0.0,True,(),2.6656007523325565e-08,0.05916711041331164,0.001420265115646289,0.000982282036968193,0,True,True,0.00018943015910005576,19,0.851718354243054,True,0.0,0.0,0,0,False,False,480,0.0005116039999999433,0.0016275996500001427,0.0022880236100000424,0.019980786000000084
rvt-phase6-qualification/v1,6,5,bounded_velocity,61005,0.0,True,(),2.6656007523325565e-08,0.07880765614429587,0.0016628314281568208,0.0010585424324955697,0,True,True,0.00016865020095252787,19,0.8422618002666963,True,0.0,0.0,0,0,False,False,480,0.0005044584999998047,0.0015771642499997171,0.0021942444999997145,0.014086085000003745
rvt-phase6-qualification/v1,6,5,combined_perturbation,61001,0.0,True,(),0.056623064701383494,0.0861469184035702,0.001224378950429989,0.0008362330297418708,0,True,True,3.7175533305510365e-05,19,0.8313362351737961,True,0.0,0.0,0,0,False,False,480,0.0005132495000002013,0.001710676450000003,0.0029555812899998944,0.01751145399999876
rvt-phase6-qualification/v1,6,5,combined_perturbation,61002,0.0,True,(),0.04437183247014674,0.07381546058340638,0.0017656354297235174,0.001094551782624949,0,True,True,0.0002624357344494329,19,0.8045422790520748,True,0.0,0.0,0,0,False,False,480,0.0005008330000000338,0.0016399023999997366,0.002812873749999757,0.015320663000000678
rvt-phase6-qualification/v1,6,5,combined_perturbation,61003,0.0,True,(),0.04641747963362099,0.07322849530598775,0.001831699959262238,0.001137079340726241,0,True,True,0.0002445113057788057,19,0.8389894556922453,True,0.0,0.0,0,0,False,False,480,0.000499708500000029,0.0011763284999997347,0.0018678237499996995,0.012322495999998573
rvt-phase6-qualification/v1,6,5,combined_perturbation,61004,0.0,True,(),0.042908339969773904,0.06358957504111927,0.0010950584216808182,0.0007288727821330458,0,True,True,0.00038696864257065067,19,0.8482542693017001,True,0.0,0.0,0,0,False,False,480,0.0005100415000001135,0.0017723670000000516,0.002344477610000109,0.016257839999997525
rvt-phase6-qualification/v1,6,5,combined_perturbation,61005,0.0,True,(),0.0554030267087304,0.10271534958790593,0.0011169674477663847,0.0009230075559419423,0,True,True,0.0003364228500530823,19,0.7953602750808366,True,0.0,0.0,0,0,False,False,480,0.0005076870000002565,0.0019301357500002487,0.00616145938999995,0.017793957000002525
rvt-phase6-qualification/v1,6,2,exact_topology,61001,0.0,True,(),2.3841857821338408e-08,2.3841857821338408e-08,2.3841857821338408e-08,1.5389853061781035e-08,0,True,True,7.401486830834377e-17,19,0.8999999999999999,True,0.0,0.0,0,0,False,False,480,0.0004701664999997579,0.001406568749999759,0.0018999937500000594,0.01375166400000083
rvt-phase6-qualification/v1,6,2,exact_topology,61002,0.0,True,(),2.3841857821338408e-08,2.3841857821338408e-08,2.3841857821338408e-08,1.5389853061781035e-08,0,True,True,7.401486830834377e-17,19,0.8999999999999999,True,0.0,0.0,0,0,False,False,480,0.00045358349999991,0.0012148812500001542,0.0024339856400000612,0.012142078999998862
rvt-phase6-qualification/v1,6,2,exact_topology,61003,0.0,True,(),2.3841857821338408e-08,2.3841857821338408e-08,2.3841857821338408e-08,1.5389853061781035e-08,0,True,True,7.401486830834377e-17,19,0.8999999999999999,True,0.0,0.0,0,0,False,False,480,0.00045991650000010154,0.0013427124999998647,0.0017945424300000097,0.012748541000001001
rvt-phase6-qualification/v1,6,2,exact_topology,61004,0.0,True,(),2.3841857821338408e-08,2.3841857821338408e-08,2.3841857821338408e-08,1.5389853061781035e-08,0,True,True,7.401486830834377e-17,19,0.8999999999999999,True,0.0,0.0,0,0,False,False,480,0.00045543750000009986,0.001395998549999766,0.001871013000000014,0.012596498999998484
rvt-phase6-qualification/v1,6,2,exact_topology,61005,0.0,True,(),2.3841857821338408e-08,2.3841857821338408e-08,2.3841857821338408e-08,1.5389853061781035e-08,0,True,True,7.401486830834377e-17,19,0.8999999999999999,True,0.0,0.0,0,0,False,False,480,0.0004640619999998208,0.001338879150000083,0.002476257500000124,0.012080831000001346
rvt-phase6-qualification/v1,6,2,bounded_position,61001,0.0,True,(),0.05662306206015856,0.05662306206015856,0.0008209935001518565,0.0004586681573881181,0,True,True,2.9875699718959834e-05,19,0.8649266815084117,True,0.0,0.0,0,0,False,False,480,0.00047458349999995875,0.0012437434499998673,0.0024047948199998957,0.012183376000002077
rvt-phase6-qualification/v1,6,2,bounded_position,61002,0.0,True,(),0.044371848872440695,0.044371848872440695,0.0005148733592158761,0.00035359095440964917,0,True,True,8.534235651171386e-05,19,0.8559461004690699,True,0.0,0.0,0,0,False,False,480,0.00046285400000001253,0.0010998225999999222,0.0015411412799999397,0.01119208099999991
rvt-phase6-qualification/v1,6,2,bounded_position,61003,0.0,True,(),0.046417442758577246,0.046417442758577246,0.0010215839502708268,0.0005692466576153231,0,True,True,0.00013185367053442158,19,0.8646241198815883,True,0.0,0.0,0,0,False,False,480,0.0004976250000001681,0.0014879267500000455,0.002239308819999497,0.013906874000005232
rvt-phase6-qualification/v1,6,2,bounded_position,61004,0.0,True,(),0.042908323271556637,0.042908323271556637,0.0006569346876748666,0.0004448519656397653,0,True,True,0.0003269684677215334,19,0.8374560027164863,True,0.0,0.0,0,0,False,False,480,0.0004880835000000694,0.0015663538500000347,0.003029237679999723,0.012819962999996548
rvt-phase6-qualification/v1,6,2,bounded_position,61005,0.0,True,(),0.05540302785705488,0.05540302785705488,0.000709500613981754,0.0003949188101500969,0,True,True,0.00023978047048457422,19,0.8463771109857933,True,0.0,0.0,0,0,False,False,480,0.0004944590000002247,0.001388158649999926,0.002177078750000197,0.013066157999998218
rvt-phase6-qualification/v1,6,2,bounded_velocity,61001,0.0,True,(),2.3841857821338408e-08,0.08047739176129243,0.0018660497356887031,0.0010961775164765304,0,True,True,7.883384773249124e-05,19,0.8543979099852816,True,0.0,0.0,0,0,False,False,480,0.0004949369999995845,0.0014558798000000371,0.002128462929999773,0.01532516900000136
rvt-phase6-qualification/v1,6,2,bounded_velocity,61002,0.0,True,(),2.3841857821338408e-08,0.05915881132028416,0.0013874338006464612,0.0009132749409428777,0,True,True,0.0002122136069689058,19,0.8392924428596621,True,0.0,0.0,0,0,False,False,480,0.0004926875000001996,0.001445652100000294,0.0023979812499999482,0.012995747999996254
rvt-phase6-qualification/v1,6,2,bounded_velocity,61003,0.0,True,(),2.3841857821338408e-08,0.07590381093817346,0.0010295268195189972,0.0006578974068392805,0,True,True,0.00023784278239754635,19,0.8500801514780144,True,0.0,0.0,0,0,False,False,480,0.00047266700000037076,0.0013582541499998152,0.0018238393600001925,0.011459794999998163
rvt-phase6-qualification/v1,6,2,bounded_velocity,61004,0.0,True,(),2.3841857821338408e-08,0.06420276323869915,0.001536314879338154,0.0009435063918953137,0,True,True,0.00036188109430053465,19,0.814572561430631,True,0.0,0.0,0,0,False,False,480,0.0004809165000001503,0.0013872044999996055,0.002264701750000099,0.014950955999999849
rvt-phase6-qualification/v1,6,2,bounded_velocity,61005,0.0,True,(),2.3841857821338408e-08,0.08446795304256599,0.000994191757119069,0.0008004842081098052,0,True,True,0.00023428966915443034,19,0.8292178291657244,True,0.0,0.0,0,0,False,False,480,0.00046989599999980314,0.001268229199999915,0.0019577837500002367,0.015396626000003355
rvt-phase6-qualification/v1,6,2,combined_perturbation,61001,0.0,True,(),0.05662306206015856,0.08783150687399907,0.0010739447212676915,0.0008490210036109322,0,True,True,0.00018244424853082965,19,0.8561014748064919,True,0.0,0.0,0,0,False,False,480,0.000502437499999786,0.0015701590000002591,0.00222737013999982,0.01339420800000024
rvt-phase6-qualification/v1,6,2,combined_perturbation,61002,0.0,True,(),0.044371848872440695,0.0638244646332134,0.0015883827605388504,0.0010056760222417484,0,True,True,0.00025294022377745306,19,0.821947427195136,True,0.0,0.0,0,0,False,False,480,0.0004989380000002264,0.001372329500000413,0.001876160639999865,0.01400012400000028
rvt-phase6-qualification/v1,6,2,combined_perturbation,61003,0.0,True,(),0.046417442758577246,0.0721867753905735,0.0011093558027336762,0.0008548523403454673,0,True,True,0.00014470008363001835,19,0.82893564417751,True,0.0,0.0,0,0,False,False,480,0.000465583500000033,0.0012347330500002136,0.0018908955700001136,0.011463377000002328
rvt-phase6-qualification/v1,6,2,combined_perturbation,61004,0.0,True,(),0.042908323271556637,0.061908561389374346,0.0013105370582537962,0.000716115660769994,0,True,True,0.000496544600795692,19,0.8292512118313368,True,0.0,0.0,0,0,False,False,480,0.0004918125000004103,0.0013800850999992498,0.001830818749999885,0.014487083999996209
rvt-phase6-qualification/v1,6,2,combined_perturbation,61005,0.0,True,(),0.05540302785705488,0.09799877365496892,0.0018065453789776961,0.0010767446489362829,0,True,True,0.0003242882408612887,19,0.7909863371988172,True,0.0,0.0,0,0,False,False,480,0.0004917709999996411,0.00169018334999995,0.0029225831100000363,0.020220126999995536
rvt-phase6-qualification/v1,8,0,exact_topology,61001,0.0,True,(),5.2538481191342785e-08,5.2538481191342785e-08,5.2538481191342785e-08,3.9533738352434763e-08,0,True,True,5.618469141565346e-17,19,0.8999999999999999,True,0.0,0.0,0,0,False,False,640,0.0006369165000004173,0.0019035267499998728,0.002489002770000344,0.026558248000002393
rvt-phase6-qualification/v1,8,0,exact_topology,61002,0.0,True,(),5.2538481191342785e-08,5.2538481191342785e-08,5.2538481191342785e-08,3.9533738352434763e-08,0,True,True,5.618469141565346e-17,19,0.8999999999999999,True,0.0,0.0,0,0,False,False,640,0.00064162500000009,0.0019098485500004256,0.002432145979999688,0.023591204000001476
rvt-phase6-qualification/v1,8,0,exact_topology,61003,0.0,True,(),5.2538481191342785e-08,5.2538481191342785e-08,5.2538481191342785e-08,3.9533738352434763e-08,0,True,True,5.618469141565346e-17,19,0.8999999999999999,True,0.0,0.0,0,0,False,False,640,0.0006374795000003708,0.0018952336500006606,0.0026832987500002856,0.025187376999999067
rvt-phase6-qualification/v1,8,0,exact_topology,61004,0.0,True,(),5.2538481191342785e-08,5.2538481191342785e-08,5.2538481191342785e-08,3.9533738352434763e-08,0,True,True,5.618469141565346e-17,19,0.8999999999999999,True,0.0,0.0,0,0,False,False,640,0.0006396249999998105,0.0018784288499999577,0.0026770236199995367,0.025161576000000352
rvt-phase6-qualification/v1,8,0,exact_topology,61005,0.0,True,(),5.2538481191342785e-08,5.2538481191342785e-08,5.2538481191342785e-08,3.9533738352434763e-08,0,True,True,5.618469141565346e-17,19,0.8999999999999999,True,0.0,0.0,0,0,False,False,640,0.0006386250000001148,0.0018344167000004408,0.0025732848800002046,0.024471085000002724
rvt-phase6-qualification/v1,8,0,bounded_position,61001,0.0,True,(),0.052054755033568406,0.052054755033568406,0.0006564598059860244,0.0003833190127335163,0,True,True,3.715168436553943e-05,19,0.8454341422661196,True,0.0,0.0,0,0,False,False,640,0.0006382079999998069,0.0017592291999995345,0.0026703238900003187,0.024034793999994974
rvt-phase6-qualification/v1,8,0,bounded_position,61002,0.0,True,(),0.045622919543844925,0.045622919543844925,0.0006339283703236503,0.00036651460084269826,0,True,True,7.737853753073344e-05,19,0.8335091709815177,True,0.0,0.0,0,0,False,False,640,0.0006478544999994895,0.0019422395499994138,0.0025973488800002846,0.024292415000001455
rvt-phase6-qualification/v1,8,0,bounded_position,61003,0.0,True,(),0.051294069945460714,0.051294069945460714,0.0008659980900226946,0.0004787653790200271,0,True,True,0.00018775548384901812,19,0.8077602910476548,True,0.0,0.0,0,0,False,False,640,0.0006397080000004607,0.0018038792000000905,0.002303566520000305,0.024146669000002063
rvt-phase6-qualification/v1,8,0,bounded_position,61004,0.0,True,(),0.04983835171587455,0.04983835171587455,0.0007326730429047815,0.00035571205598578334,0,True,True,0.00019776061605859577,19,0.8428099241502267,True,0.0,0.0,0,0,False,False,640,0.0006584165000003139,0.002307818400000138,0.0033137040199996658,0.030085455000006256
rvt-phase6-qualification/v1,8,0,bounded_position,61005,0.0,True,(),0.05145602455674454,0.05145602455674454,0.0005341389791455332,0.0003233098548137672,0,True,True,7.768125814180171e-05,19,0.8683235815478624,True,0.0,0.0,0,0,False,False,640,0.0006481459999996275,0.0017446774000002827,0.0021711378700006554,0.02841813000000304
rvt-phase6-qualification/v1,8,0,bounded_velocity,61001,0.0,True,(),5.2538481191342785e-08,0.07142035706415863,0.001265677045348773,0.0008344076972201281,0,True,True,0.00012881040931823939,19,0.8283218382287892,True,0.0,0.0,0,0,False,False,640,0.0006414165000001582,0.001962975000000044,0.0033352609900000204,0.03067612700000044
rvt-phase6-qualification/v1,8,0,bounded_velocity,61002,0.0,True,(),5.2538481191342785e-08,0.06411577937277606,0.001375526209808254,0.0008764919848655541,0,True,True,4.892346421688438e-05,19,0.814331698743742,True,0.0,0.0,0,0,False,False,640,0.000643791499999935,0.002203412199999777,0.003668558260000102,0.027122126000000968
rvt-phase6-qualification/v1,8,0,bounded_velocity,61003,0.0,True,(),5.2538481191342785e-08,0.07389561643730458,0.0015156051261855567,0.0008233007367182227,0,True,True,0.00014843097420787037,19,0.7727075165569347,True,0.0,0.0,0,0,False,False,640,0.0006360005000001223,0.0019884086500000287,0.0024483074900004988,0.024875296000002933
rvt-phase6-qualification/v1,8,0,bounded_velocity,61004,0.0,True,(),5.2538481191342785e-08,0.07410099089280664,0.001920777363272564,0.0012435961225177902,0,True,True,0.00019107780595015077,19,0.8173134555651225,True,0.0,0.0,0,0,False,False,640,0.0006484584999997267,0.001993645549999945,0.002873672010000104,0.026564543000000107
rvt-phase6-qualification/v1,8,0,bounded_velocity,61005,0.0,True,(),5.2538481191342785e-08,0.07409149870290534,0.0018106641243878117,0.0011918591303292502,0,True,True,8.377512628803555e-05,19,0.8581477231674878,True,0.0,0.0,0,0,False,False,640,0.0006422079999994779,0.0018625979499996336,0.0022643395100001673,0.026490628000003014
rvt-phase6-qualification/v1,8,0,combined_perturbation,61001,0.0,True,(),0.052054755033568406,0.07137265377575534,0.001667997154070053,0.001101159001995932,0,True,True,3.31991939096311e-05,19,0.8264364083580517,True,0.0,0.0,0,0,False,False,640,0.0006392919999997915,0.0020185034999997686,0.0025406812500001594,0.02473995900000414
rvt-phase6-qualification/v1,8,0,combined_perturbation,61002,0.0,True,(),0.045622919543844925,0.06901181103006872,0.001896129259293049,0.001038367807382852,0,True,True,0.00020105376754698715,19,0.7973674607658772,True,0.0,0.0,0,0,False,False,640,0.0006435210000006464,0.0022251597999995974,0.0052464017500000095,0.026587123000004098
rvt-phase6-qualification/v1,8,0,combined_perturbation,61003,0.0,True,(),0.051294069945460714,0.08878990684154783,0.0022062714099778846,0.001365797611725884,0,True,True,0.00031791867007623965,19,0.7394245807743959,True,0.0,0.0,0,0,False,False,640,0.0006425830000003074,0.0018281267499998142,0.0025342061299998353,0.026503545000000628
rvt-phase6-qualification/v1,8,0,combined_perturbation,61004,0.0,True,(),0.04983835171587455,0.0659775157080835,0.0013470827362270397,0.0008649308093669626,0,True,True,0.00020863874444172203,19,0.7750106753130914,True,0.0,0.0,0,0,False,False,640,0.0006433330000001902,0.0018493045000000032,0.002674989999999823,0.024913670000001886
rvt-phase6-qualification/v1,8,0,combined_perturbation,61005,0.0,True,(),0.05145602455674454,0.0828000124158783,0.0012865456630082824,0.0007891953809111161,0,True,True,0.00032362989721221666,19,0.8378375447021026,True,0.0,0.0,0,0,False,False,640,0.0006476669999999629,0.001988068749999837,0.002817666369999865,0.024663750000001095
rvt-phase6-qualification/v1,8,5,exact_topology,61001,0.0,True,(),2.66560074240242e-08,2.66560074240242e-08,2.66560074240242e-08,2.2302015902414167e-08,0,True,True,0.0,19,0.9,True,0.0,0.0,0,0,False,False,640,0.0006373335000002811,0.001857129800000079,0.0024213398700001602,0.02545562600000384
rvt-phase6-qualification/v1,8,5,exact_topology,61002,0.0,True,(),2.66560074240242e-08,2.66560074240242e-08,2.66560074240242e-08,2.2302015902414167e-08,0,True,True,0.0,19,0.9,True,0.0,0.0,0,0,False,False,640,0.0006274170000004631,0.001831935399999727,0.0025254741099998523,0.024753710000000595
rvt-phase6-qualification/v1,8,5,exact_topology,61003,0.0,True,(),2.66560074240242e-08,2.66560074240242e-08,2.66560074240242e-08,2.2302015902414167e-08,0,True,True,0.0,19,0.9,True,0.0,0.0,0,0,False,False,640,0.0006410619999996925,0.001983187499999239,0.0026779343799995473,0.02509158200000261
rvt-phase6-qualification/v1,8,5,exact_topology,61004,0.0,True,(),2.66560074240242e-08,2.66560074240242e-08,2.66560074240242e-08,2.2302015902414167e-08,0,True,True,0.0,19,0.9,True,0.0,0.0,0,0,False,False,640,0.000630979000000309,0.001929961849999895,0.0025377795100002577,0.02530837300000144
rvt-phase6-qualification/v1,8,5,exact_topology,61005,0.0,True,(),2.66560074240242e-08,2.66560074240242e-08,2.66560074240242e-08,2.2302015902414167e-08,0,True,True,0.0,19,0.9,True,0.0,0.0,0,0,False,False,640,0.0006279999999998509,0.0019119437500000548,0.002581171250000153,0.02522375499999807
rvt-phase6-qualification/v1,8,5,bounded_position,61001,0.0,True,(),0.05205472494536091,0.05205472494536091,0.0006556224492312963,0.0004234988017167696,0,True,True,3.337091461312532e-05,19,0.8313362351737961,True,0.0,0.0,0,0,False,False,640,0.0006398540000001063,0.002033725299999521,0.0025928211300001187,0.027025080000003143
rvt-phase6-qualification/v1,8,5,bounded_position,61002,0.0,True,(),0.04562291348803024,0.04562291348803024,0.0005380061729414324,0.00037857062873708567,0,True,True,9.575745530223875e-06,19,0.8278689142839414,True,0.0,0.0,0,0,False,False,640,0.0006406874999997925,0.0019438556499995925,0.002675720009999881,0.02361524899999523
rvt-phase6-qualification/v1,8,5,bounded_position,61003,0.0,True,(),0.05129406966217984,0.05129406966217984,0.00038784116537683147,0.00022381760205543552,0,True,True,0.0001294713480039196,19,0.8052020462576758,True,0.0,0.0,0,0,False,False,640,0.0006422915000001694,0.0019077205000003852,0.0025223756300001734,0.024475920000003093
rvt-phase6-qualification/v1,8,5,bounded_position,61004,0.0,True,(),0.049838325991051535,0.049838325991051535,0.000826248267761832,0.00044822609305461856,0,True,True,0.00028263819270332757,19,0.8540088335178854,True,0.0,0.0,0,0,False,False,640,0.0006479370000000984,0.0019415086500000893,0.002919690619999794,0.025932331000001696
rvt-phase6-qualification/v1,8,5,bounded_position,61005,0.0,True,(),0.05145600964717322,0.05145600964717322,0.0006468865704231955,0.0005083104183275993,0,True,True,0.0001944952552491066,19,0.8554544257164921,True,0.0,0.0,0,0,False,False,640,0.0006417499999997744,0.001988510750000171,0.0028069913699998237,0.03028212900000682
rvt-phase6-qualification/v1,8,5,bounded_velocity,61001,0.0,True,(),2.66560074240242e-08,0.0787800932325217,0.001623572559586805,0.000928769400442236,0,True,True,6.485870471743393e-05,19,0.8010983780923323,True,0.0,0.0,0,0,False,False,640,0.0006455625000003629,0.001924643399999892,0.002624467999999727,0.02386058200000285
rvt-phase6-qualification/v1,8,5,bounded_velocity,61002,0.0,True,(),2.66560074240242e-08,0.07036776278003704,0.001328307786280608,0.001001234781573181,0,True,True,1.6827280006732403e-05,19,0.7933847703236035,True,0.0,0.0,0,0,False,False,640,0.0006478119999999699,0.001940683300000188,0.002540721879999941,0.025782629000001833
rvt-phase6-qualification/v1,8,5,bounded_velocity,61003,0.0,True,(),2.66560074240242e-08,0.07645289628006233,0.0016482475076091377,0.0011927105721314028,0,True,True,0.0001563841239238999,19,0.7698895884723808,True,0.0,0.0,0,0,False,False,640,0.0006447499999997497,0.001959904800000521,0.002942102249999989,0.024495460999996332
rvt-phase6-qualification/v1,8,5,bounded_velocity,61004,0.0,True,(),2.66560074240242e-08,0.07229306428671163,0.00130321643080863,0.0008904912282182762,0,True,True,0.00021947540632582944,19,0.8290022210996515,True,0.0,0.0,0,0,False,False,640,0.0006386044999997509,0.0019377041499992749,0.002899861390000442,0.024787959000000193
rvt-phase6-qualification/v1,8,5,bounded_velocity,61005,0.0,True,(),2.66560074240242e-08,0.07355400526956501,0.0009966493860862258,0.0006933231717231863,0,True,True,9.547024630024096e-05,19,0.8399408615804709,True,0.0,0.0,0,0,False,False,640,0.000647750000000169,0.0019892315500002144,0.0029512173699999455,0.024710458000001267
rvt-phase6-qualification/v1,8,5,combined_perturbation,61001,0.0,True,(),0.05205472494536091,0.07579134189846119,0.0012452093523848669,0.0010244914368198307,0,True,True,0.00012253987931095894,19,0.8073975292063225,True,0.0,0.0,0,0,False,False,640,0.0006387709999997604,0.0019406315500004375,0.00265257860999995,0.024426749999998165
rvt-phase6-qualification/v1,8,5,combined_perturbation,61002,0.0,True,(),0.04562291348803024,0.07337352497262263,0.0012068163774822042,0.000830716660329329,0,True,True,0.0002602417098715583,19,0.7864670202301708,True,0.0,0.0,0,0,False,False,640,0.0006358539999999913,0.0019169916999997923,0.002779842999999716,0.027099498000001
rvt-phase6-qualification/v1,8,5,combined_perturbation,61003,0.0,True,(),0.05129406966217984,0.09412392504954621,0.001325817958867574,0.0009011738365618641,0,True,True,0.0003004311074737489,19,0.8052020462576758,True,0.0,0.0,0,0,False,False,640,0.0006422085000004074,0.002038975599999925,0.002777637370000559,0.02474008300000108
rvt-phase6-qualification/v1,8,5,combined_perturbation,61004,0.0,True,(),0.049838325991051535,0.07239812559060048,0.002037755312006328,0.00130542244618994,0,True,True,0.00027993406653902876,19,0.7931610262576368,True,0.0,0.0,0,0,False,False,640,0.0006401455000002443,0.0018209711500002162,0.0024314000000006343,0.022396163999998997
rvt-phase6-qualification/v1,8,5,combined_perturbation,61005,0.0,True,(),0.05145600964717322,0.08980917431183784,0.001762893310973672,0.0011566046383300421,0,True,True,0.00026036051853183754,19,0.7880523768227573,True,0.0,0.0,0,0,False,False,640,0.0006414170000001995,0.0019203044999997587,0.002461743119999893,0.02643904499999916
rvt-phase6-qualification/v1,8,2,exact_topology,61001,0.0,True,(),9.536743172944284e-08,9.536743172944284e-08,9.536743172944284e-08,4.9511336495947e-08,0,True,True,5.551115123125783e-17,19,0.8999999999999999,True,0.0,0.0,0,0,False,False,640,0.0005219794999997696,0.0016841958499997033,0.0027603904899999787,0.01977091800000519
rvt-phase6-qualification/v1,8,2,exact_topology,61002,0.0,True,(),9.536743172944284e-08,9.536743172944284e-08,9.536743172944284e-08,4.9511336495947e-08,0,True,True,5.551115123125783e-17,19,0.8999999999999999,True,0.0,0.0,0,0,False,False,640,0.000517542000000315,0.0015264416999998252,0.00213955862000006,0.019434620999998486
rvt-phase6-qualification/v1,8,2,exact_topology,61003,0.0,True,(),9.536743172944284e-08,9.536743172944284e-08,9.536743172944284e-08,4.9511336495947e-08,0,True,True,5.551115123125783e-17,19,0.8999999999999999,True,0.0,0.0,0,0,False,False,640,0.0005318545000001507,0.0016227562500004563,0.00204438125000035,0.01971438299999928
rvt-phase6-qualification/v1,8,2,exact_topology,61004,0.0,True,(),9.536743172944284e-08,9.536743172944284e-08,9.536743172944284e-08,4.9511336495947e-08,0,True,True,5.551115123125783e-17,19,0.8999999999999999,True,0.0,0.0,0,0,False,False,640,0.0005234789999999379,0.0016563329999997212,0.002351324739999585,0.018107587999996788
rvt-phase6-qualification/v1,8,2,exact_topology,61005,0.0,True,(),9.536743172944284e-08,9.536743172944284e-08,9.536743172944284e-08,4.9511336495947e-08,0,True,True,5.551115123125783e-17,19,0.8999999999999999,True,0.0,0.0,0,0,False,False,640,0.00052587500000012,0.001465454800000021,0.0019698462400001234,0.01897516599999971
rvt-phase6-qualification/v1,8,2,bounded_position,61001,0.0,True,(),0.05205469464781709,0.05205469464781709,0.0008559679030707721,0.0004095845439256115,0,True,True,3.1036342709372104e-05,19,0.8569787960024784,True,0.0,0.0,0,0,False,False,640,0.000550395999999953,0.001805919049999849,0.0025446161199993967,0.021449287999999456
rvt-phase6-qualification/v1,8,2,bounded_position,61002,0.0,True,(),0.045622903353753755,0.045622903353753755,0.0005338632531360978,0.0004037247666839735,0,True,True,2.0562862991241064e-05,19,0.8559461004690699,True,0.0,0.0,0,0,False,False,640,0.0005572289999995483,0.0016632274000000441,0.0023112156300000653,0.01934533499999702
rvt-phase6-qualification/v1,8,2,bounded_position,61003,0.0,True,(),0.051294074469491066,0.051294074469491066,0.0011493705757959164,0.0005905776779765876,0,True,True,0.00013965739089194607,19,0.842785808399335,True,0.0,0.0,0,0,False,False,640,0.0005449379999999948,0.001398112500000037,0.0019364243700003868,0.018991702999998417
rvt-phase6-qualification/v1,8,2,bounded_position,61004,0.0,True,(),0.049838363682818104,0.049838363682818104,0.000538678967146412,0.0004166961854874868,0,True,True,0.00021770648266945488,19,0.8374560027164866,True,0.0,0.0,0,0,False,False,640,0.0005495830000001867,0.0016874729000002189,0.0025756852699999394,0.019892588000002043
rvt-phase6-qualification/v1,8,2,bounded_position,61005,0.0,True,(),0.05145604788984131,0.05145604788984131,0.0004097661336312542,0.0002721202417565279,0,True,True,0.00012750418457643223,19,0.8463771109857933,True,0.0,0.0,0,0,False,False,640,0.0005528749999998972,0.00164646279999947,0.0022547800099997697,0.01977070600000186
rvt-phase6-qualification/v1,8,2,bounded_velocity,61001,0.0,True,(),9.536743172944284e-08,0.0728691692779225,0.0018937486106806688,0.00105430958600929,0,True,True,0.00020447088667223796,19,0.8452882024850786,True,0.0,0.0,0,0,False,False,640,0.00055362499999978,0.0016173770999995615,0.002200262989999944,0.022284582999997582
rvt-phase6-qualification/v1,8,2,bounded_velocity,61002,0.0,True,(),9.536743172944284e-08,0.06672258453676119,0.0014518319101540923,0.0008634033653538584,0,True,True,0.00017624236937091895,19,0.8383544078890607,True,0.0,0.0,0,0,False,False,640,0.0005525835000002033,0.001677855649999671,0.0027396269999998522,0.019402791999997504
rvt-phase6-qualification/v1,8,2,bounded_velocity,61003,0.0,True,(),9.536743172944284e-08,0.07873922408168324,0.0008463378252966638,0.0005895829236787506,0,True,True,0.0002701020188961851,19,0.8186787854988873,True,0.0,0.0,0,0,False,False,640,0.0005578959999996691,0.001726164900000215,0.002404295129999694,0.020632164000006448
rvt-phase6-qualification/v1,8,2,bounded_velocity,61004,0.0,True,(),9.536743172944284e-08,0.0761911056535023,0.0014117393767413236,0.0009106628108120374,0,True,True,0.00038502784170625913,19,0.8145718742079571,True,0.0,0.0,0,0,False,False,640,0.0005526250000000843,0.0015535125000006194,0.00238572000999966,0.019250040000003743
rvt-phase6-qualification/v1,8,2,bounded_velocity,61005,0.0,True,(),9.536743172944284e-08,0.0774249523289366,0.0017325594678603909,0.0011411214304456222,0,True,True,0.00013624937724820567,19,0.8292178291675535,True,0.0,0.0,0,0,False,False,640,0.0005554789999995258,0.0018699128499997547,0.002591710879999953,0.021690542000001756
rvt-phase6-qualification/v1,8,2,combined_perturbation,61001,0.0,True,(),0.05205469464781709,0.07361684804059367,0.001782228887315305,0.0009788383072341783,0,True,True,0.00020893795405933256,19,0.7964588281224627,True,0.0,0.0,0,0,False,False,640,0.0005510415000000712,0.0016966354499996501,0.00231761776000032,0.020156791000000673
rvt-phase6-qualification/v1,8,2,combined_perturbation,61002,0.0,True,(),0.045622903353753755,0.06653506530608967,0.001121723562171281,0.0008444225685295587,0,True,True,0.00020952883616073395,19,0.8137125649220911,True,0.0,0.0,0,0,False,False,640,0.0005538955000004009,0.001679795849999753,0.0022985764999996416,0.02297037100000132
rvt-phase6-qualification/v1,8,2,combined_perturbation,61003,0.0,True,(),0.051294074469491066,0.09132036020544114,0.002309934401146217,0.0014186718264906821,0,True,True,0.0003978416493825507,19,0.7776776867337368,True,0.0,0.0,0,0,False,False,640,0.0005472709999998493,0.0016565752999996952,0.0027912845100001183,0.02124791600000453
rvt-phase6-qualification/v1,8,2,combined_perturbation,61004,0.0,True,(),0.049838363682818104,0.06745397756043806,0.0021650754098932854,0.0012109387910133542,0,True,True,0.0003631066161334686,19,0.7708879197519066,True,0.0,0.0,0,0,False,False,640,0.0005633330000001102,0.0017182708500000476,0.002840780359999917,0.021335289000003144
rvt-phase6-qualification/v1,8,2,combined_perturbation,61005,0.0,True,(),0.05145604788984131,0.07484140373975369,0.0012300116011406857,0.0008254033885570488,0,True,True,0.0004053402783458657,19,0.8028536173457146,True,0.0,0.0,0,0,False,False,640,0.0005478335000002055,0.001537722299999488,0.0022394637499998904,0.01849225000000221
rvt-phase6-qualification/v1,12,0,exact_topology,61001,0.0,True,(),3.371747876161245e-08,3.371747876161245e-08,3.371747876161245e-08,2.7096632490761605e-08,0,True,True,1.850371707708594e-17,19,0.9,True,0.0,0.0,0,0,False,False,960,0.0009735839999991391,0.0027809166499999983,0.0036244162500006596,0.047939954999996814
rvt-phase6-qualification/v1,12,0,exact_topology,61002,0.0,True,(),3.371747876161245e-08,3.371747876161245e-08,3.371747876161245e-08,2.7096632490761605e-08,0,True,True,1.850371707708594e-17,19,0.9,True,0.0,0.0,0,0,False,False,960,0.0009654169999997464,0.002931748249999354,0.00353010743999893,0.08254229599999974
rvt-phase6-qualification/v1,12,0,exact_topology,61003,0.0,True,(),3.371747876161245e-08,3.371747876161245e-08,3.371747876161245e-08,2.7096632490761605e-08,0,True,True,1.850371707708594e-17,19,0.9,True,0.0,0.0,0,0,False,False,960,0.000968000000000302,0.002909385450000989,0.0035639367500002,0.07096133100000035
rvt-phase6-qualification/v1,12,0,exact_topology,61004,0.0,True,(),3.371747876161245e-08,3.371747876161245e-08,3.371747876161245e-08,2.7096632490761605e-08,0,True,True,1.850371707708594e-17,19,0.9,True,0.0,0.0,0,0,False,False,960,0.000980853999999809,0.0029510978999998105,0.005398279659999593,0.07352282900000695
rvt-phase6-qualification/v1,12,0,exact_topology,61005,0.0,True,(),3.371747876161245e-08,3.371747876161245e-08,3.371747876161245e-08,2.7096632490761605e-08,0,True,True,1.850371707708594e-17,19,0.9,True,0.0,0.0,0,0,False,False,960,0.0009762289999999396,0.002876497600000237,0.003938497499999716,0.05508742400000166
rvt-phase6-qualification/v1,12,0,bounded_position,61001,0.0,True,(),0.0539575834865659,0.0539575834865659,0.0006048413691184572,0.00036030985343118137,0,True,True,3.942713260154899e-05,19,0.8313362351737961,True,0.0,0.0,0,0,False,False,960,0.0009865205000001431,0.003025400599999894,0.003963209029999835,0.055421501999998846
rvt-phase6-qualification/v1,12,0,bounded_position,61002,0.0,True,(),0.046785826577247856,0.046785826577247856,0.000794331400052563,0.00043261662158961895,0,True,True,7.336384194053675e-05,19,0.8278689142839415,True,0.0,0.0,0,0,False,False,960,0.0009871040000000164,0.0029378541999999447,0.0036117116900004826,0.06184333199999781
rvt-phase6-qualification/v1,12,0,bounded_position,61003,0.0,True,(),0.05940485376078366,0.05940485376078366,0.0007952792689141578,0.0004731959944955335,0,True,True,0.00010812835705801383,19,0.8285292581102903,True,0.0,0.0,0,0,False,False,960,0.0009849790000000525,0.0028684815500013444,0.00371585353000002,0.08880420399999256
rvt-phase6-qualification/v1,12,0,bounded_position,61004,0.0,True,(),0.05379804632563155,0.05379804632563155,0.0006755627083983026,0.0004058879548561625,0,True,True,0.0001529189374606888,19,0.8259425120815785,True,0.0,0.0,0,0,False,False,960,0.0009870209999998103,0.0029456027000005487,0.003919886530000373,0.08005829500000328
rvt-phase6-qualification/v1,12,0,bounded_position,61005,0.0,True,(),0.057966459156815635,0.057966459156815635,0.0006740581098772024,0.0004140447383694215,0,True,True,7.777542173773971e-05,19,0.8462502571669737,True,0.0,0.0,0,0,False,False,960,0.0009817080000003031,0.0029435603999995227,0.0037496763100000052,0.05165571199999963
rvt-phase6-qualification/v1,12,0,bounded_velocity,61001,0.0,True,(),3.371747876161245e-08,0.07487725414590535,0.0013936434942401503,0.0008111869461236071,0,True,True,6.898567336023707e-05,19,0.8110323113459804,True,0.0,0.0,0,0,False,False,960,0.0009940210000003447,0.0029747229499994085,0.0038743032800009477,0.07395474900000387
rvt-phase6-qualification/v1,12,0,bounded_velocity,61002,0.0,True,(),3.371747876161245e-08,0.06608281073428807,0.0014030418823009366,0.0008187875377239215,0,True,True,7.796509972298873e-05,19,0.8047005509536237,True,0.0,0.0,0,0,False,False,960,0.00098222899999989,0.0029592771000011447,0.0038360894399993113,0.048351128999993165
rvt-phase6-qualification/v1,12,0,bounded_velocity,61003,0.0,True,(),3.371747876161245e-08,0.08700636394220673,0.002224708261808895,0.0012418738181340903,0,True,True,8.126881615794092e-05,19,0.7988939555514551,True,0.0,0.0,0,0,False,False,960,0.0009902079999992708,0.0029206868499998414,0.0036493210300002203,0.051446875000007
rvt-phase6-qualification/v1,12,0,bounded_velocity,61004,0.0,True,(),3.371747876161245e-08,0.07834122731729588,0.001684401582876375,0.0009070351364442177,0,True,True,0.00014682417959068186,19,0.79114295401903,True,0.0,0.0,0,0,False,False,960,0.000983291499999872,0.0028528431499998948,0.004667862159999487,0.05152787800001235
rvt-phase6-qualification/v1,12,0,bounded_velocity,61005,0.0,True,(),3.371747876161245e-08,0.0823547988593072,0.001801274618208969,0.001046043346460212,0,True,True,6.42224006264896e-05,19,0.8299173283071767,True,0.0,0.0,0,0,False,False,960,0.0009813124999995537,0.0028898964500001503,0.004026678190000083,0.05923483099999238
rvt-phase6-qualification/v1,12,0,combined_perturbation,61001,0.0,True,(),0.0539575834865659,0.10490650448738603,0.0014615469778165534,0.0010271792110692966,0,True,True,0.0001774179502139417,19,0.771536398869003,True,0.0,0.0,0,0,False,False,960,0.0009952289999990427,0.002919694100000658,0.0036233372800007044,0.05379149999999733
rvt-phase6-qualification/v1,12,0,combined_perturbation,61002,0.0,True,(),0.046785826577247856,0.09934659477078295,0.002008172090309,0.001124534637646671,0,True,True,0.0003169339125134502,19,0.7573000447775521,True,0.0,0.0,0,0,False,False,960,0.0009932705000004205,0.0027422100999993757,0.0036843318100001445,0.06171037400000223
rvt-phase6-qualification/v1,12,0,combined_perturbation,61003,0.0,True,(),0.05940485376078366,0.09643587221818808,0.0016126211618480851,0.001039835120798567,0,True,True,3.37246740619415e-05,19,0.8083224085820518,True,0.0,0.0,0,0,False,False,960,0.000982978999999773,0.002979521149998642,0.003826679839999561,0.04919520899999874
rvt-phase6-qualification/v1,12,0,combined_perturbation,61004,0.0,True,(),0.05379804632563155,0.0937007199855458,0.0011522458248216518,0.0007495240698592458,0,True,True,0.00024115610257455,19,0.7512925412710164,True,0.0,0.0,0,0,False,False,960,0.0009863750000000948,0.003065106549999985,0.004347888749999952,0.05809274300000489
rvt-phase6-qualification/v1,12,0,combined_perturbation,61005,0.0,True,(),0.057966459156815635,0.09222968478489851,0.0026288073751792795,0.001458159775371983,0,True,True,0.0002088526524905575,19,0.7763196135365369,True,0.0,0.0,0,0,False,False,960,0.0009850414999998947,0.0030325756500011454,0.0036203995600006408,0.05815554599999473
rvt-phase6-qualification/v1,12,5,exact_topology,61001,0.0,True,(),2.66560074240242e-08,2.66560074240242e-08,2.66560074240242e-08,1.9466795439412436e-08,0,True,True,0.0,19,0.8999999999999999,True,0.0,0.0,0,0,False,False,960,0.0009411250000006532,0.002651335399999066,0.0033002097500003736,0.05006596000000485
rvt-phase6-qualification/v1,12,5,exact_topology,61002,0.0,True,(),2.66560074240242e-08,2.66560074240242e-08,2.66560074240242e-08,1.9466795439412436e-08,0,True,True,0.0,19,0.8999999999999999,True,0.0,0.0,0,0,False,False,960,0.0009444379999994368,0.0025063607499994584,0.003374437340000413,0.05092912299999419
rvt-phase6-qualification/v1,12,5,exact_topology,61003,0.0,True,(),2.66560074240242e-08,2.66560074240242e-08,2.66560074240242e-08,1.9466795439412436e-08,0,True,True,0.0,19,0.8999999999999999,True,0.0,0.0,0,0,False,False,960,0.0009485415000005659,0.0026538396000002963,0.0035722859999998305,0.05183795799999302
rvt-phase6-qualification/v1,12,5,exact_topology,61004,0.0,True,(),2.66560074240242e-08,2.66560074240242e-08,2.66560074240242e-08,1.9466795439412436e-08,0,True,True,0.0,19,0.8999999999999999,True,0.0,0.0,0,0,False,False,960,0.0009336669999999714,0.0026023208499999827,0.0034713124999997723,0.04653133199998827
rvt-phase6-qualification/v1,12,5,exact_topology,61005,0.0,True,(),2.66560074240242e-08,2.66560074240242e-08,2.66560074240242e-08,1.9466795439412436e-08,0,True,True,0.0,19,0.8999999999999999,True,0.0,0.0,0,0,False,False,960,0.0008775624999994847,0.0026824044499992533,0.003883831749999017,0.056426335999995914
rvt-phase6-qualification/v1,12,5,bounded_position,61001,0.0,True,(),0.05395754050878615,0.05395754050878615,0.0007057482255276568,0.0004320029474660446,0,True,True,4.917319345852388e-05,19,0.8313362351737961,True,0.0,0.0,0,0,False,False,960,0.0009737914999998765,0.00279125209999913,0.0037177224399990447,0.047737877000001205
rvt-phase6-qualification/v1,12,5,bounded_position,61002,0.0,True,(),0.04678582535154938,0.04678582535154938,0.0005173115930106686,0.0003701255855656404,0,True,True,5.4256612740609374e-05,19,0.8278689142839414,True,0.0,0.0,0,0,False,False,960,0.0009703955000004427,0.00277616185000058,0.0036540747200004375,0.05733221700001323
rvt-phase6-qualification/v1,12,5,bounded_position,61003,0.0,True,(),0.05940488457923189,0.05940488457923189,0.00045039678081421704,0.00030377974503160716,0,True,True,9.942296046416736e-05,19,0.8052020462576758,True,0.0,0.0,0,0,False,False,960,0.0009743329999993833,0.002745944099998976,0.0035926597799993934,0.047523168999999754
rvt-phase6-qualification/v1,12,5,bounded_position,61004,0.0,True,(),0.05379808169090014,0.05379808169090014,0.0009461022340701609,0.00040015562749577254,0,True,True,0.00016916974878071958,19,0.8540088335178854,True,0.0,0.0,0,0,False,False,960,0.0009787710000015437,0.002734608299998964,0.003595496750000106,0.05156062700000419
rvt-phase6-qualification/v1,12,5,bounded_position,61005,0.0,True,(),0.057966422270614444,0.057966422270614444,0.0008690286282283794,0.0005361656257293141,0,True,True,8.439218964025504e-05,19,0.8253582095777489,True,0.0,0.0,0,0,False,False,960,0.0009731250000006852,0.002713615200000241,0.0038522444399998585,0.051460417000006586
rvt-phase6-qualification/v1,12,5,bounded_velocity,61001,0.0,True,(),2.66560074240242e-08,0.08110262293730788,0.0013860268287175278,0.0007252070543800742,0,True,True,3.792732912398302e-05,19,0.8010985548380137,True,0.0,0.0,0,0,False,False,960,0.0009179164999997269,0.002620194099998761,0.0034348437500010547,0.05452083200000324
rvt-phase6-qualification/v1,12,5,bounded_velocity,61002,0.0,True,(),2.66560074240242e-08,0.07241011343387478,0.0017023468532950136,0.0009474390300466656,0,True,True,9.449125796235563e-05,19,0.7933845653188581,True,0.0,0.0,0,0,False,False,960,0.0009773750000006132,0.0027997833500014832,0.003930575970000144,0.052165165999994656
rvt-phase6-qualification/v1,12,5,bounded_velocity,61003,0.0,True,(),2.66560074240242e-08,0.08744013738839862,0.0020323299654169996,0.0010805004091462476,0,True,True,0.000159871813443184,19,0.7680841380676058,True,0.0,0.0,0,0,False,False,960,0.0009772710000000018,0.0027896645500001148,0.003992644280000625,0.052661336000007
rvt-phase6-qualification/v1,12,5,bounded_velocity,61004,0.0,True,(),2.66560074240242e-08,0.07976042790616168,0.0016880438879861323,0.0009354390803977652,0,True,True,0.0002400055984147111,19,0.8266183320445448,True,0.0,0.0,0,0,False,False,960,0.0009076874999989215,0.0025369808999991857,0.0033062907499999375,0.053543211000004476
rvt-phase6-qualification/v1,12,5,bounded_velocity,61005,0.0,True,(),2.66560074240242e-08,0.08438399907036434,0.0014763410666889896,0.0008454688235615031,0,True,True,3.6409803794025266e-05,19,0.797241280914536,True,0.0,0.0,0,0,False,False,960,0.0009704789999993579,0.0027179434499996265,0.0034731288100003244,0.0471638360000064
rvt-phase6-qualification/v1,12,5,combined_perturbation,61001,0.0,True,(),0.05395754050878615,0.11021771420605954,0.0016229972688350481,0.0011606864526685174,0,True,True,0.0002992854863796983,19,0.7908964064863084,True,0.0,0.0,0,0,False,False,960,0.0009779585000000424,0.0027624604000005878,0.0035926370299999614,0.055774083000006414
rvt-phase6-qualification/v1,12,5,combined_perturbation,61002,0.0,True,(),0.04678582535154938,0.10857223661362146,0.001793052064146826,0.0009677791642435003,0,True,True,0.0003083099575226774,19,0.7457986878096637,True,0.0,0.0,0,0,False,False,960,0.0009822499999998513,0.0028297931000001763,0.0041357869699999465,0.05251574899998701
rvt-phase6-qualification/v1,12,5,combined_perturbation,61003,0.0,True,(),0.05940488457923189,0.1039217572521097,0.0015076348829802819,0.0008608264635689189,0,True,True,0.00014049613006599337,19,0.8052020462576758,True,0.0,0.0,0,0,False,False,960,0.0009081665000003625,0.002685416350000302,0.003843474190000488,0.0541406220000038
rvt-phase6-qualification/v1,12,5,combined_perturbation,61004,0.0,True,(),0.05379808169090014,0.09854848176705862,0.0019283791541932778,0.001090208013754592,0,True,True,0.0003443483921439924,19,0.7955900153889244,True,0.0,0.0,0,0,False,False,960,0.0009719794999991649,0.0027514354500007164,0.004005939560000386,0.05302191800000777
rvt-phase6-qualification/v1,12,5,combined_perturbation,61005,0.0,True,(),0.057966422270614444,0.09572251267643377,0.0021106922577028243,0.001051641932532869,0,True,True,0.00014077748070585094,19,0.7758176313391126,True,0.0,0.0,0,0,False,False,960,0.0009544999999997472,0.002755645500000003,0.003963103750000147,0.055219921999999144
rvt-phase6-qualification/v1,12,2,exact_topology,61001,0.0,True,(),1.9073486345888568e-07,1.9073486345888568e-07,1.9073486345888568e-07,1.1730662530580495e-07,0,True,True,0.0,19,0.8999999999999999,True,0.0,0.0,0,0,False,False,960,0.0006364584999989376,0.0017711871499997754,0.0025828310300004447,0.034151506999998915
rvt-phase6-qualification/v1,12,2,exact_topology,61002,0.0,True,(),1.9073486345888568e-07,1.9073486345888568e-07,1.9073486345888568e-07,1.1730662530580495e-07,0,True,True,0.0,19,0.8999999999999999,True,0.0,0.0,0,0,False,False,960,0.0006462704999998792,0.0020016910499999875,0.0030356339699996386,0.042033998999990274
rvt-phase6-qualification/v1,12,2,exact_topology,61003,0.0,True,(),1.9073486345888568e-07,1.9073486345888568e-07,1.9073486345888568e-07,1.1730662530580495e-07,0,True,True,0.0,19,0.8999999999999999,True,0.0,0.0,0,0,False,False,960,0.0006410829999996537,0.0018936222499999818,0.002889338750000474,0.035270295000007224
rvt-phase6-qualification/v1,12,2,exact_topology,61004,0.0,True,(),1.9073486345888568e-07,1.9073486345888568e-07,1.9073486345888568e-07,1.1730662530580495e-07,0,True,True,0.0,19,0.8999999999999999,True,0.0,0.0,0,0,False,False,960,0.0006506664999994527,0.0018611128500001682,0.002635875779999956,0.040774415000008446
rvt-phase6-qualification/v1,12,2,exact_topology,61005,0.0,True,(),1.9073486345888568e-07,1.9073486345888568e-07,1.9073486345888568e-07,1.1730662530580495e-07,0,True,True,0.0,19,0.8999999999999999,True,0.0,0.0,0,0,False,False,960,0.0006444584999991676,0.0019175104499992374,0.003152175970000302,0.03611637600001316
rvt-phase6-qualification/v1,12,2,bounded_position,61001,0.0,True,(),0.053957658224963186,0.053957658224963186,0.0008185601519186967,0.0003359209770904453,0,True,True,6.000308181046738e-05,19,0.8569787960024784,True,0.0,0.0,0,0,False,False,960,0.0006868544999996118,0.0020460339499999585,0.003106176310000382,0.039711299000011024
rvt-phase6-qualification/v1,12,2,bounded_position,61002,0.0,True,(),0.04678596395998401,0.04678596395998401,0.0005438907176206294,0.00036756946045528966,0,True,True,5.840643090368057e-05,19,0.8331732351909293,True,0.0,0.0,0,0,False,False,960,0.0006918955000001503,0.00200179200000008,0.0031081003400009843,0.036555003999994895
rvt-phase6-qualification/v1,12,2,bounded_position,61003,0.0,True,(),0.05940494201659984,0.05940494201659984,0.0010799201700623323,0.000563250026323882,0,True,True,9.085884236949896e-05,19,0.842785808399335,True,0.0,0.0,0,0,False,False,960,0.0006909374999999329,0.002011750599999651,0.0028025582500000455,0.038767669000003835
rvt-phase6-qualification/v1,12,2,bounded_position,61004,0.0,True,(),0.053798152507277014,0.053798152507277014,0.0006383587107652863,0.00042189464144047254,0,True,True,0.00015141110132685365,19,0.8374560027164862,True,0.0,0.0,0,0,False,False,960,0.0006830410000002729,0.0019082284999999636,0.002644685809999618,0.0377068340000033
rvt-phase6-qualification/v1,12,2,bounded_position,61005,0.0,True,(),0.05796645062455468,0.05796645062455468,0.001021212129367928,0.000486042311313629,0,True,True,9.609109374040194e-05,19,0.8237580748851717,True,0.0,0.0,0,0,False,False,960,0.0006843960000004756,0.0019705163499991406,0.003034986469999938,0.039765168000002404
rvt-phase6-qualification/v1,12,2,bounded_velocity,61001,0.0,True,(),1.9073486345888568e-07,0.07532781529322415,0.002062191396999902,0.0010872221597420981,0,True,True,2.8733516983180364e-05,19,0.8453120815239822,True,0.0,0.0,0,0,False,False,960,0.0006894165000002062,0.002113114249999981,0.004470566190000012,0.03831458500000373
rvt-phase6-qualification/v1,12,2,bounded_velocity,61002,0.0,True,(),1.9073486345888568e-07,0.06928155730904563,0.0016185834408050791,0.0009688435818225595,0,True,True,7.125436623032702e-05,19,0.8149218796414744,True,0.0,0.0,0,0,False,False,960,0.0006891044999992602,0.002009666999999382,0.0029087916899995705,0.03490833700000273
rvt-phase6-qualification/v1,12,2,bounded_velocity,61003,0.0,True,(),1.9073486345888568e-07,0.0904044436766885,0.0016986187970496884,0.0008299477839621596,0,True,True,0.00015152688006940532,19,0.8208186527694227,True,0.0,0.0,0,0,False,False,960,0.000687770500000795,0.0019637066000010245,0.0025808697500006683,0.03668670799999951
rvt-phase6-qualification/v1,12,2,bounded_velocity,61004,0.0,True,(),1.9073486345888568e-07,0.08110072324634528,0.001728219158746734,0.0009224671479103783,0,True,True,0.0002622949130643209,19,0.814571874207002,True,0.0,0.0,0,0,False,False,960,0.0006843959999986993,0.001912993750001134,0.002573923000000542,0.03682378599999758
rvt-phase6-qualification/v1,12,2,bounded_velocity,61005,0.0,True,(),1.9073486345888568e-07,0.0814408573409804,0.0015370412773672818,0.0009587551844683589,0,True,True,7.438679818184901e-05,19,0.7969041515055509,True,0.0,0.0,0,0,False,False,960,0.0006898545000000311,0.0019085603999993593,0.0025990852200002646,0.03637054300000386
rvt-phase6-qualification/v1,12,2,combined_perturbation,61001,0.0,True,(),0.053957658224963186,0.10786162223840151,0.001776525503533377,0.0011403395136588533,0,True,True,0.00030125750306617214,19,0.8369977678454613,True,0.0,0.0,0,0,False,False,960,0.0006946869999993055,0.0019886520999998322,0.0032178948400001005,0.040787160000007816
rvt-phase6-qualification/v1,12,2,combined_perturbation,61002,0.0,True,(),0.04678596395998401,0.10045342551359156,0.0016496268776208768,0.0008223438197501084,0,True,True,0.00018916496689565484,19,0.8222855517496781,True,0.0,0.0,0,0,False,False,960,0.0006932499999994235,0.0020608871500004786,0.0025222183099988973,0.040919379000001754
rvt-phase6-qualification/v1,12,2,combined_perturbation,61003,0.0,True,(),0.05940494201659984,0.09012949610179662,0.002089449180232486,0.0013446096526085252,0,True,True,7.542280604087208e-05,19,0.7939491114594045,True,0.0,0.0,0,0,False,False,960,0.0006912290000000709,0.0020681444000003593,0.0029529031900003095,0.03445020800000265
rvt-phase6-qualification/v1,12,2,combined_perturbation,61004,0.0,True,(),0.053798152507277014,0.09618487224349127,0.0017576997028239509,0.0008959014628030636,0,True,True,0.0003487114567400632,19,0.7766549204343638,True,0.0,0.0,0,0,False,False,960,0.0006922500000001719,0.001987529149999733,0.002769152000000631,0.03951591999999238
rvt-phase6-qualification/v1,12,2,combined_perturbation,61005,0.0,True,(),0.05796645062455468,0.0961688619440074,0.0013748688481052017,0.0009872780505316816,0,True,True,0.00014316366141780719,19,0.8196682474334667,True,0.0,0.0,0,0,False,False,960,0.0006975409999991911,0.0023572565500004747,0.005355730809999758,0.04285033199999155
rvt-phase6-qualification/v1,16,0,exact_topology,61001,0.0,True,(),3.371747868310783e-08,3.371747868310783e-08,3.371747868310783e-08,2.66560074240242e-08,0,True,True,2.7755575615628914e-17,19,0.9,True,0.0,0.0,0,0,False,False,1280,0.0013176664999994259,0.003865962849999782,0.004589449570000251,0.08439167300000605
rvt-phase6-qualification/v1,16,0,exact_topology,61002,0.0,True,(),3.371747868310783e-08,3.371747868310783e-08,3.371747868310783e-08,2.66560074240242e-08,0,True,True,2.7755575615628914e-17,19,0.9,True,0.0,0.0,0,0,False,False,1280,0.0013279585000001148,0.003594221449999768,0.004445563819999044,0.09298070500000222
rvt-phase6-qualification/v1,16,0,exact_topology,61003,0.0,True,(),3.371747868310783e-08,3.371747868310783e-08,3.371747868310783e-08,2.66560074240242e-08,0,True,True,2.7755575615628914e-17,19,0.9,True,0.0,0.0,0,0,False,False,1280,0.0013700210000004986,0.003923835099999806,0.004648725179999254,0.09406728500000838
rvt-phase6-qualification/v1,16,0,exact_topology,61004,0.0,True,(),3.371747868310783e-08,3.371747868310783e-08,3.371747868310783e-08,2.66560074240242e-08,0,True,True,2.7755575615628914e-17,19,0.9,True,0.0,0.0,0,0,False,False,1280,0.0013284999999996217,0.0036798494000000125,0.004456327470000493,0.08796392300000022
rvt-phase6-qualification/v1,16,0,exact_topology,61005,0.0,True,(),3.371747868310783e-08,3.371747868310783e-08,3.371747868310783e-08,2.66560074240242e-08,0,True,True,2.7755575615628914e-17,19,0.9,True,0.0,0.0,0,0,False,False,1280,0.0013255000000000905,0.003766766350001127,0.0048790093899995675,0.11053717199999724
rvt-phase6-qualification/v1,16,0,bounded_position,61001,0.0,True,(),0.05373270679855017,0.05373270679855017,0.0006746402174167648,0.0003685583566621504,0,True,True,6.815555801423588e-05,19,0.8313362351737961,True,0.0,0.0,0,0,False,False,1280,0.0013888749999999561,0.0038318728999998442,0.0044990476800012055,0.09463387100000453
rvt-phase6-qualification/v1,16,0,bounded_position,61002,0.0,True,(),0.05359626694917154,0.05359626694917154,0.0007287601241261672,0.00043093134366922314,0,True,True,3.505144849394726e-05,19,0.8171014151612774,True,0.0,0.0,0,0,False,False,1280,0.0013500834999993216,0.003782782700000897,0.004718615570000325,0.09609333599999381
rvt-phase6-qualification/v1,16,0,bounded_position,61003,0.0,True,(),0.057886749488269544,0.057886749488269544,0.0011147642581237369,0.0005087322600536718,0,True,True,2.092915451500465e-05,19,0.8285292581102903,True,0.0,0.0,0,0,False,False,1280,0.001356624999998779,0.003656604800000096,0.004401071820000447,0.09425550000000804
rvt-phase6-qualification/v1,16,0,bounded_position,61004,0.0,True,(),0.05439578543191051,0.05439578543191051,0.0009960759620645534,0.0004292789962760644,0,True,True,0.00012836238970845244,19,0.8259425120815785,True,0.0,0.0,0,0,False,False,1280,0.0013881255000001147,0.0038447750000006665,0.004766659390000358,0.1043972169999865
rvt-phase6-qualification/v1,16,0,bounded_position,61005,0.0,True,(),0.06316127323255052,0.06316127323255052,0.0006358611214518787,0.0003876294778727886,0,True,True,0.00011633794357169809,19,0.8462502571669738,True,0.0,0.0,0,0,False,False,1280,0.0013768955000008631,0.003791454150000816,0.004541350040000421,0.08487378999999251
rvt-phase6-qualification/v1,16,0,bounded_velocity,61001,0.0,True,(),3.371747868310783e-08,0.07437853147481105,0.001369803184488489,0.0008748447085446046,0,True,True,7.392675988317439e-05,19,0.811032196549111,True,0.0,0.0,0,0,False,False,1280,0.001358228500000891,0.003805927700000477,0.004552948680000527,0.093368298000021
rvt-phase6-qualification/v1,16,0,bounded_velocity,61002,0.0,True,(),3.371747868310783e-08,0.07559031243927333,0.0019590307282598193,0.0009032461737394329,0,True,True,5.269467047766997e-05,19,0.785452971455664,True,0.0,0.0,0,0,False,False,1280,0.0013987085000000121,0.004056233349999516,0.00537663446000055,0.10267791299999374
rvt-phase6-qualification/v1,16,0,bounded_velocity,61003,0.0,True,(),3.371747868310783e-08,0.09187573859908131,0.0025107355058853827,0.0013003397510573166,0,True,True,1.6596598487743642e-05,19,0.8015083226201032,True,0.0,0.0,0,0,False,False,1280,0.0013316875000004558,0.0038275503500001308,0.005052262500001277,0.09562254500001544
rvt-phase6-qualification/v1,16,0,bounded_velocity,61004,0.0,True,(),3.371747868310783e-08,0.07964644972071236,0.0014144148788641864,0.0009116977315921328,0,True,True,0.00013798022010163516,19,0.7911712243217035,True,0.0,0.0,0,0,False,False,1280,0.0013768335000001741,0.003990214599997976,0.004962678040000414,0.08856820399999776
rvt-phase6-qualification/v1,16,0,bounded_velocity,61005,0.0,True,(),3.371747868310783e-08,0.09158875014162908,0.0016255851702543915,0.001036141736282441,0,True,True,0.00013169528067532644,19,0.8299350857575343,True,0.0,0.0,0,0,False,False,1280,0.001384812500000443,0.0038449297999996186,0.005051330140000304,0.10479149300000046
rvt-phase6-qualification/v1,16,0,combined_perturbation,61001,0.0,True,(),0.05373270679855017,0.09999945717811362,0.0028305033560908047,0.0012170321894771877,0,True,True,0.00011877890430797359,19,0.7881459241465638,True,0.0,0.0,0,0,False,False,1280,0.0013662085000021307,0.0037554110500011006,0.004498470500000881,0.09345179599998588
rvt-phase6-qualification/v1,16,0,combined_perturbation,61002,0.0,True,(),0.05359626694917154,0.10049420473282888,0.001433003187287191,0.0009059430744237989,0,True,True,0.00014242523173643352,19,0.7669609925635408,True,0.0,0.0,0,0,False,False,1280,0.001383332999999709,0.003825295199998635,0.005004001210001233,0.10703575100000151
rvt-phase6-qualification/v1,16,0,combined_perturbation,61003,0.0,True,(),0.057886749488269544,0.11043070137192107,0.003358093245421484,0.0015507685943068083,0,True,True,4.550871753877791e-05,19,0.7787797744565674,True,0.0,0.0,0,0,False,False,1280,0.0013670830000016565,0.0037964770999987956,0.00470495956999834,0.10606000499998913
rvt-phase6-qualification/v1,16,0,combined_perturbation,61004,0.0,True,(),0.05439578543191051,0.08146767892261268,0.0018347638316209226,0.0008596875962345519,0,True,True,0.00024672767089229487,19,0.8259425120815785,True,0.0,0.0,0,0,False,False,1280,0.0013465000000003613,0.0038643916500024746,0.004791459249997808,0.09275433199996996
rvt-phase6-qualification/v1,16,0,combined_perturbation,61005,0.0,True,(),0.06316127323255052,0.08749108937684955,0.0012766704265181428,0.0007924970787064007,0,True,True,0.0003286971394612453,19,0.7801295440983386,True,0.0,0.0,0,0,False,False,1280,0.0013455000000011097,0.0037507398999988336,0.00516769250000014,0.09687757999999747
rvt-phase6-qualification/v1,16,5,exact_topology,61001,0.0,True,(),9.610960192450418e-08,9.610960192450418e-08,9.610960192450418e-08,5.0926230854360414e-08,0,True,True,5.551115123125783e-17,19,0.8999999999999999,True,0.0,0.0,0,0,False,False,1280,0.001060353999999819,0.0030808038499992915,0.004142403110000149,0.07500637399999022
rvt-phase6-qualification/v1,16,5,exact_topology,61002,0.0,True,(),9.610960192450418e-08,9.610960192450418e-08,9.610960192450418e-08,5.0926230854360414e-08,0,True,True,5.551115123125783e-17,19,0.8999999999999999,True,0.0,0.0,0,0,False,False,1280,0.0011079164999987512,0.0032069630999998822,0.004328501390001948,0.08737387800000107
rvt-phase6-qualification/v1,16,5,exact_topology,61003,0.0,True,(),9.610960192450418e-08,9.610960192450418e-08,9.610960192450418e-08,5.0926230854360414e-08,0,True,True,5.551115123125783e-17,19,0.8999999999999999,True,0.0,0.0,0,0,False,False,1280,0.0010629374999986396,0.00302159409999998,0.003971695639998317,0.07516383200001187
rvt-phase6-qualification/v1,16,5,exact_topology,61004,0.0,True,(),9.610960192450418e-08,9.610960192450418e-08,9.610960192450418e-08,5.0926230854360414e-08,0,True,True,5.551115123125783e-17,19,0.8999999999999999,True,0.0,0.0,0,0,False,False,1280,0.0010650834999985648,0.0030698556000016805,0.003962640680000682,0.07790712600001015
rvt-phase6-qualification/v1,16,5,exact_topology,61005,0.0,True,(),9.610960192450418e-08,9.610960192450418e-08,9.610960192450418e-08,5.0926230854360414e-08,0,True,True,5.551115123125783e-17,19,0.8999999999999999,True,0.0,0.0,0,0,False,False,1280,0.0010671460000004629,0.003275423549999345,0.004588623250001301,0.07677979899998988
rvt-phase6-qualification/v1,16,5,bounded_position,61001,0.0,True,(),0.05373264099992139,0.05373264099992139,0.0006276317045672219,0.00042209678483708763,0,True,True,9.369691666756167e-05,19,0.831336235173796,True,0.0,0.0,0,0,False,False,1280,0.001097395999998696,0.0034408253000007597,0.004808921179998792,0.07855437499999596
rvt-phase6-qualification/v1,16,5,bounded_position,61002,0.0,True,(),0.05359620215806622,0.05359620215806622,0.0007651616439243535,0.0004319731632873742,0,True,True,0.00011553962354555614,19,0.8171014151612774,True,0.0,0.0,0,0,False,False,1280,0.0010937085000009006,0.003146610099999769,0.004027190639999712,0.07696633000000475
rvt-phase6-qualification/v1,16,5,bounded_position,61003,0.0,True,(),0.05788679045118426,0.05788679045118426,0.0009781063502858104,0.0004772262801814784,0,True,True,5.489196758434656e-05,19,0.8052020462576758,True,0.0,0.0,0,0,False,False,1280,0.0010900000000013677,0.003109222950000045,0.003995318570000885,0.07744783500000807
rvt-phase6-qualification/v1,16,5,bounded_position,61004,0.0,True,(),0.05439575397833061,0.05439575397833061,0.0009427372698670106,0.0003624679546615975,0,True,True,0.00012955144189088615,19,0.8255652657072707,True,0.0,0.0,0,0,False,False,1280,0.0010841250000002134,0.003031045499997553,0.003927801210000264,0.0769873729999837
rvt-phase6-qualification/v1,16,5,bounded_position,61005,0.0,True,(),0.06316124128805908,0.06316124128805908,0.0007743690818426222,0.0004466693260075788,0,True,True,0.00017340673233033635,19,0.8253582095777493,True,0.0,0.0,0,0,False,False,1280,0.0011188124999996774,0.003550718749999326,0.00641357861000206,0.0797705819999841
rvt-phase6-qualification/v1,16,5,bounded_velocity,61001,0.0,True,(),9.610960192450418e-08,0.08150765208634338,0.001366334234352163,0.0008203293855640473,0,True,True,6.002290258965128e-05,19,0.801098554837709,True,0.0,0.0,0,0,False,False,1280,0.0011312499999984738,0.003206356599997304,0.004466222570002395,0.08521216200000836
rvt-phase6-qualification/v1,16,5,bounded_velocity,61002,0.0,True,(),9.610960192450418e-08,0.07976090980722741,0.0015097203104337687,0.0009289399769541741,0,True,True,6.997463683685359e-05,19,0.785128142113882,True,0.0,0.0,0,0,False,False,1280,0.0010996460000001207,0.0030637327000004426,0.004273312539999738,0.076715623000009
rvt-phase6-qualification/v1,16,5,bounded_velocity,61003,0.0,True,(),9.610960192450418e-08,0.08848964592862668,0.0020471119848126,0.001003574300147236,0,True,True,2.995642275377166e-05,19,0.7680840132163405,True,0.0,0.0,0,0,False,False,1280,0.001096229000001614,0.0033395728999995097,0.004340179459999726,0.0803457090000066
rvt-phase6-qualification/v1,16,5,bounded_velocity,61004,0.0,True,(),9.610960192450418e-08,0.08101486433693994,0.0019223656885313052,0.0010629284191635824,0,True,True,0.0001476206204711969,19,0.7984260308423173,True,0.0,0.0,0,0,False,False,1280,0.0010977285000013381,0.0032139586500003147,0.004011051320000513,0.08376062199999978
rvt-phase6-qualification/v1,16,5,bounded_velocity,61005,0.0,True,(),9.610960192450418e-08,0.0935275588824609,0.0015454410404406919,0.0008925962764488543,0,True,True,0.00011867892242747924,19,0.7955236957690606,True,0.0,0.0,0,0,False,False,1280,0.0011016045000005192,0.0032495722500023305,0.0040792519300003275,0.0753167900000058
rvt-phase6-qualification/v1,16,5,combined_perturbation,61001,0.0,True,(),0.05373264099992139,0.097745452178169,0.002648430842561878,0.0010586859003361587,0,True,True,8.024792601574856e-05,19,0.7879343696850534,True,0.0,0.0,0,0,False,False,1280,0.0011017915000000045,0.003147518100001356,0.004080734999999545,0.0781780030000121
rvt-phase6-qualification/v1,16,5,combined_perturbation,61002,0.0,True,(),0.05359620215806622,0.10536422431281119,0.001645955120441887,0.0010455774583755764,0,True,True,0.00015977199438838445,19,0.7946036061637233,True,0.0,0.0,0,0,False,False,1280,0.0010931460000005444,0.0030977749999989254,0.003871478679999578,0.07488091999999824
rvt-phase6-qualification/v1,16,5,combined_perturbation,61003,0.0,True,(),0.05788679045118426,0.11313653456372154,0.0013845189258272594,0.000969619642688896,0,True,True,4.444185147660303e-05,19,0.7651997812612565,True,0.0,0.0,0,0,False,False,1280,0.0010906874999996319,0.003296447599997697,0.00404600370999976,0.07856571200001738
rvt-phase6-qualification/v1,16,5,combined_perturbation,61004,0.0,True,(),0.05439575397833061,0.08284476539140788,0.001264595369430408,0.0008577914109203446,0,True,True,0.00023626560690090945,19,0.8231786166687183,True,0.0,0.0,0,0,False,False,1280,0.0011088545000017547,0.003200756250001291,0.004295816179999898,0.07867487800002237
rvt-phase6-qualification/v1,16,5,combined_perturbation,61005,0.0,True,(),0.06316124128805908,0.09024392635509448,0.0023916600594370047,0.0011995936424001416,0,True,True,0.0004118188173010704,19,0.7789164101743008,True,0.0,0.0,0,0,False,False,1280,0.0011044790000003246,0.0032922000000009874,0.00445237692999939,0.08522020799999908
rvt-phase6-qualification/v1,16,2,exact_topology,61001,0.0,True,(),1.9073486345888568e-07,1.9073486345888568e-07,1.9073486345888568e-07,1.0703971994264113e-07,0,True,True,5.551115123125783e-17,19,0.8999999999999995,True,0.0,0.0,0,0,False,False,1280,0.0007490839999988452,0.0023363042000017465,0.00380759500000001,0.06139233699999025
rvt-phase6-qualification/v1,16,2,exact_topology,61002,0.0,True,(),1.9073486345888568e-07,1.9073486345888568e-07,1.9073486345888568e-07,1.0703971994264113e-07,0,True,True,5.551115123125783e-17,19,0.8999999999999995,True,0.0,0.0,0,0,False,False,1280,0.0007592919999996894,0.0021924271000006708,0.002884674860000481,0.06707979800000174
rvt-phase6-qualification/v1,16,2,exact_topology,61003,0.0,True,(),1.9073486345888568e-07,1.9073486345888568e-07,1.9073486345888568e-07,1.0703971994264113e-07,0,True,True,5.551115123125783e-17,19,0.8999999999999995,True,0.0,0.0,0,0,False,False,1280,0.0007577289999982639,0.0023042961499987412,0.0032901843599995617,0.06337096199999337
rvt-phase6-qualification/v1,16,2,exact_topology,61004,0.0,True,(),1.9073486345888568e-07,1.9073486345888568e-07,1.9073486345888568e-07,1.0703971994264113e-07,0,True,True,5.551115123125783e-17,19,0.8999999999999995,True,0.0,0.0,0,0,False,False,1280,0.0007511250000007408,0.0023103812499991596,0.0031695625299986577,0.059132126999998036
rvt-phase6-qualification/v1,16,2,exact_topology,61005,0.0,True,(),1.9073486345888568e-07,1.9073486345888568e-07,1.9073486345888568e-07,1.0703971994264113e-07,0,True,True,5.551115123125783e-17,19,0.8999999999999995,True,0.0,0.0,0,0,False,False,1280,0.0007551454999994434,0.002134387850000863,0.0028199061800005527,0.051286961999995384
rvt-phase6-qualification/v1,16,2,bounded_position,61001,0.0,True,(),0.05373269739294492,0.05373269739294492,0.0009235480779493116,0.0004099504868218571,0,True,True,9.143095392422571e-05,19,0.8349339431485051,True,0.0,0.0,0,0,False,False,1280,0.0008033955000001924,0.0022829628500000247,0.0035027905399989496,0.0585382550000233
rvt-phase6-qualification/v1,16,2,bounded_position,61002,0.0,True,(),0.053596256839154185,0.053596256839154185,0.0007865617033827314,0.00042982791543928425,0,True,True,0.00010246148873941239,19,0.8331732351909298,True,0.0,0.0,0,0,False,False,1280,0.0008039790000005098,0.002267656599999767,0.003242211110000746,0.062214751999992046
rvt-phase6-qualification/v1,16,2,bounded_position,61003,0.0,True,(),0.05788663410522781,0.05788663410522781,0.0010434265674249287,0.000517477137450787,0,True,True,4.136897020218576e-05,19,0.8177107149109836,True,0.0,0.0,0,0,False,False,1280,0.0007976044999988829,0.002250423250002419,0.003200888069999409,0.06014699699999326
rvt-phase6-qualification/v1,16,2,bounded_position,61004,0.0,True,(),0.05439558440427928,0.05439558440427928,0.0005506771297860703,0.00042618170854793363,0,True,True,0.0001272256990990695,19,0.8120266744522744,True,0.0,0.0,0,0,False,False,1280,0.0008077704999998048,0.002443540199999638,0.0034967436099999833,0.062089704999980455
rvt-phase6-qualification/v1,16,2,bounded_position,61005,0.0,True,(),0.06316125193622238,0.06316125193622238,0.0008481625874725414,0.0004313640995687812,0,True,True,0.00014668869762348832,19,0.8237580748851717,True,0.0,0.0,0,0,False,False,1280,0.0008110000000005613,0.002322528849999017,0.0033205898599985447,0.06085512499998558
rvt-phase6-qualification/v1,16,2,bounded_velocity,61001,0.0,True,(),1.9073486345888568e-07,0.07515204990933409,0.0020049021165470466,0.0010718976607249522,0,True,True,0.00010495421113252571,19,0.806568189543408,True,0.0,0.0,0,0,False,False,1280,0.0008114170000013132,0.002351316350000587,0.0034967030700005747,0.061816371000023906
rvt-phase6-qualification/v1,16,2,bounded_velocity,61002,0.0,True,(),1.9073486345888568e-07,0.0798462146529079,0.0015891730356588703,0.0008265680643976158,0,True,True,0.00011373983175763894,19,0.8149218407196981,True,0.0,0.0,0,0,False,False,1280,0.000811667000000682,0.002570060749999747,0.004061804860001003,0.06021120600000529
rvt-phase6-qualification/v1,16,2,bounded_velocity,61003,0.0,True,(),1.9073486345888568e-07,0.08672835195145448,0.0020585953006380855,0.0010441073998373473,0,True,True,5.6776642015035766e-05,19,0.7938330102863476,True,0.0,0.0,0,0,False,False,1280,0.0008099794999996135,0.0022709163499991182,0.0033594112500008335,0.05549745300001163
rvt-phase6-qualification/v1,16,2,bounded_velocity,61004,0.0,True,(),1.9073486345888568e-07,0.08112500727274417,0.0022911583098635447,0.0009767353509191367,0,True,True,0.0001508546422022194,19,0.7821304619121473,True,0.0,0.0,0,0,False,False,1280,0.000812479000002142,0.0024609604000009,0.00344498993000084,0.06168812200001028
rvt-phase6-qualification/v1,16,2,bounded_velocity,61005,0.0,True,(),1.9073486345888568e-07,0.09059873427748083,0.0015397698665763327,0.0008528315905304431,0,True,True,0.00017532934775000262,19,0.7969987547354671,True,0.0,0.0,0,0,False,False,1280,0.0008130830000006029,0.002341393750000265,0.0033957712899983544,0.057557792000000774
rvt-phase6-qualification/v1,16,2,combined_perturbation,61001,0.0,True,(),0.05373269739294492,0.0980424272241897,0.002081133899305463,0.001121698822104335,0,True,True,0.00011385286909247071,19,0.828621086203369,True,0.0,0.0,0,0,False,False,1280,0.0008090625000001239,0.0024088913500014183,0.003221565679999333,0.06295329100001013
rvt-phase6-qualification/v1,16,2,combined_perturbation,61002,0.0,True,(),0.053596256839154185,0.10373421082539665,0.00136085407429366,0.0008425383734804981,0,True,True,9.016463276506487e-05,19,0.8153652244785937,True,0.0,0.0,0,0,False,False,1280,0.0008038750000007866,0.002231708650000108,0.003566742430001073,0.05325528900000265
rvt-phase6-qualification/v1,16,2,combined_perturbation,61003,0.0,True,(),0.05788663410522781,0.11814043895746709,0.002100121117973623,0.001344141444332844,0,True,True,5.51503231992871e-05,19,0.790861270928861,True,0.0,0.0,0,0,False,False,1280,0.0008070209999999634,0.002384997900000485,0.003447051930001241,0.06619941999998602
rvt-phase6-qualification/v1,16,2,combined_perturbation,61004,0.0,True,(),0.05439558440427928,0.0812396896878571,0.0013896320707120432,0.000787270280233227,0,True,True,0.0002663443097344288,19,0.8120266744522744,True,0.0,0.0,0,0,False,False,1280,0.0008098755000016666,0.0022667639500012268,0.003513811390001149,0.05119233499999254
rvt-phase6-qualification/v1,16,2,combined_perturbation,61005,0.0,True,(),0.06316125193622238,0.08821706630141594,0.001974283818851546,0.0009481430983647428,0,True,True,0.00034490060514472327,19,0.7940873740455666,True,0.0,0.0,0,0,False,False,1280,0.0008109794999988651,0.0021956538499990686,0.0030842150000009753,0.05813921300000757
rvt-phase6-qualification/v1,24,0,exact_topology,61001,0.0,True,(),3.8107775298319793e-08,3.8107775298319793e-08,3.8107775298319793e-08,2.2744957347453748e-08,0,True,True,8.981929940064155e-17,19,0.9,True,0.0,0.0,0,0,False,False,1920,0.0022181454999987693,0.005913755599998005,0.009815935420000336,0.24251599899999832
rvt-phase6-qualification/v1,24,0,exact_topology,61002,0.0,True,(),3.8107775298319793e-08,3.8107775298319793e-08,3.8107775298319793e-08,2.2744957347453748e-08,0,True,True,8.981929940064155e-17,19,0.9,True,0.0,0.0,0,0,False,False,1920,0.0022286665000006423,0.006121929449997942,0.009729811730001306,0.21064016799999408
rvt-phase6-qualification/v1,24,0,exact_topology,61003,0.0,True,(),3.8107775298319793e-08,3.8107775298319793e-08,3.8107775298319793e-08,2.2744957347453748e-08,0,True,True,8.981929940064155e-17,19,0.9,True,0.0,0.0,0,0,False,False,1920,0.0022720835000011874,0.005846820849997414,0.008829375480000292,0.2175458690000056
rvt-phase6-qualification/v1,24,0,exact_topology,61004,0.0,True,(),3.8107775298319793e-08,3.8107775298319793e-08,3.8107775298319793e-08,2.2744957347453748e-08,0,True,True,8.981929940064155e-17,19,0.9,True,0.0,0.0,0,0,False,False,1920,0.0022831249999999415,0.005937380949999848,0.007918662770000003,0.22626517299999094
rvt-phase6-qualification/v1,24,0,exact_topology,61005,0.0,True,(),3.8107775298319793e-08,3.8107775298319793e-08,3.8107775298319793e-08,2.2744957347453748e-08,0,True,True,8.981929940064155e-17,19,0.9,True,0.0,0.0,0,0,False,False,1920,0.0022864789999985646,0.0060123149000011365,0.008198574730002262,0.22436408499999771
rvt-phase6-qualification/v1,24,0,bounded_position,61001,0.0,True,(),0.06213173073979606,0.06213173073979606,0.0011469436492098095,0.0005057152755043622,0,True,True,8.464208065155925e-05,19,0.8181819143298764,True,0.0,0.0,0,0,False,False,1920,0.0023457709999998855,0.006175741050000738,0.008755082269998054,0.24595279400001147
rvt-phase6-qualification/v1,24,0,bounded_position,61002,0.0,True,(),0.059244866236765795,0.059244866236765795,0.0008424951646309103,0.0004459411210211028,0,True,True,0.0001551147165547906,19,0.8248754529020009,True,0.0,0.0,0,0,False,False,1920,0.0023246874999998113,0.005979710099998492,0.009588706750002415,0.20871354300000888
rvt-phase6-qualification/v1,24,0,bounded_position,61003,0.0,True,(),0.06278487311626163,0.06278487311626163,0.000976574343378564,0.0004719793386572521,0,True,True,8.319994425100033e-05,19,0.8302809118520409,True,0.0,0.0,0,0,False,False,1920,0.0023170624999977463,0.00585933779999781,0.008204021729997913,0.19991729200000563
rvt-phase6-qualification/v1,24,0,bounded_position,61004,0.0,True,(),0.06057944022743263,0.06057944022743263,0.0009858642961322337,0.0004461913004349595,0,True,True,9.076780259864447e-05,19,0.8146870061640782,True,0.0,0.0,0,0,False,False,1920,0.002365687499999325,0.006246669400000115,0.010789043540000005,0.21658862500002485
rvt-phase6-qualification/v1,24,0,bounded_position,61005,0.0,True,(),0.05839995899428085,0.05839995899428085,0.000639742684323397,0.00044898066635492553,0,True,True,9.292073193636884e-05,19,0.8197654066205455,True,0.0,0.0,0,0,False,False,1920,0.002254145500002025,0.005900102099999492,0.00876652869000135,0.19949337099998843
rvt-phase6-qualification/v1,24,0,bounded_velocity,61001,0.0,True,(),3.8107775298319793e-08,0.0871368150233042,0.001379253183677169,0.0008514252149468718,0,True,True,0.00012161141547136816,19,0.7865325622036831,True,0.0,0.0,0,0,False,False,1920,0.0022387919999999895,0.0059770579999984365,0.00777558332999952,0.22631158000001506
rvt-phase6-qualification/v1,24,0,bounded_velocity,61002,0.0,True,(),3.8107775298319793e-08,0.08577575145927882,0.0014084614353574109,0.0008348076868055035,0,True,True,0.00015536296293234262,19,0.7945151386301338,True,0.0,0.0,0,0,False,False,1920,0.0023035419999999363,0.006549937500002477,0.010759869520000643,0.22426095999999163
rvt-phase6-qualification/v1,24,0,bounded_velocity,61003,0.0,True,(),3.8107775298319793e-08,0.09573975989546142,0.0019187628495511697,0.001108995692899055,0,True,True,2.263376719934228e-05,19,0.7992617683715084,True,0.0,0.0,0,0,False,False,1920,0.0024920000000037135,0.007558600000005631,0.011148891459999213,0.2848584539999841
rvt-phase6-qualification/v1,24,0,bounded_velocity,61004,0.0,True,(),3.8107775298319793e-08,0.0897865320534818,0.0015346331853314274,0.0007849365050257245,0,True,True,4.585024473193786e-05,19,0.7785505111034214,True,0.0,0.0,0,0,False,False,1920,0.002468604000000596,0.007425849349997903,0.010818054790002859,0.2968322500000191
rvt-phase6-qualification/v1,24,0,bounded_velocity,61005,0.0,True,(),3.8107775298319793e-08,0.0819774990927991,0.002018472856783149,0.0010293970293499123,0,True,True,0.00012417339580422841,19,0.7888577410120318,True,0.0,0.0,0,0,False,False,1920,0.002458500500003069,0.00746423094999997,0.012320149459999902,0.2703691699999915
rvt-phase6-qualification/v1,24,0,combined_perturbation,61001,0.0,True,(),0.06213173073979606,0.09081410430297017,0.0019178652622034796,0.0012008667694154318,0,True,True,0.00013344610684640242,19,0.7963975293496679,True,0.0,0.0,0,0,False,False,1920,0.0024497715000038056,0.007571677050001745,0.012380886669996335,0.2545247049999837
rvt-phase6-qualification/v1,24,0,combined_perturbation,61002,0.0,True,(),0.059244866236765795,0.09103228537687458,0.0020534652615915036,0.0009577246979458339,0,True,True,0.00011502755809872519,19,0.7982588460500554,True,0.0,0.0,0,0,False,False,1920,0.002427791500000609,0.007794469350002942,0.012383354500003461,0.2670730369999994
rvt-phase6-qualification/v1,24,0,combined_perturbation,61003,0.0,True,(),0.06278487311626163,0.11009580404664104,0.003040622393789444,0.0012308692087382384,0,True,True,4.602568657860396e-05,19,0.7831828028792623,True,0.0,0.0,0,0,False,False,1920,0.0024439375000007146,0.007991478850000533,0.012505338250000473,0.2588008690000372
rvt-phase6-qualification/v1,24,0,combined_perturbation,61004,0.0,True,(),0.06057944022743263,0.09188208933013202,0.0019026545700263132,0.0010738748178234132,0,True,True,8.988660210391608e-05,19,0.8012155099804968,True,0.0,0.0,0,0,False,False,1920,0.0024137080000024014,0.007383431549999741,0.011193294979997147,0.23892058899999213
rvt-phase6-qualification/v1,24,0,combined_perturbation,61005,0.0,True,(),0.05839995899428085,0.0927654882443492,0.0018993781021940687,0.0010690115732752503,0,True,True,0.00017528597140801442,19,0.795982191206054,True,0.0,0.0,0,0,False,False,1920,0.002443104000004581,0.007463665999999235,0.010737667230000327,0.2816787869999793
rvt-phase6-qualification/v1,24,5,exact_topology,61001,0.0,True,(),1.9110702940001053e-07,1.9110702940001053e-07,1.9110702940001053e-07,1.1791078359528121e-07,0,True,True,7.401486830834377e-17,19,0.8999999999999999,True,0.0,0.0,0,0,False,False,1920,0.0015174165000004791,0.005409968750002745,0.008768646999997489,0.21723983500001864
rvt-phase6-qualification/v1,24,5,exact_topology,61002,0.0,True,(),1.9110702940001053e-07,1.9110702940001053e-07,1.9110702940001053e-07,1.1791078359528121e-07,0,True,True,7.401486830834377e-17,19,0.8999999999999999,True,0.0,0.0,0,0,False,False,1920,0.001528521000000893,0.005620939249996581,0.009814121789998395,0.20443666099999191
rvt-phase6-qualification/v1,24,5,exact_topology,61003,0.0,True,(),1.9110702940001053e-07,1.9110702940001053e-07,1.9110702940001053e-07,1.1791078359528121e-07,0,True,True,7.401486830834377e-17,19,0.8999999999999999,True,0.0,0.0,0,0,False,False,1920,0.001518208000000243,0.005465087500001786,0.008868843730000115,0.18835366600000825
rvt-phase6-qualification/v1,24,5,exact_topology,61004,0.0,True,(),1.9110702940001053e-07,1.9110702940001053e-07,1.9110702940001053e-07,1.1791078359528121e-07,0,True,True,7.401486830834377e-17,19,0.8999999999999999,True,0.0,0.0,0,0,False,False,1920,0.0015006665000001362,0.005342418450002917,0.009167738250003762,0.2200801240000203
rvt-phase6-qualification/v1,24,5,exact_topology,61005,0.0,True,(),1.9110702940001053e-07,1.9110702940001053e-07,1.9110702940001053e-07,1.1791078359528121e-07,0,True,True,7.401486830834377e-17,19,0.8999999999999999,True,0.0,0.0,0,0,False,False,1920,0.0015807915000003447,0.005380060749999416,0.009127396500003257,0.20862157899998834
rvt-phase6-qualification/v1,24,5,bounded_position,61001,0.0,True,(),0.062131811786676844,0.062131811786676844,0.0009040943171280925,0.00046334207569918905,0,True,True,7.237015481389013e-05,19,0.8313362351737961,True,0.0,0.0,0,0,False,False,1920,0.0016043334999977787,0.005035580599998113,0.007430725269996755,0.17918824999999572
rvt-phase6-qualification/v1,24,5,bounded_position,61002,0.0,True,(),0.05924487830337531,0.05924487830337531,0.0008577015606550687,0.0004684052044581654,0,True,True,0.00012860133198235127,19,0.8171014151612774,True,0.0,0.0,0,0,False,False,1920,0.0016081459999988112,0.005379571150000828,0.008477015000002197,0.17354012399997742
rvt-phase6-qualification/v1,24,5,bounded_position,61003,0.0,True,(),0.06278484061181903,0.06278484061181903,0.0008593348824973579,0.00045406434967667163,0,True,True,5.828266371905297e-05,19,0.8052020462576758,True,0.0,0.0,0,0,False,False,1920,0.0015997709999986398,0.005200388099997254,0.007827999499997056,0.17929529199999905
rvt-phase6-qualification/v1,24,5,bounded_position,61004,0.0,True,(),0.06057957983505173,0.06057957983505173,0.0010207063697397847,0.0003967671273922731,0,True,True,6.586014906596603e-05,19,0.8255652657072711,True,0.0,0.0,0,0,False,False,1920,0.0016416875000011544,0.004866209000001475,0.007500922980000339,0.17380532899998258
rvt-phase6-qualification/v1,24,5,bounded_position,61005,0.0,True,(),0.05839994426810523,0.05839994426810523,0.0010517965105501545,0.0005189942295725324,0,True,True,0.0001116541765265947,19,0.8197654066205455,True,0.0,0.0,0,0,False,False,1920,0.001639000500002652,0.005369356250001899,0.007707352729996443,0.1741974620000022
rvt-phase6-qualification/v1,24,5,bounded_velocity,61001,0.0,True,(),1.9110702940001053e-07,0.09578212996519472,0.0013809211871857036,0.0008628624316338676,0,True,True,9.735727665152563e-05,19,0.8010985548377091,True,0.0,0.0,0,0,False,False,1920,0.0016177709999993795,0.004846528550000428,0.007443537290001314,0.1821135819999995
rvt-phase6-qualification/v1,24,5,bounded_velocity,61002,0.0,True,(),1.9110702940001053e-07,0.08968165454316779,0.0019185740333553488,0.0009192606848558978,0,True,True,0.00014948779545397066,19,0.7813079660541389,True,0.0,0.0,0,0,False,False,1920,0.001636229000002487,0.005286963099999651,0.008439124039996655,0.19117695599999251
rvt-phase6-qualification/v1,24,5,bounded_velocity,61003,0.0,True,(),1.9110702940001053e-07,0.10073339563942255,0.0022056511874567917,0.0010302478230882722,0,True,True,0.00012007817580995298,19,0.7680840132162717,True,0.0,0.0,0,0,False,False,1920,0.0015923125000014693,0.004939181250000857,0.008056571810002057,0.1764648370000188
rvt-phase6-qualification/v1,24,5,bounded_velocity,61004,0.0,True,(),1.9110702940001053e-07,0.09215269415602426,0.0019216727304285925,0.0009267481538114159,0,True,True,8.686148247047902e-05,19,0.7983986948150713,True,0.0,0.0,0,0,False,False,1920,0.0016385419999984663,0.005008650000000257,0.007914985500001059,0.19776008899995645
rvt-phase6-qualification/v1,24,5,bounded_velocity,61005,0.0,True,(),1.9110702940001053e-07,0.08814953922936052,0.0017527696604617954,0.0009626538129101388,0,True,True,8.518389068903417e-05,19,0.7837110346138882,True,0.0,0.0,0,0,False,False,1920,0.0015974994999972125,0.004873497599998799,0.007268811040001564,0.18356708700001434
rvt-phase6-qualification/v1,24,5,combined_perturbation,61001,0.0,True,(),0.062131811786676844,0.0853061694041993,0.0017492311808077739,0.0009959031837095422,0,True,True,0.00012221256483034533,19,0.788284297007298,True,0.0,0.0,0,0,False,False,1920,0.0016203329999981975,0.005648856249999312,0.00970851249999716,0.21199479399999177
rvt-phase6-qualification/v1,24,5,combined_perturbation,61002,0.0,True,(),0.05924487830337531,0.09718315349945199,0.002038345874709997,0.0009643381906527983,0,True,True,0.00013045136775146395,19,0.7994652452784005,True,0.0,0.0,0,0,False,False,1920,0.0016410830000026522,0.005600798249995972,0.00925882847999545,0.2085506250000364
rvt-phase6-qualification/v1,24,5,combined_perturbation,61003,0.0,True,(),0.06278484061181903,0.10239612863049384,0.001639467908552697,0.001005181220931185,0,True,True,0.00015112566008396454,19,0.775014190785613,True,0.0,0.0,0,0,False,False,1920,0.0016252500000035752,0.005209067000004807,0.008603215290001652,0.1852054150000555
rvt-phase6-qualification/v1,24,5,combined_perturbation,61004,0.0,True,(),0.06057957983505173,0.09413937113226685,0.0020381544161616545,0.0009250270165981276,0,True,True,3.7565246912307634e-05,19,0.8025354704913665,True,0.0,0.0,0,0,False,False,1920,0.0016527709999998308,0.005478860099999849,0.009458250540001012,0.18045854100003567
rvt-phase6-qualification/v1,24,5,combined_perturbation,61005,0.0,True,(),0.05839994426810523,0.09695100431809948,0.001790377304657079,0.0010195438920366966,0,True,True,0.0002605516750626892,19,0.7921467806553457,True,0.0,0.0,0,0,False,False,1920,0.001581542000000269,0.004784527049993769,0.008178814289999961,0.1856726660000163
rvt-phase6-qualification/v1,24,2,exact_topology,61001,0.0,True,(),3.8146972691777137e-07,3.8146972691777137e-07,3.8146972691777137e-07,1.6305257049625577e-07,0,True,True,2.9605947323337506e-16,19,0.8999999999999986,True,0.0,0.0,0,0,False,False,1920,0.0010726454999989699,0.004003126449998716,0.008067234230000135,0.13884616499997549
rvt-phase6-qualification/v1,24,2,exact_topology,61002,0.0,True,(),3.8146972691777137e-07,3.8146972691777137e-07,3.8146972691777137e-07,1.6305257049625577e-07,0,True,True,2.9605947323337506e-16,19,0.8999999999999986,True,0.0,0.0,0,0,False,False,1920,0.0010656454999988796,0.0038573419500004032,0.00796513750000443,0.12710612500001872
rvt-phase6-qualification/v1,24,2,exact_topology,61003,0.0,True,(),3.8146972691777137e-07,3.8146972691777137e-07,3.8146972691777137e-07,1.6305257049625577e-07,0,True,True,2.9605947323337506e-16,19,0.8999999999999986,True,0.0,0.0,0,0,False,False,1920,0.0010610204999998984,0.004067682999996335,0.00793908571000464,0.138642707999999
rvt-phase6-qualification/v1,24,2,exact_topology,61004,0.0,True,(),3.8146972691777137e-07,3.8146972691777137e-07,3.8146972691777137e-07,1.6305257049625577e-07,0,True,True,2.9605947323337506e-16,19,0.8999999999999986,True,0.0,0.0,0,0,False,False,1920,0.0010747294999973178,0.0038372247000001635,0.008565055770001953,0.14796891200000317
rvt-phase6-qualification/v1,24,2,exact_topology,61005,0.0,True,(),3.8146972691777137e-07,3.8146972691777137e-07,3.8146972691777137e-07,1.6305257049625577e-07,0,True,True,2.9605947323337506e-16,19,0.8999999999999986,True,0.0,0.0,0,0,False,False,1920,0.0010816250000011962,0.004096210699993818,0.009206363039999929,0.15592011799999028
rvt-phase6-qualification/v1,24,2,bounded_position,61001,0.0,True,(),0.06213152189991136,0.06213152189991136,0.0009432033083171752,0.0004016755242103852,0,True,True,6.569043219976322e-05,19,0.8349339431485049,True,0.0,0.0,0,0,False,False,1920,0.0011183125000009397,0.0040139586499954305,0.007099257709999943,0.14259341899999356
rvt-phase6-qualification/v1,24,2,bounded_position,61002,0.0,True,(),0.059244857094612274,0.059244857094612274,0.0007276521139779845,0.0004493123072636233,0,True,True,0.00013050745289315226,19,0.8331732351909293,True,0.0,0.0,0,0,False,False,1920,0.0011271254999982716,0.00423602499999731,0.006991326959997082,0.14327249800001596
rvt-phase6-qualification/v1,24,2,bounded_position,61003,0.0,True,(),0.06278487288761578,0.06278487288761578,0.001196674340725019,0.0005006568334719002,0,True,True,6.15832582100905e-05,19,0.8177107149109839,True,0.0,0.0,0,0,False,False,1920,0.0011366875000007326,0.0052183514500008235,0.00965078678999667,0.1477055450000222
rvt-phase6-qualification/v1,24,2,bounded_position,61004,0.0,True,(),0.06057958535331957,0.06057958535331957,0.0007361460132732342,0.0004445089955272778,0,True,True,6.873631800594121e-05,19,0.8120266744522739,True,0.0,0.0,0,0,False,False,1920,0.001106812499998,0.0032162225999989853,0.006713578189998226,0.13708208000003452
rvt-phase6-qualification/v1,24,2,bounded_position,61005,0.0,True,(),0.05839984164863096,0.05839984164863096,0.0007928018849056691,0.0005121216228524452,0,True,True,0.0001034685185117234,19,0.823758074885172,True,0.0,0.0,0,0,False,False,1920,0.0011053959999998142,0.0033648297999981473,0.006401215210001029,0.13900470700002643
rvt-phase6-qualification/v1,24,2,bounded_velocity,61001,0.0,True,(),3.8146972691777137e-07,0.08922967954740167,0.0019483242422391038,0.0010443698468811731,0,True,True,0.0001368868703975219,19,0.8065681890380045,True,0.0,0.0,0,0,False,False,1920,0.0011110829999978478,0.003324820799998207,0.005795393270003897,0.1368431269999988
rvt-phase6-qualification/v1,24,2,bounded_velocity,61002,0.0,True,(),3.8146972691777137e-07,0.09066890764966118,0.001629214183964728,0.0007616749719196119,0,True,True,0.00011917939982485369,19,0.8128649629168245,True,0.0,0.0,0,0,False,False,1920,0.001110125000000295,0.0033478419999994455,0.005987875769997821,0.13039145800005514
rvt-phase6-qualification/v1,24,2,bounded_velocity,61003,0.0,True,(),3.8146972691777137e-07,0.09303897625516434,0.0019173528002168576,0.0010687435427024577,0,True,True,5.985997511372389e-05,19,0.7938328160919158,True,0.0,0.0,0,0,False,False,1920,0.0011022919999987835,0.0032723190499982734,0.0064356184599994705,0.13635633299998062
rvt-phase6-qualification/v1,24,2,bounded_velocity,61004,0.0,True,(),3.8146972691777137e-07,0.09279671720449767,0.001491767785603385,0.0008463123490604232,0,True,True,6.925067002129261e-05,19,0.7821300930561558,True,0.0,0.0,0,0,False,False,1920,0.0010986670000008303,0.003067466049997945,0.0052403458300035715,0.13404762700000106
rvt-phase6-qualification/v1,24,2,bounded_velocity,61005,0.0,True,(),3.8146972691777137e-07,0.09269521189390585,0.0013923106956809529,0.0008319345151948746,0,True,True,0.00011215353633283667,19,0.7969987547354654,True,0.0,0.0,0,0,False,False,1920,0.0010991880000013055,0.0031288667000026744,0.005120142229998587,0.13090333099999896
rvt-phase6-qualification/v1,24,2,combined_perturbation,61001,0.0,True,(),0.06213152189991136,0.08914396439423754,0.0021727561721202712,0.0010174233718716554,0,True,True,0.0001903869986120636,19,0.7996592097857976,True,0.0,0.0,0,0,False,False,1920,0.0011011039999999639,0.0031323499999945876,0.005366722480004067,0.1191116749999992
rvt-phase6-qualification/v1,24,2,combined_perturbation,61002,0.0,True,(),0.059244857094612274,0.0919160881589219,0.0015655758370024205,0.0009004625849752395,0,True,True,0.00014050753663914537,19,0.8240486289915693,True,0.0,0.0,0,0,False,False,1920,0.001093229499996795,0.0031117579999936132,0.005358378999997484,0.127155911000024
rvt-phase6-qualification/v1,24,2,combined_perturbation,61003,0.0,True,(),0.06278487288761578,0.10749019184483087,0.001392589516260433,0.0009020719275009217,0,True,True,0.0001685615443943049,19,0.7806507366603644,True,0.0,0.0,0,0,False,False,1920,0.0010842085000000168,0.0030256607499964615,0.005121914730002567,0.12492024899999166
rvt-phase6-qualification/v1,24,2,combined_perturbation,61004,0.0,True,(),0.06057958535331957,0.09665574248759086,0.0018367517121083315,0.0010849276206788099,0,True,True,8.040213002615547e-05,19,0.8120266744522739,True,0.0,0.0,0,0,False,False,1920,0.0010922710000009772,0.002903228849999451,0.005051040979998877,0.12176871399999811
rvt-phase6-qualification/v1,24,2,combined_perturbation,61005,0.0,True,(),0.05839984164863096,0.09406172834186369,0.0017228960346949362,0.0010119786383197083,0,True,True,0.00028873611187619927,19,0.8104061996916955,True,0.0,0.0,0,0,False,False,1920,0.0010773330000048986,0.0026101476000004453,0.0034111572299989467,0.10794379200000037
