{
  "gnn_only": {
    "success": 0.44,
    "goal_reached": 0.8975,
    "collision_free": 0.6225,
    "form_ok": 0.6775,
    "rr_collision": 0.012884114583333333,
    "ro_collision": 0.0001484375,
    "form_rms": 0.5437546022236347,
    "stall_rate": 0.018257575757575757,
    "deadlock": 0.09,
    "topology_switches": 0.0,
    "formation_recovery_time": 148.38942561234927,
    "irreversible_collapse": 0.09,
    "recoverability_false_positive": 0.0,
    "recoverability_false_negative": 0.0,
    "ms_per_step": 1.0,
    "max_n": 16
  },
  "instant_cert": {
    "success": 0.5425,
    "goal_reached": 0.985,
    "collision_free": 0.7424999999999999,
    "form_ok": 0.7224999999999999,
    "rr_collision": 0.005805121527777778,
    "ro_collision": 0.00043229166666666665,
    "form_rms": 0.4754514317959547,
    "stall_rate": 0.0025208333333333333,
    "deadlock": 0.015,
    "topology_switches": 0.0,
    "formation_recovery_time": 130.56388399316648,
    "irreversible_collapse": 0.015,
    "recoverability_false_positive": 0.00020833333333333332,
    "recoverability_false_negative": 0.0010458333333333333,
    "ms_per_step": 1.0,
    "max_n": 16
  },
  "rvt_swarm": {
    "success": 0.3975,
    "goal_reached": 0.9325,
    "collision_free": 0.665,
    "form_ok": 0.585,
    "rr_collision": 0.009967447916666667,
    "ro_collision": 0.00033463541666666673,
    "form_rms": 0.5423354407027363,
    "stall_rate": 0.010541666666666666,
    "deadlock": 0.06,
    "topology_switches": 0.0775,
    "formation_recovery_time": 158.16830642095474,
    "irreversible_collapse": 0.0625,
    "recoverability_false_positive": 0.007459167162010435,
    "recoverability_false_negative": 0.0015,
    "ms_per_step": 1.6000000000000003,
    "max_n": 16
  },
  "adaptive_formation": {
    "success": 0.20750000000000002,
    "goal_reached": 0.995,
    "collision_free": 0.39749999999999996,
    "form_ok": 0.6074999999999999,
    "rr_collision": 0.021085069444444444,
    "ro_collision": 0.00043229166666666665,
    "form_rms": 0.5888312207534909,
    "stall_rate": 0.0,
    "deadlock": 0.0,
    "topology_switches": 0.5,
    "formation_recovery_time": 149.0160713161409,
    "irreversible_collapse": 0.0,
    "recoverability_false_positive": 0.0,
    "recoverability_false_negative": 0.0,
    "ms_per_step": 1.0,
    "max_n": 16
  },
  "cbf_qp_like": {
    "success": 0.27749999999999997,
    "goal_reached": 0.8875,
    "collision_free": 0.7825,
    "form_ok": 0.28500000000000003,
    "rr_collision": 0.0031749131944444446,
    "ro_collision": 0.0012643229166666666,
    "form_rms": 0.7225501099228859,
    "stall_rate": 0.0010833333333333333,
    "deadlock": 0.005,
    "topology_switches": 0.0,
    "formation_recovery_time": 227.7439765436312,
    "irreversible_collapse": 0.0075,
    "recoverability_false_positive": 0.0,
    "recoverability_false_negative": 0.0,
    "ms_per_step": 1.0,
    "max_n": 16
  },
  "orca_like": {
    "success": 0.02,
    "goal_reached": 1.0,
    "collision_free": 0.945,
    "form_ok": 0.02,
    "rr_collision": 3.472222222222222e-05,
    "ro_collision": 0.000375,
    "form_rms": 1.9301031275093554,
    "stall_rate": 0.0,
    "deadlock": 0.0,
    "topology_switches": 0.0,
    "formation_recovery_time": 210.21633754265048,
    "irreversible_collapse": 0.0,
    "recoverability_false_positive": 0.0,
    "recoverability_false_negative": 0.0,
    "ms_per_step": 1.0,
    "max_n": 16
  },
  "centralized_mpc": {
    "success": 0.73,
    "goal_reached": 1.0,
    "collision_free": 0.7999999999999999,
    "form_ok": 0.9199999999999999,
    "rr_collision": 0.024999999999999998,
    "ro_collision": 0.0,
    "form_rms": 0.3312919384241104,
    "stall_rate": 0.0,
    "deadlock": 0.0,
    "topology_switches": 0.75,
    "formation_recovery_time": 91.73879551451647,
    "irreversible_collapse": 0.0,
    "recoverability_false_positive": 0.0,
    "recoverability_false_negative": 0.0,
    "ms_per_step": 1.0,
    "max_n": 4
  }
}