{
  "full": {
    "success": 0.0925,
    "goal_reached": 0.9025000000000001,
    "collision_free": 0.8175,
    "form_ok": 0.095,
    "rr_collision": 0.0017252604166666666,
    "ro_collision": 0.0015390625,
    "form_rms": 1.7259704225882886,
    "stall_rate": 0.02233333333333333,
    "deadlock": 0.0825,
    "topology_switches": 2.87,
    "formation_recovery_time": 271.19652039348483,
    "irreversible_collapse": 0.0925,
    "recoverability_false_positive": 0.04404802480848464,
    "recoverability_false_negative": 0.0018671687507894402,
    "ms_per_step": 1.6000000000000003,
    "max_n": 16
  },
  "no_counterfactual": {
    "success": 0.16999999999999998,
    "goal_reached": 0.9125,
    "collision_free": 0.75,
    "form_ok": 0.16999999999999998,
    "rr_collision": 0.0019227430555555556,
    "ro_collision": 0.00152734375,
    "form_rms": 1.5476262728590517,
    "stall_rate": 0.01941666666666667,
    "deadlock": 0.07,
    "topology_switches": 3.5575,
    "formation_recovery_time": 259.23196899396424,
    "irreversible_collapse": 0.195,
    "recoverability_false_positive": 0.09589535181451996,
    "recoverability_false_negative": 0.00038335291815982876,
    "ms_per_step": 1.6000000000000003,
    "max_n": 16
  },
  "no_progress_shield": {
    "success": 0.21750000000000003,
    "goal_reached": 0.9175,
    "collision_free": 0.4875000000000001,
    "form_ok": 0.3175,
    "rr_collision": 0.017328559027777777,
    "ro_collision": 0.0012760416666666666,
    "form_rms": 0.916390619026497,
    "stall_rate": 0.010395833333333333,
    "deadlock": 0.037500000000000006,
    "topology_switches": 2.8375000000000004,
    "formation_recovery_time": 201.35861801023103,
    "irreversible_collapse": 0.10500000000000001,
    "recoverability_false_positive": 0.09588946053470386,
    "recoverability_false_negative": 0.00022076023391812868,
    "ms_per_step": 1.6000000000000003,
    "max_n": 16
  },
  "no_topology": {
    "success": 0.075,
    "goal_reached": 0.915,
    "collision_free": 0.815,
    "form_ok": 0.0825,
    "rr_collision": 0.0015342881944444445,
    "ro_collision": 0.0017018229166666668,
    "form_rms": 1.6985911006480454,
    "stall_rate": 0.022480978260869568,
    "deadlock": 0.08,
    "topology_switches": 3.6225,
    "formation_recovery_time": 250.21938792521678,
    "irreversible_collapse": 0.09,
    "recoverability_false_positive": 0.056870419066459954,
    "recoverability_false_negative": 0.0007911821705426357,
    "ms_per_step": 1.6000000000000003,
    "max_n": 16
  }
}