benchmark_tag,git_commit,distance_to_goal,empirical_recovery_rate,episode_seed,formation_error,instantaneous_risk,min_clearance,n_rollouts,recovered,rollout_utility,scenario,score_adjusted,score_raw,step,team_size,topology,topology_logit,uncertainty
benchmark-protocol-v2-smoke,095ec5c7ced679ee38d9bbbfd5590c863c741e8d,9.330187797546387,0.0,20000500,1.1339668035507202,0.5360105073455755,0.779071569442749,4,0,0.28641105762549807,open_field,1.0726791620254517,1.072691559791565,0,5,0,1.8178586959838867,5.6636443332536146e-05
benchmark-protocol-v2-smoke,095ec5c7ced679ee38d9bbbfd5590c863c741e8d,9.330187797546387,1.0,20000500,1.1339668035507202,0.5360105073455755,0.779071569442749,4,1,0.2821789064577648,open_field,0.595205545425415,0.5952069759368896,0,5,2,-3.3389954566955566,6.581454272236442e-06
benchmark-protocol-v2-smoke,095ec5c7ced679ee38d9bbbfd5590c863c741e8d,9.330187797546387,1.0,20000500,1.1339668035507202,0.5360105073455755,0.779071569442749,4,1,0.2502164404307093,open_field,0.5686507225036621,0.62233966588974,0,5,3,-0.5277138948440552,0.24518467485904694
benchmark-protocol-v2-smoke,095ec5c7ced679ee38d9bbbfd5590c863c741e8d,9.13054084777832,1.0,20000500,0.8852137327194214,0.5666573503655644,0.6882613897323608,4,1,0.34969012652124676,open_field,0.9740468263626099,0.974065899848938,8,5,0,3.077993869781494,7.464587542926893e-05
benchmark-protocol-v2-smoke,095ec5c7ced679ee38d9bbbfd5590c863c741e8d,9.13054084777832,0.0,20000500,0.8852137327194214,0.5666573503655644,0.6882613897323608,4,0,0.26254315248557497,open_field,0.35846421122550964,0.3584670126438141,8,5,2,-4.197394371032715,1.0994479453074746e-05
benchmark-protocol-v2-smoke,095ec5c7ced679ee38d9bbbfd5590c863c741e8d,9.13054084777832,1.0,20000500,0.8852137327194214,0.5666573503655644,0.6882613897323608,4,1,0.32577926771981375,open_field,0.7368736863136292,0.7596580386161804,8,5,3,-1.438723087310791,0.0893000140786171
benchmark-protocol-v2-smoke,095ec5c7ced679ee38d9bbbfd5590c863c741e8d,8.663381576538086,1.0,20000500,0.43988674879074097,0.5673108940443793,0.6864317059516907,4,1,0.4220435172319412,open_field,1.2177023887634277,1.217726230621338,16,5,0,4.1321821212768555,7.683190051466227e-05
benchmark-protocol-v2-smoke,095ec5c7ced679ee38d9bbbfd5590c863c741e8d,8.663381576538086,0.0,20000500,0.43988674879074097,0.5673108940443793,0.6864317059516907,4,0,0.26830846071243286,open_field,0.5785353183746338,0.578539252281189,16,5,2,-4.910980701446533,1.2615721971087623e-05
benchmark-protocol-v2-smoke,095ec5c7ced679ee38d9bbbfd5590c863c741e8d,8.663381576538086,1.0,20000500,0.43988674879074097,0.5673108940443793,0.6864317059516907,4,1,0.2788248040846416,open_field,0.5334309339523315,0.5447565913200378,16,5,3,-2.038520097732544,0.03658333793282509
benchmark-protocol-v2-smoke,095ec5c7ced679ee38d9bbbfd5590c863c741e8d,8.050090789794922,1.0,20000500,0.24858057498931885,0.0,0.9272729158401489,4,1,0.40269740351608824,open_field,1.1055861711502075,1.1056067943572998,24,5,0,3.9564120769500732,7.564222323708236e-05
benchmark-protocol-v2-smoke,095ec5c7ced679ee38d9bbbfd5590c863c741e8d,8.050090789794922,0.0,20000500,0.24858057498931885,0.0,0.9272729158401489,4,0,0.2751656962292535,open_field,0.4548403322696686,0.4548438489437103,24,5,2,-4.801530361175537,1.288329076487571e-05
benchmark-protocol-v2-smoke,095ec5c7ced679ee38d9bbbfd5590c863c741e8d,8.050090789794922,0.0,20000500,0.24858057498931885,0.0,0.9272729158401489,4,0,0.2786132033382143,open_field,0.6466565728187561,0.6552871465682983,24,5,3,-1.9013526439666748,0.03171571344137192
benchmark-protocol-v2-smoke,095ec5c7ced679ee38d9bbbfd5590c863c741e8d,7.313471794128418,1.0,20000500,0.3679502010345459,0.0,1.1496589183807373,4,1,0.39994630217552185,open_field,1.1931507587432861,1.193173885345459,32,5,0,4.249138832092285,7.828664820408449e-05
benchmark-protocol-v2-smoke,095ec5c7ced679ee38d9bbbfd5590c863c741e8d,7.313471794128418,0.0,20000500,0.3679502010345459,0.0,1.1496589183807373,4,0,0.28131977149418425,open_field,0.5039576888084412,0.5039623975753784,32,5,2,-4.99956750869751,1.6031897757784463e-05
benchmark-protocol-v2-smoke,095ec5c7ced679ee38d9bbbfd5590c863c741e8d,7.313471794128418,0.0,20000500,0.3679502010345459,0.0,1.1496589183807373,4,0,0.2848834501845496,open_field,0.6520716547966003,0.6569611430168152,32,5,3,-2.006136894226074,0.016545787453651428
benchmark-protocol-v2-smoke,095ec5c7ced679ee38d9bbbfd5590c863c741e8d,6.494841575622559,1.0,20000500,0.3736882209777832,0.0825732968562015,1.186376690864563,4,1,0.44248431282384054,open_field,1.2977962493896484,1.2978308200836182,40,5,0,4.863509178161621,8.062702545430511e-05
benchmark-protocol-v2-smoke,095ec5c7ced679ee38d9bbbfd5590c863c741e8d,6.494841575622559,0.0,20000500,0.3736882209777832,0.0825732968562015,1.186376690864563,4,0,0.28941413334437777,open_field,0.5545839667320251,0.5545928478240967,40,5,2,-5.292303085327148,2.0786535969818942e-05
benchmark-protocol-v2-smoke,095ec5c7ced679ee38d9bbbfd5590c863c741e8d,6.494841575622559,1.0,20000500,0.3736882209777832,0.0825732968562015,1.186376690864563,4,1,0.3056122937372753,open_field,0.2828630805015564,0.28525203466415405,40,5,3,-2.3887858390808105,0.005578967742621899
benchmark-protocol-v2-smoke,095ec5c7ced679ee38d9bbbfd5590c863c741e8d,5.630430698394775,1.0,20000500,0.2762352526187897,0.3461843406204834,1.0628291368484497,4,1,0.47905788677079336,open_field,1.3498347997665405,1.349891185760498,48,5,0,5.281566143035889,0.00010519530042074621
benchmark-protocol-v2-smoke,095ec5c7ced679ee38d9bbbfd5590c863c741e8d,5.630430698394775,0.0,20000500,0.2762352526187897,0.3461843406204834,1.0628291368484497,4,0,0.2953410893678665,open_field,0.5659865736961365,0.5660058259963989,48,5,2,-5.358602046966553,3.585862214094959e-05
benchmark-protocol-v2-smoke,095ec5c7ced679ee38d9bbbfd5590c863c741e8d,5.630430698394775,1.0,20000500,0.2762352526187897,0.3461843406204834,1.0628291368484497,4,1,0.3337021257196154,open_field,0.044366784393787384,0.04564303159713745,48,5,3,-2.7203924655914307,0.0023807608522474766
benchmark-protocol-v2-smoke,095ec5c7ced679ee38d9bbbfd5590c863c741e8d,4.755128383636475,1.0,20000500,0.20852616429328918,0.5035351139284918,0.8873629570007324,4,1,0.48691379598208834,open_field,1.3890186548233032,1.3891046047210693,56,5,0,5.519118785858154,0.00013754653627984226
benchmark-protocol-v2-smoke,095ec5c7ced679ee38d9bbbfd5590c863c741e8d,4.755128383636475,0.0,20000500,0.20852616429328918,0.5035351139284918,0.8873629570007324,4,0,0.2996829492705209,open_field,0.5593531727790833,0.559391975402832,56,5,2,-5.273392200469971,6.203715747687966e-05
benchmark-protocol-v2-smoke,095ec5c7ced679ee38d9bbbfd5590c863c741e8d,4.755128383636475,1.0,20000500,0.20852616429328918,0.5035351139284918,0.8873629570007324,4,1,0.3221853418009622,open_field,-0.14070963859558105,-0.1400257796049118,56,5,3,-2.943251609802246,0.001094131264835596
benchmark-protocol-v2-smoke,095ec5c7ced679ee38d9bbbfd5590c863c741e8d,3.865659475326538,1.0,20000500,0.21892893314361572,0.5355978767592064,0.7803651094436646,4,1,0.48583816630499704,open_field,1.3850127458572388,1.3851141929626465,64,5,0,5.248146057128906,0.00018000231648329645
benchmark-protocol-v2-smoke,095ec5c7ced679ee38d9bbbfd5590c863c741e8d,3.865659475326538,0.0,20000500,0.21892893314361572,0.5355978767592064,0.7803651094436646,4,0,0.3038519301584789,open_field,0.57329261302948,0.573347806930542,64,5,2,-4.7767133712768555,9.793596109375358e-05
benchmark-protocol-v2-smoke,095ec5c7ced679ee38d9bbbfd5590c863c741e8d,3.865659475326538,1.0,20000500,0.21892893314361572,0.5355978767592064,0.7803651094436646,4,1,0.308430763227599,open_field,0.011855531483888626,0.012366443872451782,64,5,3,-2.883486270904541,0.0009066281490959227
benchmark-protocol-v2-smoke,095ec5c7ced679ee38d9bbbfd5590c863c741e8d,2.9664406776428223,1.0,20000500,0.23338769376277924,0.5323240934332806,0.7906993627548218,4,1,0.4781231539590018,open_field,1.4016956090927124,1.4017999172210693,72,5,0,4.677197456359863,0.0001987586001632735
benchmark-protocol-v2-smoke,095ec5c7ced679ee38d9bbbfd5590c863c741e8d,2.9664406776428223,0.0,20000500,0.23338769376277924,0.5323240934332806,0.7906993627548218,4,0,0.30865156437669483,open_field,0.5830436944961548,0.5831059217453003,72,5,2,-4.123584270477295,0.00011862058454426005
benchmark-protocol-v2-smoke,095ec5c7ced679ee38d9bbbfd5590c863c741e8d,2.9664406776428223,1.0,20000500,0.23338769376277924,0.5323240934332806,0.7906993627548218,4,1,0.3281177112034389,open_field,0.1338026374578476,0.13433924317359924,72,5,3,-2.6132566928863525,0.001022620708681643
benchmark-protocol-v2-smoke,095ec5c7ced679ee38d9bbbfd5590c863c741e8d,2.0748703479766846,1.0,20000500,0.26233693957328796,0.5110721062557763,0.8610039353370667,4,1,0.43412379920482635,open_field,1.3213969469070435,1.3214905261993408,80,5,0,3.9127142429351807,0.00020254078845027834
benchmark-protocol-v2-smoke,095ec5c7ced679ee38d9bbbfd5590c863c741e8d,2.0748703479766846,0.0,20000500,0.26233693957328796,0.5110721062557763,0.8610039353370667,4,0,0.31164686594690594,open_field,0.5194915533065796,0.5195492506027222,80,5,2,-3.3653974533081055,0.00012487458297982812
benchmark-protocol-v2-smoke,095ec5c7ced679ee38d9bbbfd5590c863c741e8d,2.0748703479766846,1.0,20000500,0.26233693957328796,0.5110721062557763,0.8610039353370667,4,1,0.34550559520721436,open_field,0.22837065160274506,0.22939905524253845,80,5,3,-2.222395420074463,0.002226590644568205
benchmark-protocol-v2-smoke,095ec5c7ced679ee38d9bbbfd5590c863c741e8d,1.2276320457458496,1.0,20000500,0.36999648809432983,0.0,0.9284941554069519,4,1,0.2992872766086033,open_field,1.2838174104690552,1.2839350700378418,88,5,0,3.258917808532715,0.000238095861277543
benchmark-protocol-v2-smoke,095ec5c7ced679ee38d9bbbfd5590c863c741e8d,1.2276320457458496,0.0,20000500,0.36999648809432983,0.0,0.9284941554069519,4,0,0.29585505010826246,open_field,0.5014480948448181,0.5015252828598022,88,5,2,-2.660689353942871,0.0001563052792334929
benchmark-protocol-v2-smoke,095ec5c7ced679ee38d9bbbfd5590c863c741e8d,1.2276320457458496,1.0,20000500,0.36999648809432983,0.0,0.9284941554069519,4,1,0.2596834770270756,open_field,0.09127345681190491,0.09335649013519287,88,5,3,-1.8656916618347168,0.004216746427118778
benchmark-protocol-v2-smoke,095ec5c7ced679ee38d9bbbfd5590c863c741e8d,0.5922229886054993,0.0,20000500,0.7856176495552063,0.4180213158652891,0.9250959753990173,4,0,0.08303321897983551,open_field,1.2553479671478271,1.2555584907531738,96,5,0,2.70407772064209,0.00032856996404007077
benchmark-protocol-v2-smoke,095ec5c7ced679ee38d9bbbfd5590c863c741e8d,0.5922229886054993,0.0,20000500,0.7856176495552063,0.4180213158652891,0.9250959753990173,4,0,0.059104704431125095,open_field,0.5780650973320007,0.5782142877578735,96,5,2,-2.114581346511841,0.00023289881937671453
benchmark-protocol-v2-smoke,095ec5c7ced679ee38d9bbbfd5590c863c741e8d,0.5922229886054993,0.0,20000500,0.7856176495552063,0.4180213158652891,0.9250959753990173,4,0,0.10117694735527039,open_field,-0.31405872106552124,-0.30893632769584656,96,5,3,-1.5186177492141724,0.007996073924005032
benchmark-protocol-v2-smoke,095ec5c7ced679ee38d9bbbfd5590c863c741e8d,9.31917953491211,0.0,20000501,1.1159350872039795,0.5336808068166937,0.7864013314247131,4,0,0.286765775510243,open_field,1.2424215078353882,1.2424461841583252,0,5,0,1.9902749061584473,7.16639042366296e-05
benchmark-protocol-v2-smoke,095ec5c7ced679ee38d9bbbfd5590c863c741e8d,9.31917953491211,1.0,20000501,1.1159350872039795,0.5336808068166937,0.7864013314247131,4,1,0.28339351607220514,open_field,0.8018763065338135,0.8018791675567627,0,5,2,-3.4327073097229004,8.35296214063419e-06
benchmark-protocol-v2-smoke,095ec5c7ced679ee38d9bbbfd5590c863c741e8d,9.31917953491211,1.0,20000501,1.1159350872039795,0.5336808068166937,0.7864013314247131,4,1,0.2600633203983307,open_field,0.29632923007011414,0.39731746912002563,0,5,3,-0.5638450384140015,0.2926120460033417
benchmark-protocol-v2-smoke,095ec5c7ced679ee38d9bbbfd5590c863c741e8d,9.119280815124512,1.0,20000501,0.872821569442749,0.580185766906962,0.6512273550033569,4,1,0.35146030145032064,open_field,1.1024088859558105,1.1024398803710938,8,5,0,3.322927713394165,9.251578740077093e-05
benchmark-protocol-v2-smoke,095ec5c7ced679ee38d9bbbfd5590c863c741e8d,9.119280815124512,0.0,20000501,0.872821569442749,0.580185766906962,0.6512273550033569,4,0,0.26261892701898304,open_field,0.4236220121383667,0.42362678050994873,8,5,2,-4.2693939208984375,1.4187134183885064e-05
benchmark-protocol-v2-smoke,095ec5c7ced679ee38d9bbbfd5590c863c741e8d,9.119280815124512,1.0,20000501,0.872821569442749,0.580185766906962,0.6512273550033569,4,1,0.3369737969977515,open_field,0.3358321189880371,0.3622162938117981,8,5,3,-1.5245120525360107,0.07866283506155014
benchmark-protocol-v2-smoke,095ec5c7ced679ee38d9bbbfd5590c863c741e8d,8.651321411132812,1.0,20000501,0.4328005015850067,0.5605094536609585,0.705682098865509,4,1,0.422651680452483,open_field,1.3002567291259766,1.3002903461456299,16,5,0,4.378539085388184,8.933756907936186e-05
benchmark-protocol-v2-smoke,095ec5c7ced679ee38d9bbbfd5590c863c741e8d,8.651321411132812,0.0,20000501,0.4328005015850067,0.5605094536609585,0.705682098865509,4,0,0.2686434175286974,open_field,0.7064539194107056,0.7064592838287354,16,5,2,-5.230452537536621,1.4318681678560097e-05
benchmark-protocol-v2-smoke,095ec5c7ced679ee38d9bbbfd5590c863c741e8d,8.651321411132812,1.0,20000501,0.4328005015850067,0.5605094536609585,0.705682098865509,4,1,0.27947704068252016,open_field,0.3746940791606903,0.39256495237350464,16,5,3,-2.058901786804199,0.047477737069129944
benchmark-protocol-v2-smoke,095ec5c7ced679ee38d9bbbfd5590c863c741e8d,8.034616470336914,1.0,20000501,0.2489996701478958,0.0,0.9391035437583923,4,1,0.4020619179521288,open_field,1.2068716287612915,1.2069010734558105,24,5,0,4.156182289123535,9.052077075466514e-05
benchmark-protocol-v2-smoke,095ec5c7ced679ee38d9bbbfd5590c863c741e8d,8.034616470336914,0.0,20000501,0.2489996701478958,0.0,0.9391035437583923,4,0,0.2751551589795521,open_field,0.6191584467887878,0.6191633939743042,24,5,2,-5.004411697387695,1.5219665328913834e-05
benchmark-protocol-v2-smoke,095ec5c7ced679ee38d9bbbfd5590c863c741e8d,8.034616470336914,0.0,20000501,0.2489996701478958,0.0,0.9391035437583923,4,0,0.27854729124477934,open_field,0.43258240818977356,0.4455853998661041,24,5,3,-1.9234914779663086,0.03991400822997093
benchmark-protocol-v2-smoke,095ec5c7ced679ee38d9bbbfd5590c863c741e8d,7.294793605804443,1.0,20000501,0.3701733350753784,0.002828571618598346,1.1424014568328857,4,1,0.4010640042168753,open_field,1.2924695014953613,1.2925004959106445,32,5,0,4.247054100036621,9.383920405525714e-05
benchmark-protocol-v2-smoke,095ec5c7ced679ee38d9bbbfd5590c863c741e8d,7.294793605804443,0.0,20000501,0.3701733350753784,0.002828571618598346,1.1424014568328857,4,0,0.28136882185935974,open_field,0.6420676112174988,0.6420737504959106,32,5,2,-4.971423149108887,1.8643899238668382e-05
benchmark-protocol-v2-smoke,095ec5c7ced679ee38d9bbbfd5590c863c741e8d,7.294793605804443,0.0,20000501,0.3701733350753784,0.002828571618598346,1.1424014568328857,4,0,0.2850805733885084,open_field,0.5413975715637207,0.549750566482544,32,5,3,-1.9684722423553467,0.025271400809288025
benchmark-protocol-v2-smoke,095ec5c7ced679ee38d9bbbfd5590c863c741e8d,6.477964878082275,1.0,20000501,0.3720012307167053,0.1580514024489008,1.1636675596237183,4,1,0.4448429409946714,open_field,1.382798433303833,1.3828529119491577,40,5,0,4.783984184265137,0.00010592218313831836
benchmark-protocol-v2-smoke,095ec5c7ced679ee38d9bbbfd5590c863c741e8d,6.477964878082275,0.0,20000501,0.3720012307167053,0.1580514024489008,1.1636675596237183,4,0,0.28706444587026325,open_field,0.6847216486930847,0.6847356557846069,40,5,2,-5.177735328674316,2.724063779169228e-05
benchmark-protocol-v2-smoke,095ec5c7ced679ee38d9bbbfd5590c863c741e8d,6.477964878082275,1.0,20000501,0.3720012307167053,0.1580514024489008,1.1636675596237183,4,1,0.2989792504480907,open_field,0.12123385071754456,0.1255631446838379,40,5,3,-2.3164138793945312,0.008417345583438873
benchmark-protocol-v2-smoke,095ec5c7ced679ee38d9bbbfd5590c863c741e8d,5.637558460235596,1.0,20000501,0.26636993885040283,0.4238491486853394,1.0035253763198853,4,1,0.46845381387642454,open_field,1.4291675090789795,1.4292566776275635,48,5,0,5.151647090911865,0.00013518494961317629
benchmark-protocol-v2-smoke,095ec5c7ced679ee38d9bbbfd5590c863c741e8d,5.637558460235596,0.5,20000501,0.26636993885040283,0.4238491486853394,1.0035253763198853,4,1,0.29552064197404043,open_field,0.6761209964752197,0.6761505603790283,48,5,2,-5.227707862854004,4.484099554247223e-05
benchmark-protocol-v2-smoke,095ec5c7ced679ee38d9bbbfd5590c863c741e8d,5.637558460235596,1.0,20000501,0.26636993885040283,0.4238491486853394,1.0035253763198853,4,1,0.31953260728291105,open_field,-0.18771521747112274,-0.18525880575180054,48,5,3,-2.597748279571533,0.0037239871453493834
benchmark-protocol-v2-smoke,095ec5c7ced679ee38d9bbbfd5590c863c741e8d,4.854136943817139,1.0,20000501,0.24674874544143677,0.5407148182665747,0.7644633650779724,4,1,0.4671842264277594,open_field,1.1178128719329834,1.1179280281066895,56,5,0,4.5499701499938965,0.0002021508407779038
benchmark-protocol-v2-smoke,095ec5c7ced679ee38d9bbbfd5590c863c741e8d,4.854136943817139,0.25,20000501,0.24674874544143677,0.5407148182665747,0.7644633650779724,4,0,0.2976867790733065,open_field,0.23176920413970947,0.23181772232055664,56,5,2,-4.603296756744385,8.515486115356907e-05
benchmark-protocol-v2-smoke,095ec5c7ced679ee38d9bbbfd5590c863c741e8d,4.854136943817139,0.5,20000501,0.24674874544143677,0.5407148182665747,0.7644633650779724,4,1,0.3210421736751284,open_field,-0.26207074522972107,-0.2587321996688843,56,5,3,-2.2600042819976807,0.005860188510268927
benchmark-protocol-v2-smoke,095ec5c7ced679ee38d9bbbfd5590c863c741e8d,4.1607866287231445,1.0,20000501,0.23591777682304382,0.593934570947762,0.6153184175491333,4,1,0.44776281288691927,open_field,1.0611462593078613,1.061318278312683,64,5,0,4.376542091369629,0.00030257986509241164
benchmark-protocol-v2-smoke,095ec5c7ced679ee38d9bbbfd5590c863c741e8d,4.1607866287231445,1.0,20000501,0.23591777682304382,0.593934570947762,0.6153184175491333,4,1,0.3062180408409664,open_field,0.15115143358707428,0.15123599767684937,64,5,2,-4.105929851531982,0.00014875987835694104
benchmark-protocol-v2-smoke,095ec5c7ced679ee38d9bbbfd5590c863c741e8d,4.1607866287231445,0.0,20000501,0.23591777682304382,0.593934570947762,0.6153184175491333,4,0,-0.11988674317087446,open_field,-0.3097933232784271,-0.3064192533493042,64,5,3,-2.339855909347534,0.005935379303991795
benchmark-protocol-v2-smoke,095ec5c7ced679ee38d9bbbfd5590c863c741e8d,3.5498409271240234,1.0,20000501,0.29492300748825073,0.6066025291321215,0.5836732983589172,4,1,0.4081309608050755,open_field,1.225405216217041,1.2257272005081177,72,5,0,4.284664154052734,0.00037381486617960036
benchmark-protocol-v2-smoke,095ec5c7ced679ee38d9bbbfd5590c863c741e8d,3.5498409271240234,0.0,20000501,0.29492300748825073,0.6066025291321215,0.5836732983589172,4,0,0.3000159625496183,open_field,0.3357500731945038,0.33594995737075806,72,5,2,-3.561624765396118,0.00023208963102661073
benchmark-protocol-v2-smoke,095ec5c7ced679ee38d9bbbfd5590c863c741e8d,3.5498409271240234,0.0,20000501,0.29492300748825073,0.6066025291321215,0.5836732983589172,4,0,-0.11893520504236221,open_field,-0.8782740831375122,-0.8756799101829529,72,5,3,-2.4848127365112305,0.0030121218878775835
benchmark-protocol-v2-smoke,095ec5c7ced679ee38d9bbbfd5590c863c741e8d,2.9271957874298096,1.0,20000501,0.391996830701828,0.5856349438364872,0.6367935538291931,4,1,0.3906345473868506,open_field,1.109861135482788,1.11016845703125,80,5,0,3.877100944519043,0.00037380578578449786
benchmark-protocol-v2-smoke,095ec5c7ced679ee38d9bbbfd5590c863c741e8d,2.9271957874298096,0.0,20000501,0.391996830701828,0.5856349438364872,0.6367935538291931,4,0,0.30527959764003754,open_field,0.3641374111175537,0.36432188749313354,80,5,2,-3.1386215686798096,0.00022440410975832492
benchmark-protocol-v2-smoke,095ec5c7ced679ee38d9bbbfd5590c863c741e8d,2.9271957874298096,0.0,20000501,0.391996830701828,0.5856349438364872,0.6367935538291931,4,0,-0.11777278355189733,open_field,-0.887187123298645,-0.8825190663337708,80,5,3,-2.244302272796631,0.005678610410541296
benchmark-protocol-v2-smoke,095ec5c7ced679ee38d9bbbfd5590c863c741e8d,2.208043098449707,1.0,20000501,0.45523518323898315,0.5899671940087754,0.6255085468292236,4,1,0.47738154445375713,open_field,1.1098130941390991,1.1101264953613281,88,5,0,3.77484130859375,0.0003834767558146268
benchmark-protocol-v2-smoke,095ec5c7ced679ee38d9bbbfd5590c863c741e8d,2.208043098449707,0.0,20000501,0.45523518323898315,0.5899671940087754,0.6255085468292236,4,0,0.36849730142525267,open_field,0.3795192539691925,0.37972331047058105,88,5,2,-2.993232250213623,0.0002496425004210323
benchmark-protocol-v2-smoke,095ec5c7ced679ee38d9bbbfd5590c863c741e8d,2.208043098449707,0.0,20000501,0.45523518323898315,0.5899671940087754,0.6255085468292236,4,0,-0.11638596228190831,open_field,-0.8735585808753967,-0.8695563673973083,88,5,3,-2.098891258239746,0.0048962486907839775
benchmark-protocol-v2-smoke,095ec5c7ced679ee38d9bbbfd5590c863c741e8d,1.3953806161880493,1.0,20000501,0.3782758414745331,0.5427694074320275,0.7581627368927002,4,1,0.350299345595496,open_field,1.2539570331573486,1.254169225692749,96,5,0,3.324949264526367,0.0004072176234330982
benchmark-protocol-v2-smoke,095ec5c7ced679ee38d9bbbfd5590c863c741e8d,1.3953806161880493,0.0,20000501,0.3782758414745331,0.5427694074320275,0.7581627368927002,4,0,0.2764732816389629,open_field,0.5561960935592651,0.5563273429870605,96,5,2,-2.6017773151397705,0.00025193800684064627
benchmark-protocol-v2-smoke,095ec5c7ced679ee38d9bbbfd5590c863c741e8d,1.3953806161880493,0.5,20000501,0.3782758414745331,0.5427694074320275,0.7581627368927002,4,1,0.2469301755939211,open_field,-0.024766797199845314,-0.020195335149765015,96,5,3,-1.849197506904602,0.00877368450164795
benchmark-protocol-v2-smoke,095ec5c7ced679ee38d9bbbfd5590c863c741e8d,0.5804475545883179,0.0,20000501,0.4176219403743744,0.5434392438552975,0.756118893623352,4,0,0.10034342535904475,open_field,1.2499560117721558,1.2502281665802002,104,5,0,2.6027634143829346,0.0005191765958443284
benchmark-protocol-v2-smoke,095ec5c7ced679ee38d9bbbfd5590c863c741e8d,0.5804475545883179,0.0,20000501,0.4176219403743744,0.5434392438552975,0.756118893623352,4,0,0.035575538873672485,open_field,0.6452990770339966,0.6454792022705078,104,5,2,-2.010249137878418,0.0003436655388213694
benchmark-protocol-v2-smoke,095ec5c7ced679ee38d9bbbfd5590c863c741e8d,0.5804475545883179,0.0,20000501,0.4176219403743744,0.5434392438552975,0.756118893623352,4,0,0.07567830383777618,open_field,-0.04041031748056412,-0.03307080268859863,104,5,3,-1.4393962621688843,0.014001539908349514
benchmark-protocol-v2-smoke,095ec5c7ced679ee38d9bbbfd5590c863c741e8d,9.218281745910645,0.0,20000502,1.1603994369506836,0.506562874066122,0.8766797780990601,4,0,0.28685078024864197,open_field,1.305539846420288,1.3055623769760132,0,5,0,1.8263258934020996,7.053796434774995e-05
benchmark-protocol-v2-smoke,095ec5c7ced679ee38d9bbbfd5590c863c741e8d,9.218281745910645,1.0,20000502,1.1603994369506836,0.506562874066122,0.8766797780990601,4,1,0.2818177512713841,open_field,0.8697711825370789,0.8697737455368042,0,5,2,-3.246932029724121,7.93803974374896e-06
benchmark-protocol-v2-smoke,095ec5c7ced679ee38d9bbbfd5590c863c741e8d,9.218281745910645,1.0,20000502,1.1603994369506836,0.506562874066122,0.8766797780990601,4,1,0.2756464896457536,open_field,0.42619335651397705,0.5247132182121277,0,5,3,-0.4733928143978119,0.3083594739437103
benchmark-protocol-v2-smoke,095ec5c7ced679ee38d9bbbfd5590c863c741e8d,9.019697189331055,1.0,20000502,0.9037622213363647,0.5563524975622683,0.7176794409751892,4,1,0.3496114654200418,open_field,1.2130210399627686,1.213051438331604,8,5,0,3.1803929805755615,0.0001059946371242404
benchmark-protocol-v2-smoke,095ec5c7ced679ee38d9bbbfd5590c863c741e8d,9.019697189331055,0.0,20000502,0.9037622213363647,0.5563524975622683,0.7176794409751892,4,0,0.2631855138710567,open_field,0.6050716042518616,0.6050761938095093,8,5,2,-4.213613033294678,1.6067086107796058e-05
benchmark-protocol-v2-smoke,095ec5c7ced679ee38d9bbbfd5590c863c741e8d,9.019697189331055,1.0,20000502,0.9037622213363647,0.5563524975622683,0.7176794409751892,4,1,0.328337835414069,open_field,0.5833569765090942,0.6056301593780518,8,5,3,-1.4275171756744385,0.07775009423494339
benchmark-protocol-v2-smoke,095ec5c7ced679ee38d9bbbfd5590c863c741e8d,8.552316665649414,1.0,20000502,0.4447176158428192,0.5638340777827399,0.6962142586708069,4,1,0.42205303055899485,open_field,1.4191958904266357,1.4192372560501099,16,5,0,4.541803359985352,9.445032628718764e-05
benchmark-protocol-v2-smoke,095ec5c7ced679ee38d9bbbfd5590c863c741e8d,8.552316665649414,0.0,20000502,0.4447176158428192,0.5638340777827399,0.6962142586708069,4,0,0.2689472309180668,open_field,0.8679897785186768,0.8679965734481812,16,5,2,-5.213513374328613,1.550052547827363e-05
benchmark-protocol-v2-smoke,095ec5c7ced679ee38d9bbbfd5590c863c741e8d,8.552316665649414,1.0,20000502,0.4447176158428192,0.5638340777827399,0.6962142586708069,4,1,0.27981030302388327,open_field,0.32571840286254883,0.34672868251800537,16,5,3,-2.2032742500305176,0.04797891899943352
benchmark-protocol-v2-smoke,095ec5c7ced679ee38d9bbbfd5590c863c741e8d,7.939324855804443,1.0,20000502,0.25043678283691406,0.0,0.9144186973571777,4,1,0.4065132588148117,open_field,1.3093492984771729,1.3093923330307007,24,5,0,4.274757385253906,0.00010026904055848718
benchmark-protocol-v2-smoke,095ec5c7ced679ee38d9bbbfd5590c863c741e8d,7.939324855804443,0.0,20000502,0.25043678283691406,0.0,0.9144186973571777,4,0,0.27553899799074444,open_field,0.7627854347229004,0.7627929449081421,24,5,2,-5.026248931884766,1.7555101294419728e-05
benchmark-protocol-v2-smoke,095ec5c7ced679ee38d9bbbfd5590c863c741e8d,7.939324855804443,0.0,20000502,0.25043678283691406,0.0,0.9144186973571777,4,0,0.2784962058067322,open_field,0.24347808957099915,0.2595725655555725,24,5,3,-1.9805893898010254,0.03754173964262009
benchmark-protocol-v2-smoke,095ec5c7ced679ee38d9bbbfd5590c863c741e8d,7.230884552001953,1.0,20000502,0.36083361506462097,0.07431004517248498,1.1021772623062134,4,1,0.4114462988717215,open_field,1.3823574781417847,1.3824049234390259,32,5,0,4.306736946105957,0.0001062427691067569
benchmark-protocol-v2-smoke,095ec5c7ced679ee38d9bbbfd5590c863c741e8d,7.230884552001953,0.0,20000502,0.36083361506462097,0.07431004517248498,1.1021772623062134,4,0,0.28194483476025717,open_field,0.7754833102226257,0.7754932641983032,32,5,2,-4.989709854125977,2.220213536929805e-05
benchmark-protocol-v2-smoke,095ec5c7ced679ee38d9bbbfd5590c863c741e8d,7.230884552001953,0.0,20000502,0.36083361506462097,0.07431004517248498,1.1021772623062134,4,0,0.2844426397766386,open_field,0.27814459800720215,0.2893916666507721,32,5,3,-1.9261250495910645,0.025153981521725655
benchmark-protocol-v2-smoke,095ec5c7ced679ee38d9bbbfd5590c863c741e8d,6.464147567749023,1.0,20000502,0.3448261022567749,0.3342684607454781,1.0251336097717285,4,1,0.4507671466895512,open_field,1.434433102607727,1.434505581855774,40,5,0,4.644871711730957,0.00013416868750937283
benchmark-protocol-v2-smoke,095ec5c7ced679ee38d9bbbfd5590c863c741e8d,6.464147567749023,0.0,20000502,0.3448261022567749,0.3342684607454781,1.0251336097717285,4,0,0.2923900634050369,open_field,0.8073806166648865,0.8073991537094116,40,5,2,-5.0286054611206055,3.4370408684480935e-05
benchmark-protocol-v2-smoke,095ec5c7ced679ee38d9bbbfd5590c863c741e8d,6.464147567749023,1.0,20000502,0.3448261022567749,0.3342684607454781,1.0251336097717285,4,1,0.31506331052098957,open_field,0.10565059632062912,0.11279866844415665,40,5,3,-2.15279483795166,0.013241605833172798
benchmark-protocol-v2-smoke,095ec5c7ced679ee38d9bbbfd5590c863c741e8d,5.6504082679748535,1.0,20000502,0.2549300789833069,0.4857467859768486,0.9088150858879089,4,1,0.4768335542508534,open_field,1.4821423292160034,1.4822533130645752,48,5,0,5.229517459869385,0.00015844483277760446
benchmark-protocol-v2-smoke,095ec5c7ced679ee38d9bbbfd5590c863c741e8d,5.6504082679748535,1.0,20000502,0.2549300789833069,0.4857467859768486,0.9088150858879089,4,1,0.30469265580177307,open_field,0.8523260951042175,0.8523616790771484,48,5,2,-5.309421539306641,5.0792361435014755e-05
benchmark-protocol-v2-smoke,095ec5c7ced679ee38d9bbbfd5590c863c741e8d,5.6504082679748535,1.0,20000502,0.2549300789833069,0.4857467859768486,0.9088150858879089,4,1,0.34546894686562674,open_field,-0.21989068388938904,-0.21523365378379822,48,5,3,-2.460510730743408,0.006646879483014345
benchmark-protocol-v2-smoke,095ec5c7ced679ee38d9bbbfd5590c863c741e8d,4.789334297180176,1.0,20000502,0.22041559219360352,0.5441402993840672,0.7539852261543274,4,1,0.48336748140198843,open_field,1.4445337057113647,1.4446511268615723,56,5,0,4.881290435791016,0.00020966067677363753
benchmark-protocol-v2-smoke,095ec5c7ced679ee38d9bbbfd5590c863c741e8d,4.789334297180176,0.5,20000502,0.22041559219360352,0.5441402993840672,0.7539852261543274,4,1,0.3045628092118672,open_field,0.7940909266471863,0.794134259223938,56,5,2,-4.833580493927002,7.740583532722667e-05
benchmark-protocol-v2-smoke,095ec5c7ced679ee38d9bbbfd5590c863c741e8d,4.789334297180176,1.0,20000502,0.22041559219360352,0.5441402993840672,0.7539852261543274,4,1,0.3466443717479706,open_field,0.07055875658988953,0.0736694186925888,56,5,3,-2.4045910835266113,0.005555316805839539
benchmark-protocol-v2-smoke,095ec5c7ced679ee38d9bbbfd5590c863c741e8d,3.8937909603118896,1.0,20000502,0.2282751202583313,0.54777820520169,0.7430006861686707,4,1,0.4860266404492514,open_field,1.4621593952178955,1.4622771739959717,64,5,0,4.344659805297852,0.00024259716155938804
benchmark-protocol-v2-smoke,095ec5c7ced679ee38d9bbbfd5590c863c741e8d,3.8937909603118896,0.0,20000502,0.2282751202583313,0.54777820520169,0.7430006861686707,4,0,0.3049768784216472,open_field,0.8504405617713928,0.8504910469055176,64,5,2,-4.216540336608887,0.00010394055425422266
benchmark-protocol-v2-smoke,095ec5c7ced679ee38d9bbbfd5590c863c741e8d,3.8937909603118896,1.0,20000502,0.2282751202583313,0.54777820520169,0.7430006861686707,4,1,0.3302028775215149,open_field,0.27117428183555603,0.273227334022522,64,5,3,-2.1778717041015625,0.004228786565363407
benchmark-protocol-v2-smoke,095ec5c7ced679ee38d9bbbfd5590c863c741e8d,2.9826831817626953,1.0,20000502,0.23398062586784363,0.5529502951736956,0.7276327610015869,4,1,0.4848753277744566,open_field,1.476304054260254,1.4763994216918945,72,5,0,3.543877601623535,0.00023779204639140517
benchmark-protocol-v2-smoke,095ec5c7ced679ee38d9bbbfd5590c863c741e8d,2.9826831817626953,0.0,20000502,0.23398062586784363,0.5529502951736956,0.7276327610015869,4,0,0.3093289669070925,open_field,0.8322860598564148,0.8323312997817993,72,5,2,-3.3556933403015137,0.00011279804311925545
benchmark-protocol-v2-smoke,095ec5c7ced679ee38d9bbbfd5590c863c741e8d,2.9826831817626953,1.0,20000502,0.23398062586784363,0.5529502951736956,0.7276327610015869,4,1,0.3382816719157355,open_field,0.5107330083847046,0.5125088691711426,72,5,3,-1.8022520542144775,0.00443011149764061
benchmark-protocol-v2-smoke,095ec5c7ced679ee38d9bbbfd5590c863c741e8d,2.073348045349121,1.0,20000502,0.24802923202514648,0.5325218950710302,0.7900713682174683,4,1,0.4541028674159731,open_field,1.3748712539672852,1.37495756149292,80,5,0,2.6895079612731934,0.00021744238620158285
benchmark-protocol-v2-smoke,095ec5c7ced679ee38d9bbbfd5590c863c741e8d,2.073348045349121,0.0,20000502,0.24802923202514648,0.5325218950710302,0.7900713682174683,4,0,0.31356440271650043,open_field,0.7608950734138489,0.7609378099441528,80,5,2,-2.4755125045776367,0.00010767664934974164
benchmark-protocol-v2-smoke,095ec5c7ced679ee38d9bbbfd5590c863c741e8d,2.073348045349121,1.0,20000502,0.24802923202514648,0.5325218950710302,0.7900713682174683,4,1,0.3534005561045238,open_field,0.41197332739830017,0.414646178483963,80,5,3,-1.4070191383361816,0.00673109432682395
benchmark-protocol-v2-smoke,095ec5c7ced679ee38d9bbbfd5590c863c741e8d,1.198032259941101,1.0,20000502,0.3232820928096771,0.5153306889663292,0.8464514017105103,4,1,0.26311435444014414,open_field,1.3302847146987915,1.330353021621704,88,5,0,1.8444454669952393,0.00021216762252151966
benchmark-protocol-v2-smoke,095ec5c7ced679ee38d9bbbfd5590c863c741e8d,1.198032259941101,0.0,20000502,0.3232820928096771,0.5153306889663292,0.8464514017105103,4,0,0.27577657784734455,open_field,0.7341781854629517,0.7342125177383423,88,5,2,-1.651077389717102,0.00010660661064321175
benchmark-protocol-v2-smoke,095ec5c7ced679ee38d9bbbfd5590c863c741e8d,1.198032259941101,1.0,20000502,0.3232820928096771,0.5153306889663292,0.8464514017105103,4,1,0.2778666466474533,open_field,0.5802817940711975,0.5852259993553162,88,5,3,-1.0427062511444092,0.015357558615505695
benchmark-protocol-v2-smoke,095ec5c7ced679ee38d9bbbfd5590c863c741e8d,9.333861351013184,0.0,20000503,1.108132004737854,0.5346706436425912,0.7832792401313782,4,0,0.28763921771730694,open_field,1.2538701295852661,1.2538899183273315,0,5,0,0.9782372713088989,8.377709309570491e-05
benchmark-protocol-v2-smoke,095ec5c7ced679ee38d9bbbfd5590c863c741e8d,9.333861351013184,0.75,20000503,1.108132004737854,0.5346706436425912,0.7832792401313782,4,1,0.2732569138918604,open_field,0.7272096276283264,0.7272112369537354,0,5,2,-2.7848458290100098,6.763898454664741e-06
benchmark-protocol-v2-smoke,095ec5c7ced679ee38d9bbbfd5590c863c741e8d,9.333861351013184,1.0,20000503,1.108132004737854,0.5346706436425912,0.7832792401313782,4,1,0.25558977893420626,open_field,0.8582576513290405,1.199002981185913,0,5,3,0.15087094902992249,1.4413560628890991
benchmark-protocol-v2-smoke,095ec5c7ced679ee38d9bbbfd5590c863c741e8d,9.125320434570312,1.0,20000503,0.855797290802002,0.5636969139149608,0.6966027021408081,4,1,0.3578773204769407,open_field,1.0902636051177979,1.090294599533081,8,5,0,2.3544247150421143,0.00011034820636268705
benchmark-protocol-v2-smoke,095ec5c7ced679ee38d9bbbfd5590c863c741e8d,9.125320434570312,0.0,20000503,0.855797290802002,0.5636969139149608,0.6966027021408081,4,0,0.26309132150241304,open_field,0.40922459959983826,0.40922778844833374,8,5,2,-3.7315480709075928,1.1351530702086166e-05
benchmark-protocol-v2-smoke,095ec5c7ced679ee38d9bbbfd5590c863c741e8d,9.125320434570312,1.0,20000503,0.855797290802002,0.5636969139149608,0.6966027021408081,4,1,0.3313796584095274,open_field,0.696805477142334,0.8398851752281189,8,5,3,-0.7653273344039917,0.5086889266967773
benchmark-protocol-v2-smoke,095ec5c7ced679ee38d9bbbfd5590c863c741e8d,8.640368461608887,1.0,20000503,0.40782788395881653,0.5491674180487952,0.7388444542884827,4,1,0.4222476099218641,open_field,1.3225663900375366,1.322597622871399,16,5,0,3.384328842163086,0.00012544724449981004
benchmark-protocol-v2-smoke,095ec5c7ced679ee38d9bbbfd5590c863c741e8d,8.640368461608887,0.0,20000503,0.40782788395881653,0.5491674180487952,0.7388444542884827,4,0,0.2687220126390457,open_field,0.7202977538108826,0.7203015089035034,16,5,2,-4.577208518981934,1.5090055057953577e-05
benchmark-protocol-v2-smoke,095ec5c7ced679ee38d9bbbfd5590c863c741e8d,8.640368461608887,1.0,20000503,0.40782788395881653,0.5491674180487952,0.7388444542884827,4,1,0.2772777165685381,open_field,0.8783867359161377,0.9394111037254333,16,5,3,-1.3398596048355103,0.24516735970973969
benchmark-protocol-v2-smoke,095ec5c7ced679ee38d9bbbfd5590c863c741e8d,8.00008487701416,1.0,20000503,0.2579636573791504,0.0,0.985775887966156,4,1,0.3941375400338854,open_field,1.2419863939285278,1.242018699645996,24,5,0,3.313525676727295,0.00012472343223635107
benchmark-protocol-v2-smoke,095ec5c7ced679ee38d9bbbfd5590c863c741e8d,8.00008487701416,0.0,20000503,0.2579636573791504,0.0,0.985775887966156,4,0,0.27578890536512646,open_field,0.6201175451278687,0.6201217174530029,24,5,2,-4.580323219299316,1.6136385966092348e-05
benchmark-protocol-v2-smoke,095ec5c7ced679ee38d9bbbfd5590c863c741e8d,8.00008487701416,0.0,20000503,0.2579636573791504,0.0,0.985775887966156,4,0,0.2790912411042622,open_field,0.7657565474510193,0.8194648623466492,24,5,3,-1.1992824077606201,0.20714227855205536
benchmark-protocol-v2-smoke,095ec5c7ced679ee38d9bbbfd5590c863c741e8d,7.244868755340576,1.0,20000503,0.39039212465286255,0.0,1.1721687316894531,4,1,0.3992817848920822,open_field,1.366443157196045,1.3664848804473877,32,5,0,3.7918038368225098,0.00012215676542837173
benchmark-protocol-v2-smoke,095ec5c7ced679ee38d9bbbfd5590c863c741e8d,7.244868755340576,0.0,20000503,0.39039212465286255,0.0,1.1721687316894531,4,0,0.281897566148213,open_field,0.786203145980835,0.7862094640731812,32,5,2,-4.975851535797119,1.854275615187362e-05
benchmark-protocol-v2-smoke,095ec5c7ced679ee38d9bbbfd5590c863c741e8d,7.244868755340576,0.0,20000503,0.39039212465286255,0.0,1.1721687316894531,4,0,0.2856087620769228,open_field,0.5184260606765747,0.5538572669029236,32,5,3,-1.4067258834838867,0.10367903113365173
benchmark-protocol-v2-smoke,095ec5c7ced679ee38d9bbbfd5590c863c741e8d,6.422694206237793,1.0,20000503,0.3745395839214325,0.1717402329480339,1.148643136024475,4,1,0.44993025277342114,open_field,1.4224460124969482,1.422516942024231,40,5,0,4.463347434997559,0.0001407438248861581
benchmark-protocol-v2-smoke,095ec5c7ced679ee38d9bbbfd5590c863c741e8d,6.422694206237793,0.0,20000503,0.3745395839214325,0.1717402329480339,1.148643136024475,4,0,0.28947724189077106,open_field,0.8146427273750305,0.814656138420105,40,5,2,-5.2550177574157715,2.6581745260045864e-05
benchmark-protocol-v2-smoke,095ec5c7ced679ee38d9bbbfd5590c863c741e8d,6.422694206237793,1.0,20000503,0.3745395839214325,0.1717402329480339,1.148643136024475,4,1,0.3126549507890429,open_field,0.1660962998867035,0.1878824532032013,40,5,3,-1.841970682144165,0.04322158172726631
benchmark-protocol-v2-smoke,095ec5c7ced679ee38d9bbbfd5590c863c741e8d,5.571644306182861,1.0,20000503,0.2547416687011719,0.42494675367203527,0.9901073575019836,4,1,0.4786701053380966,open_field,1.4377400875091553,1.437852382659912,48,5,0,4.6154680252075195,0.00019610575691331178
benchmark-protocol-v2-smoke,095ec5c7ced679ee38d9bbbfd5590c863c741e8d,5.571644306182861,0.0,20000503,0.2547416687011719,0.42494675367203527,0.9901073575019836,4,0,0.29405819943972994,open_field,0.795137345790863,0.7951654195785522,48,5,2,-5.119836807250977,4.906021058559418e-05
benchmark-protocol-v2-smoke,095ec5c7ced679ee38d9bbbfd5590c863c741e8d,5.571644306182861,1.0,20000503,0.2547416687011719,0.42494675367203527,0.9901073575019836,4,1,0.3281053304672241,open_field,0.023750796914100647,0.03664939105510712,48,5,3,-1.9709467887878418,0.022522829473018646
benchmark-protocol-v2-smoke,095ec5c7ced679ee38d9bbbfd5590c863c741e8d,4.735447883605957,1.0,20000503,0.21270090341567993,0.5408533956566901,0.7640368938446045,4,1,0.4787610662834985,open_field,1.3484519720077515,1.348679780960083,56,5,0,4.751717567443848,0.00031963683431968093
benchmark-protocol-v2-smoke,095ec5c7ced679ee38d9bbbfd5590c863c741e8d,4.735447883605957,1.0,20000503,0.21270090341567993,0.5408533956566901,0.7640368938446045,4,1,0.31348961165973116,open_field,0.7292076349258423,0.729282021522522,56,5,2,-5.049952507019043,0.0001043249576468952
benchmark-protocol-v2-smoke,095ec5c7ced679ee38d9bbbfd5590c863c741e8d,4.735447883605957,0.25,20000503,0.21270090341567993,0.5408533956566901,0.7640368938446045,4,0,-0.012053336415972029,open_field,-0.3872425854206085,-0.3749486804008484,56,5,3,-2.1056346893310547,0.01724523864686489
benchmark-protocol-v2-smoke,095ec5c7ced679ee38d9bbbfd5590c863c741e8d,3.915504217147827,1.0,20000503,0.22786684334278107,0.5603490621490252,0.7061417102813721,4,1,0.4816279730626515,open_field,1.3236758708953857,1.3239396810531616,64,5,0,4.720574855804443,0.00036750236176885664
benchmark-protocol-v2-smoke,095ec5c7ced679ee38d9bbbfd5590c863c741e8d,3.915504217147827,1.0,20000503,0.22786684334278107,0.5603490621490252,0.7061417102813721,4,1,0.3187945442540305,open_field,0.6100324988365173,0.6101367473602295,64,5,2,-4.643952369689941,0.00014517948147840798
benchmark-protocol-v2-smoke,095ec5c7ced679ee38d9bbbfd5590c863c741e8d,3.915504217147827,0.5,20000503,0.22786684334278107,0.5603490621490252,0.7061417102813721,4,1,0.31653017763580593,open_field,-0.43749818205833435,-0.42495018243789673,64,5,3,-2.2378244400024414,0.0174766443669796
benchmark-protocol-v2-smoke,095ec5c7ced679ee38d9bbbfd5590c863c741e8d,3.0758955478668213,1.0,20000503,0.25055158138275146,0.5692353250870561,0.6810684204101562,4,1,0.5142327355487006,open_field,1.244961142539978,1.2452013492584229,72,5,0,4.160168647766113,0.0004457856703083962
benchmark-protocol-v2-smoke,095ec5c7ced679ee38d9bbbfd5590c863c741e8d,3.0758955478668213,1.0,20000503,0.25055158138275146,0.5692353250870561,0.6810684204101562,4,1,0.34913375973701477,open_field,0.5750995874404907,0.5752043724060059,72,5,2,-3.9072985649108887,0.00019445217913016677
benchmark-protocol-v2-smoke,095ec5c7ced679ee38d9bbbfd5590c863c741e8d,3.0758955478668213,1.0,20000503,0.25055158138275146,0.5692353250870561,0.6810684204101562,4,1,0.36973624357155394,open_field,-0.0857488140463829,-0.07469961047172546,72,5,3,-2.0621044635772705,0.020504463464021683
benchmark-protocol-v2-smoke,095ec5c7ced679ee38d9bbbfd5590c863c741e8d,2.204533576965332,1.0,20000503,0.24850280582904816,0.55177960605787,0.731086015701294,4,1,0.4712102987936565,open_field,1.3264347314834595,1.3267016410827637,80,5,0,3.787529706954956,0.0005130654317326844
benchmark-protocol-v2-smoke,095ec5c7ced679ee38d9bbbfd5590c863c741e8d,2.204533576965332,0.25,20000503,0.24850280582904816,0.55177960605787,0.731086015701294,4,0,0.3145413398742676,open_field,0.6939939856529236,0.694123387336731,80,5,2,-3.4015145301818848,0.00024877776741050184
benchmark-protocol-v2-smoke,095ec5c7ced679ee38d9bbbfd5590c863c741e8d,2.204533576965332,1.0,20000503,0.24850280582904816,0.55177960605787,0.731086015701294,4,1,0.3397262394428253,open_field,0.04325998201966286,0.052388280630111694,80,5,3,-1.9344446659088135,0.01754629984498024
benchmark-protocol-v2-smoke,095ec5c7ced679ee38d9bbbfd5590c863c741e8d,1.3351420164108276,1.0,20000503,0.2804751396179199,0.5180299065452552,0.8373514413833618,4,1,0.34388610082013266,open_field,1.217456579208374,1.2176501750946045,88,5,0,3.218626022338867,0.0005386693519540131
benchmark-protocol-v2-smoke,095ec5c7ced679ee38d9bbbfd5590c863c741e8d,1.3351420164108276,0.0,20000503,0.2804751396179199,0.5180299065452552,0.8373514413833618,4,0,0.276219510606357,open_field,0.5664562582969666,0.5665489435195923,88,5,2,-2.8163931369781494,0.0002579081046860665
benchmark-protocol-v2-smoke,095ec5c7ced679ee38d9bbbfd5590c863c741e8d,1.3351420164108276,1.0,20000503,0.2804751396179199,0.5180299065452552,0.8373514413833618,4,1,0.2712016637836184,open_field,0.3661617338657379,0.379077285528183,88,5,3,-1.61098313331604,0.035940006375312805
benchmark-protocol-v2-smoke,095ec5c7ced679ee38d9bbbfd5590c863c741e8d,0.5732934474945068,0.0,20000503,0.5627211928367615,0.5101521891829105,0.8641794323921204,4,0,0.0953863901751382,open_field,1.147441029548645,1.1476480960845947,96,5,0,2.238712787628174,0.0006718931836076081
benchmark-protocol-v2-smoke,095ec5c7ced679ee38d9bbbfd5590c863c741e8d,0.5732934474945068,0.0,20000503,0.5627211928367615,0.5101521891829105,0.8641794323921204,4,0,0.03553877345153263,open_field,0.5460000038146973,0.5461015701293945,96,5,2,-2.0082507133483887,0.0003295721544418484
benchmark-protocol-v2-smoke,095ec5c7ced679ee38d9bbbfd5590c863c741e8d,0.5732934474945068,0.0,20000503,0.5627211928367615,0.5101521891829105,0.8641794323921204,4,0,0.07768481118338448,open_field,0.4245258569717407,0.4518686532974243,96,5,3,-1.040426254272461,0.08871962875127792
benchmark-protocol-v2-smoke,095ec5c7ced679ee38d9bbbfd5590c863c741e8d,9.260184288024902,0.0,20000504,1.197956919670105,0.5095941913820078,0.8661112189292908,4,0,0.2866269520350865,open_field,1.204717755317688,1.204740285873413,0,5,0,1.2481966018676758,8.92820316948928e-05
benchmark-protocol-v2-smoke,095ec5c7ced679ee38d9bbbfd5590c863c741e8d,9.260184288024902,1.0,20000504,1.197956919670105,0.5095941913820078,0.8661112189292908,4,1,0.28122797182628084,open_field,0.7702038288116455,0.7702059745788574,0,5,2,-2.9167749881744385,8.496695954818279e-06
benchmark-protocol-v2-smoke,095ec5c7ced679ee38d9bbbfd5590c863c741e8d,9.260184288024902,0.0,20000504,1.197956919670105,0.5095941913820078,0.8661112189292908,4,0,0.24826563256127493,open_field,0.395178884267807,0.6076134443283081,0,5,3,-0.026705890893936157,0.8427872657775879
benchmark-protocol-v2-smoke,095ec5c7ced679ee38d9bbbfd5590c863c741e8d,9.061352729797363,1.0,20000504,0.9322452545166016,0.5653796156863187,0.6918507814407349,4,1,0.3463274474654879,open_field,1.041693925857544,1.0417280197143555,8,5,0,2.6417880058288574,0.0001338977162959054
benchmark-protocol-v2-smoke,095ec5c7ced679ee38d9bbbfd5590c863c741e8d,9.061352729797363,0.0,20000504,0.9322452545166016,0.5653796156863187,0.6918507814407349,4,0,0.2629304166351046,open_field,0.4174858629703522,0.417490154504776,8,5,2,-3.888383150100708,1.6881713236216456e-05
benchmark-protocol-v2-smoke,095ec5c7ced679ee38d9bbbfd5590c863c741e8d,9.061352729797363,1.0,20000504,0.9322452545166016,0.5653796156863187,0.6918507814407349,4,1,0.33162679629666464,open_field,0.649290144443512,0.7220776677131653,8,5,3,-0.9464170932769775,0.2855881452560425
benchmark-protocol-v2-smoke,095ec5c7ced679ee38d9bbbfd5590c863c741e8d,8.59165096282959,1.0,20000504,0.4594307541847229,0.5655098069866095,0.6914843320846558,4,1,0.4180313582931246,open_field,1.3467639684677124,1.3468098640441895,16,5,0,4.089007377624512,0.00012720507220365107
benchmark-protocol-v2-smoke,095ec5c7ced679ee38d9bbbfd5590c863c741e8d,8.59165096282959,0.0,20000504,0.4594307541847229,0.5655098069866095,0.6914843320846558,4,0,0.2688831559249333,open_field,0.7677130699157715,0.7677198648452759,16,5,2,-4.9588212966918945,1.8781202015816234e-05
benchmark-protocol-v2-smoke,095ec5c7ced679ee38d9bbbfd5590c863c741e8d,8.59165096282959,1.0,20000504,0.4594307541847229,0.5655098069866095,0.6914843320846558,4,1,0.2811590624707086,open_field,0.44071632623672485,0.47899961471557617,16,5,3,-1.8528046607971191,0.10609717667102814
benchmark-protocol-v2-smoke,095ec5c7ced679ee38d9bbbfd5590c863c741e8d,7.978161811828613,1.0,20000504,0.25669440627098083,0.034598482541818916,0.9066735506057739,4,1,0.4025001334292548,open_field,1.26287841796875,1.2629272937774658,24,5,0,4.045425891876221,0.00012452960072550923
benchmark-protocol-v2-smoke,095ec5c7ced679ee38d9bbbfd5590c863c741e8d,7.978161811828613,0.0,20000504,0.25669440627098083,0.034598482541818916,0.9066735506057739,4,0,0.2752854142870222,open_field,0.7498553395271301,0.749862551689148,24,5,2,-5.058910369873047,1.8364135030424222e-05
benchmark-protocol-v2-smoke,095ec5c7ced679ee38d9bbbfd5590c863c741e8d,7.978161811828613,0.0,20000504,0.25669440627098083,0.034598482541818916,0.9066735506057739,4,0,0.27820481785706114,open_field,0.26473429799079895,0.3029492497444153,24,5,3,-1.696138620376587,0.09743257611989975
benchmark-protocol-v2-smoke,095ec5c7ced679ee38d9bbbfd5590c863c741e8d,7.265439033508301,1.0,20000504,0.36932137608528137,0.06275717353820177,1.0665160417556763,4,1,0.407324024609157,open_field,1.3295103311538696,1.329562783241272,32,5,0,4.09237003326416,0.00012786959996446967
benchmark-protocol-v2-smoke,095ec5c7ced679ee38d9bbbfd5590c863c741e8d,7.265439033508301,0.0,20000504,0.36932137608528137,0.06275717353820177,1.0665160417556763,4,0,0.28080776972430094,open_field,0.7822832465171814,0.7822924852371216,32,5,2,-5.010156631469727,2.2580901713809e-05
benchmark-protocol-v2-smoke,095ec5c7ced679ee38d9bbbfd5590c863c741e8d,7.265439033508301,0.0,20000504,0.36932137608528137,0.06275717353820177,1.0665160417556763,4,0,0.28399739946637836,open_field,0.2991650402545929,0.3272753953933716,32,5,3,-1.7231667041778564,0.06860212236642838
benchmark-protocol-v2-smoke,095ec5c7ced679ee38d9bbbfd5590c863c741e8d,6.496034145355225,1.0,20000504,0.3524788022041321,0.30127101815652135,1.022033929824829,4,1,0.44623455830982756,open_field,1.3614777326583862,1.361555576324463,40,5,0,4.526126384735107,0.00015208692639134824
benchmark-protocol-v2-smoke,095ec5c7ced679ee38d9bbbfd5590c863c741e8d,6.496034145355225,0.0,20000504,0.3524788022041321,0.30127101815652135,1.022033929824829,4,0,0.28817513797964367,open_field,0.7362297773361206,0.7362473011016846,40,5,2,-5.00388240814209,3.4299646358704194e-05
benchmark-protocol-v2-smoke,095ec5c7ced679ee38d9bbbfd5590c863c741e8d,6.496034145355225,1.0,20000504,0.3524788022041321,0.30127101815652135,1.022033929824829,4,1,0.3013112906898771,open_field,0.09332124143838882,0.10875526070594788,40,5,3,-2.036348581314087,0.03017675317823887
benchmark-protocol-v2-smoke,095ec5c7ced679ee38d9bbbfd5590c863c741e8d,5.7327880859375,1.0,20000504,0.2598136067390442,0.4861326225495836,0.9086577296257019,4,1,0.4679876778806959,open_field,1.394728422164917,1.3948538303375244,48,5,0,4.66792106628418,0.0002126014296663925
benchmark-protocol-v2-smoke,095ec5c7ced679ee38d9bbbfd5590c863c741e8d,5.7327880859375,1.0,20000504,0.2598136067390442,0.4861326225495836,0.9086577296257019,4,1,0.30890938213893343,open_field,0.7181621193885803,0.7181999683380127,48,5,2,-4.853576183319092,6.420431600417942e-05
benchmark-protocol-v2-smoke,095ec5c7ced679ee38d9bbbfd5590c863c741e8d,5.7327880859375,0.75,20000504,0.2598136067390442,0.4861326225495836,0.9086577296257019,4,1,-0.03654928079673222,open_field,-0.05731343850493431,-0.04855389893054962,48,5,3,-2.2454633712768555,0.014855457469820976
benchmark-protocol-v2-smoke,095ec5c7ced679ee38d9bbbfd5590c863c741e8d,5.00077486038208,1.0,20000504,0.2294722944498062,0.5576764171713181,0.7138391137123108,4,1,0.4616049953869411,open_field,1.2577464580535889,1.2579314708709717,56,5,0,4.713298797607422,0.00030866952147334814
benchmark-protocol-v2-smoke,095ec5c7ced679ee38d9bbbfd5590c863c741e8d,5.00077486038208,1.0,20000504,0.2294722944498062,0.5576764171713181,0.7138391137123108,4,1,0.32687342379774365,open_field,0.5249645113945007,0.5250303745269775,56,5,2,-4.752469062805176,0.00010990795999532565
benchmark-protocol-v2-smoke,095ec5c7ced679ee38d9bbbfd5590c863c741e8d,5.00077486038208,0.25,20000504,0.2294722944498062,0.5576764171713181,0.7138391137123108,4,0,0.29309370794466566,open_field,-0.21888644993305206,-0.2097938060760498,56,5,3,-2.2901394367218018,0.015174716711044312
benchmark-protocol-v2-smoke,095ec5c7ced679ee38d9bbbfd5590c863c741e8d,4.23847770690918,1.0,20000504,0.26336291432380676,0.5822217345350075,0.6458027958869934,4,1,0.4531135026897703,open_field,1.2552050352096558,1.2554590702056885,64,5,0,4.7414445877075195,0.00041056229383684695
benchmark-protocol-v2-smoke,095ec5c7ced679ee38d9bbbfd5590c863c741e8d,4.23847770690918,1.0,20000504,0.26336291432380676,0.5822217345350075,0.6458027958869934,4,1,0.330880805850029,open_field,0.5988520979881287,0.5989530086517334,64,5,2,-4.563472270965576,0.00016305582539644092
benchmark-protocol-v2-smoke,095ec5c7ced679ee38d9bbbfd5590c863c741e8d,4.23847770690918,1.0,20000504,0.26336291432380676,0.5822217345350075,0.6458027958869934,4,1,0.34929464757442474,open_field,-0.2654933035373688,-0.25600165128707886,64,5,3,-2.334721088409424,0.015338254161179066
benchmark-protocol-v2-smoke,095ec5c7ced679ee38d9bbbfd5590c863c741e8d,3.4161250591278076,1.0,20000504,0.30753445625305176,0.583853107943368,0.6414836049079895,4,1,0.48796375308718,open_field,1.1521527767181396,1.1523396968841553,72,5,0,4.067818641662598,0.0004131828318350017
benchmark-protocol-v2-smoke,095ec5c7ced679ee38d9bbbfd5590c863c741e8d,3.4161250591278076,1.0,20000504,0.30753445625305176,0.583853107943368,0.6414836049079895,4,1,0.3461175965411322,open_field,0.557521402835846,0.5575981140136719,72,5,2,-3.8414111137390137,0.00016957138723228127
benchmark-protocol-v2-smoke,095ec5c7ced679ee38d9bbbfd5590c863c741e8d,3.4161250591278076,1.0,20000504,0.30753445625305176,0.583853107943368,0.6414836049079895,4,1,-0.08936112906251635,open_field,0.03474520519375801,0.04516178369522095,72,5,3,-1.9965884685516357,0.023024151101708412
benchmark-protocol-v2-smoke,095ec5c7ced679ee38d9bbbfd5590c863c741e8d,2.5381417274475098,1.0,20000504,0.30114731192588806,0.6061766645282525,0.5847156643867493,4,1,0.46549262745039804,open_field,1.2992315292358398,1.2994157075881958,80,5,0,3.6610662937164307,0.0003958658780902624
benchmark-protocol-v2-smoke,095ec5c7ced679ee38d9bbbfd5590c863c741e8d,2.5381417274475098,0.25,20000504,0.30114731192588806,0.6061766645282525,0.5847156643867493,4,0,0.3145821477685656,open_field,0.7421026229858398,0.7421866655349731,80,5,2,-3.3094253540039062,0.0001806766085792333
benchmark-protocol-v2-smoke,095ec5c7ced679ee38d9bbbfd5590c863c741e8d,2.5381417274475098,1.0,20000504,0.30114731192588806,0.6061766645282525,0.5847156643867493,4,1,0.33901361482484,open_field,0.15331622958183289,0.15984424948692322,80,5,3,-1.8050509691238403,0.014030728489160538
benchmark-protocol-v2-smoke,095ec5c7ced679ee38d9bbbfd5590c863c741e8d,1.6419719457626343,1.0,20000504,0.28640517592430115,0.552357272497928,0.729380190372467,4,1,0.41836164465972353,open_field,1.306261420249939,1.3064244985580444,88,5,0,2.97438907623291,0.0003904068435076624
benchmark-protocol-v2-smoke,095ec5c7ced679ee38d9bbbfd5590c863c741e8d,1.6419719457626343,0.0,20000504,0.28640517592430115,0.552357272497928,0.729380190372467,4,0,0.3504374942609242,open_field,0.7423205375671387,0.7423957586288452,88,5,2,-2.672764301300049,0.0001801498292479664
benchmark-protocol-v2-smoke,095ec5c7ced679ee38d9bbbfd5590c863c741e8d,1.6419719457626343,1.0,20000504,0.28640517592430115,0.552357272497928,0.729380190372467,4,1,0.3181747559990202,open_field,0.2778399586677551,0.2853555977344513,88,5,3,-1.494626760482788,0.017996709793806076
benchmark-protocol-v2-smoke,095ec5c7ced679ee38d9bbbfd5590c863c741e8d,0.7827367186546326,1.0,20000504,0.39386776089668274,0.5242186992964655,0.8168407082557678,4,1,0.15593825706413814,open_field,1.246160626411438,1.2462637424468994,96,5,0,1.9563171863555908,0.0004324668552726507
benchmark-protocol-v2-smoke,095ec5c7ced679ee38d9bbbfd5590c863c741e8d,0.7827367186546326,0.0,20000504,0.39386776089668274,0.5242186992964655,0.8168407082557678,4,0,0.08311116482530322,open_field,0.6623561978340149,0.6624048948287964,96,5,2,-1.7672854661941528,0.00020435529586393386
benchmark-protocol-v2-smoke,095ec5c7ced679ee38d9bbbfd5590c863c741e8d,0.7827367186546326,1.0,20000504,0.39386776089668274,0.5242186992964655,0.8168407082557678,4,1,0.13344162276812963,open_field,0.9493475556373596,0.9624384641647339,96,5,3,-1.0421802997589111,0.05491384118795395
benchmark-protocol-v2-smoke,095ec5c7ced679ee38d9bbbfd5590c863c741e8d,9.263932228088379,0.0,20000505,1.1596487760543823,0.5311411866799381,0.7944647073745728,4,0,0.28683948729719433,open_field,1.2537091970443726,1.253739356994629,0,5,0,2.159088134765625,6.638751074206084e-05
benchmark-protocol-v2-smoke,095ec5c7ced679ee38d9bbbfd5590c863c741e8d,9.263932228088379,1.0,20000505,1.1596487760543823,0.5311411866799381,0.7944647073745728,4,1,0.28242601454257965,open_field,0.7579610347747803,0.7579646110534668,0,5,2,-3.4951062202453613,7.937350346765015e-06
benchmark-protocol-v2-smoke,095ec5c7ced679ee38d9bbbfd5590c863c741e8d,9.263932228088379,1.0,20000505,1.1596487760543823,0.5311411866799381,0.7944647073745728,4,1,0.3204133574451719,open_field,0.01972057670354843,0.14322149753570557,0,5,3,-0.703150749206543,0.27188870310783386
benchmark-protocol-v2-smoke,095ec5c7ced679ee38d9bbbfd5590c863c741e8d,9.05838394165039,1.0,20000505,0.8988470435142517,0.572534099694899,0.6719588041305542,4,1,0.3510385581425258,open_field,1.159379005432129,1.1594178676605225,8,5,0,3.3487439155578613,0.00010101687803398818
benchmark-protocol-v2-smoke,095ec5c7ced679ee38d9bbbfd5590c863c741e8d,9.05838394165039,0.0,20000505,0.8988470435142517,0.572534099694899,0.6719588041305542,4,0,0.26326132459299906,open_field,0.510525107383728,0.5105314254760742,8,5,2,-4.318457126617432,1.6410296666435897e-05
benchmark-protocol-v2-smoke,095ec5c7ced679ee38d9bbbfd5590c863c741e8d,9.05838394165039,1.0,20000505,0.8988470435142517,0.572534099694899,0.6719588041305542,4,1,0.3306813985109329,open_field,0.21918587386608124,0.24152959883213043,8,5,3,-1.5639400482177734,0.05799414962530136
benchmark-protocol-v2-smoke,095ec5c7ced679ee38d9bbbfd5590c863c741e8d,8.579052925109863,1.0,20000505,0.4362644851207733,0.5535830019392245,0.7257724404335022,4,1,0.4184148630925587,open_field,1.2540159225463867,1.2540570497512817,16,5,0,4.562797546386719,9.734024206409231e-05
benchmark-protocol-v2-smoke,095ec5c7ced679ee38d9bbbfd5590c863c741e8d,8.579052925109863,0.0,20000505,0.4362644851207733,0.5535830019392245,0.7257724404335022,4,0,0.26857458906514303,open_field,0.6783565282821655,0.6783636808395386,16,5,2,-5.280112266540527,1.6935151506913826e-05
benchmark-protocol-v2-smoke,095ec5c7ced679ee38d9bbbfd5590c863c741e8d,8.579052925109863,1.0,20000505,0.4362644851207733,0.5535830019392245,0.7257724404335022,4,1,0.2799927869013378,open_field,0.20631764829158783,0.2221878618001938,16,5,3,-2.2595138549804688,0.03758935630321503
benchmark-protocol-v2-smoke,095ec5c7ced679ee38d9bbbfd5590c863c741e8d,7.962400913238525,1.0,20000505,0.26343435049057007,0.16453548202370555,0.9209775328636169,4,1,0.3815365902015141,open_field,1.2337642908096313,1.2338157892227173,24,5,0,4.382805347442627,0.00010264692537020892
benchmark-protocol-v2-smoke,095ec5c7ced679ee38d9bbbfd5590c863c741e8d,7.962400913238525,0.0,20000505,0.26343435049057007,0.16453548202370555,0.9209775328636169,4,0,0.27463174930640627,open_field,0.6024848222732544,0.6024947166442871,24,5,2,-5.145420074462891,1.97650988411624e-05
benchmark-protocol-v2-smoke,095ec5c7ced679ee38d9bbbfd5590c863c741e8d,7.962400913238525,0.0,20000505,0.26343435049057007,0.16453548202370555,0.9209775328636169,4,0,0.044938918735299795,open_field,-0.00926133431494236,0.00541958212852478,24,5,3,-2.086036443710327,0.02927076444029808
benchmark-protocol-v2-smoke,095ec5c7ced679ee38d9bbbfd5590c863c741e8d,7.297201633453369,1.0,20000505,0.37729719281196594,0.31120707401654923,0.9473432898521423,4,1,0.3441092563526971,open_field,1.1540532112121582,1.1541121006011963,32,5,0,4.26547384262085,0.00011794493184424937
benchmark-protocol-v2-smoke,095ec5c7ced679ee38d9bbbfd5590c863c741e8d,7.297201633453369,0.0,20000505,0.37729719281196594,0.31120707401654923,0.9473432898521423,4,0,0.2782753918852125,open_field,0.4216356873512268,0.4216492474079132,32,5,2,-4.973428249359131,2.714303082029801e-05
benchmark-protocol-v2-smoke,095ec5c7ced679ee38d9bbbfd5590c863c741e8d,7.297201633453369,0.0,20000505,0.37729719281196594,0.31120707401654923,0.9473432898521423,4,0,0.22286874588046754,open_field,-0.07439731061458588,-0.0615159273147583,32,5,3,-1.9553167819976807,0.025775928050279617
benchmark-protocol-v2-smoke,095ec5c7ced679ee38d9bbbfd5590c863c741e8d,6.664525032043457,1.0,20000505,0.483097642660141,0.5426198518378864,0.7586197257041931,4,1,0.32853006039346966,open_field,0.9888769388198853,0.9889743328094482,40,5,0,4.296133518218994,0.00016719276027288288
benchmark-protocol-v2-smoke,095ec5c7ced679ee38d9bbbfd5590c863c741e8d,6.664525032043457,0.0,20000505,0.483097642660141,0.5426198518378864,0.7586197257041931,4,0,0.28261932730674744,open_field,0.3146969676017761,0.3147237300872803,40,5,2,-4.863553524017334,4.5926721213618293e-05
benchmark-protocol-v2-smoke,095ec5c7ced679ee38d9bbbfd5590c863c741e8d,6.664525032043457,0.0,20000505,0.483097642660141,0.5426198518378864,0.7586197257041931,4,0,0.09264452861888069,open_field,-0.4591943323612213,-0.4375208616256714,40,5,3,-2.0471785068511963,0.03719783574342728
benchmark-protocol-v2-smoke,095ec5c7ced679ee38d9bbbfd5590c863c741e8d,6.125870227813721,0.75,20000505,0.5032350420951843,0.5791755644736584,0.6539329886436462,4,1,0.3128220524106707,open_field,0.9557280540466309,0.9558408260345459,48,5,0,4.387531280517578,0.0001693390222499147
benchmark-protocol-v2-smoke,095ec5c7ced679ee38d9bbbfd5590c863c741e8d,6.125870227813721,1.0,20000505,0.5032350420951843,0.5791755644736584,0.6539329886436462,4,1,0.2970626375504902,open_field,0.27122965455055237,0.27126365900039673,48,5,2,-4.864426612854004,5.107690594741143e-05
benchmark-protocol-v2-smoke,095ec5c7ced679ee38d9bbbfd5590c863c741e8d,6.125870227813721,0.0,20000505,0.5032350420951843,0.5791755644736584,0.6539329886436462,4,0,-0.094719617494515,open_field,-0.6948216557502747,-0.6686679720878601,48,5,3,-2.0319082736968994,0.039274003356695175
benchmark-protocol-v2-smoke,095ec5c7ced679ee38d9bbbfd5590c863c741e8d,5.575181007385254,0.0,20000505,0.6356525421142578,0.6178394593211162,0.5566890835762024,4,0,0.3164831442492349,open_field,1.0678035020828247,1.06793212890625,56,5,0,4.233349800109863,0.00020638492424041033
benchmark-protocol-v2-smoke,095ec5c7ced679ee38d9bbbfd5590c863c741e8d,5.575181007385254,1.0,20000505,0.6356525421142578,0.6178394593211162,0.5566890835762024,4,1,0.2914083940642221,open_field,0.37601223587989807,0.3760544955730438,56,5,2,-4.468619346618652,6.784801371395588e-05
benchmark-protocol-v2-smoke,095ec5c7ced679ee38d9bbbfd5590c863c741e8d,5.575181007385254,0.0,20000505,0.6356525421142578,0.6178394593211162,0.5566890835762024,4,0,-0.12218767085245677,open_field,-0.46982741355895996,-0.4559299349784851,56,5,3,-2.1402482986450195,0.02230772376060486
benchmark-protocol-v2-smoke,095ec5c7ced679ee38d9bbbfd5590c863c741e8d,4.901099681854248,1.0,20000505,0.6410140991210938,0.6814632951057763,0.42068740725517273,4,1,0.3732928697552,open_field,1.0577861070632935,1.0579712390899658,64,5,0,4.103916168212891,0.0002480273542460054
benchmark-protocol-v2-smoke,095ec5c7ced679ee38d9bbbfd5590c863c741e8d,4.901099681854248,1.0,20000505,0.6410140991210938,0.6814632951057763,0.42068740725517273,4,1,0.344618348138673,open_field,0.330725759267807,0.33080095052719116,64,5,2,-4.184467792510986,0.00010076192120322958
benchmark-protocol-v2-smoke,095ec5c7ced679ee38d9bbbfd5590c863c741e8d,4.901099681854248,0.5,20000505,0.6410140991210938,0.6814632951057763,0.42068740725517273,4,1,0.30844244573797497,open_field,-0.7641567587852478,-0.7579637169837952,64,5,3,-2.118901014328003,0.008299066685140133
benchmark-protocol-v2-smoke,095ec5c7ced679ee38d9bbbfd5590c863c741e8d,4.170502662658691,1.0,20000505,0.5389082431793213,0.6063326638175293,0.5843337178230286,4,1,0.48568696635110037,open_field,1.184928297996521,1.1850591897964478,72,5,0,4.150856971740723,0.00022236326185520738
benchmark-protocol-v2-smoke,095ec5c7ced679ee38d9bbbfd5590c863c741e8d,4.170502662658691,1.0,20000505,0.5389082431793213,0.6063326638175293,0.5843337178230286,4,1,0.40018439505781445,open_field,0.39005568623542786,0.39011648297309875,72,5,2,-4.0002336502075195,0.00010326428309781477
benchmark-protocol-v2-smoke,095ec5c7ced679ee38d9bbbfd5590c863c741e8d,4.170502662658691,1.0,20000505,0.5389082431793213,0.6063326638175293,0.5843337178230286,4,1,0.4321049962724958,open_field,-0.25678977370262146,-0.2543029189109802,72,5,3,-2.1574959754943848,0.004224390257149935
benchmark-protocol-v2-smoke,095ec5c7ced679ee38d9bbbfd5590c863c741e8d,3.387967348098755,1.0,20000505,0.40405431389808655,0.6431095828172957,0.4994504749774933,4,1,0.44601793374334064,open_field,1.29458749294281,1.2947065830230713,80,5,0,3.7938356399536133,0.0002618971047922969
benchmark-protocol-v2-smoke,095ec5c7ced679ee38d9bbbfd5590c863c741e8d,3.387967348098755,1.0,20000505,0.40405431389808655,0.6431095828172957,0.4994504749774933,4,1,0.31125777108328684,open_field,0.6054454445838928,0.6055033206939697,80,5,2,-3.6211254596710205,0.00012737343786284328
benchmark-protocol-v2-smoke,095ec5c7ced679ee38d9bbbfd5590c863c741e8d,3.387967348098755,1.0,20000505,0.40405431389808655,0.6431095828172957,0.4994504749774933,4,1,0.35727569460868835,open_field,0.19138936698436737,0.19291308522224426,80,5,3,-1.9266737699508667,0.0033524781465530396
benchmark-protocol-v2-smoke,095ec5c7ced679ee38d9bbbfd5590c863c741e8d,2.589056968688965,1.0,20000505,0.30638426542282104,0.6517321954270084,0.48093530535697937,4,1,0.4789328468697412,open_field,1.272686243057251,1.272778034210205,88,5,0,3.1984763145446777,0.0002410788438282907
benchmark-protocol-v2-smoke,095ec5c7ced679ee38d9bbbfd5590c863c741e8d,2.589056968688965,1.0,20000505,0.30638426542282104,0.6517321954270084,0.48093530535697937,4,1,0.3235491620642798,open_field,0.6108315587043762,0.6108790636062622,88,5,2,-2.915290117263794,0.00012469562352634966
benchmark-protocol-v2-smoke,095ec5c7ced679ee38d9bbbfd5590c863c741e8d,2.589056968688965,1.0,20000505,0.30638426542282104,0.6517321954270084,0.48093530535697937,4,1,0.3713149492229734,open_field,0.37112027406692505,0.3728628158569336,88,5,3,-1.6504883766174316,0.004576820880174637
benchmark-protocol-v2-smoke,095ec5c7ced679ee38d9bbbfd5590c863c741e8d,1.778585433959961,1.0,20000505,0.252529501914978,0.6005910177585125,0.5985239148139954,4,1,0.5168971738645008,open_field,1.2028979063034058,1.2029842138290405,96,5,0,2.652498245239258,0.0002380168589297682
benchmark-protocol-v2-smoke,095ec5c7ced679ee38d9bbbfd5590c863c741e8d,1.778585433959961,1.0,20000505,0.252529501914978,0.6005910177585125,0.5985239148139954,4,1,0.3301195076533726,open_field,0.5475881099700928,0.5476329326629639,96,5,2,-2.3236734867095947,0.0001235552626894787
benchmark-protocol-v2-smoke,095ec5c7ced679ee38d9bbbfd5590c863c741e8d,1.778585433959961,1.0,20000505,0.252529501914978,0.6005910177585125,0.5985239148139954,4,1,0.4059681679521288,open_field,0.3521811068058014,0.3554198145866394,96,5,3,-1.4512711763381958,0.008926291950047016
benchmark-protocol-v2-smoke,095ec5c7ced679ee38d9bbbfd5590c863c741e8d,0.9680942296981812,1.0,20000505,0.2622697353363037,0.5468645927099188,0.7457456588745117,4,1,0.2347056908266885,open_field,1.249457597732544,1.2495588064193726,104,5,0,2.1916518211364746,0.00025266024749726057
benchmark-protocol-v2-smoke,095ec5c7ced679ee38d9bbbfd5590c863c741e8d,0.9680942296981812,0.0,20000505,0.2622697353363037,0.5468645927099188,0.7457456588745117,4,0,0.13090406145368302,open_field,0.6254108548164368,0.6254661083221436,104,5,2,-1.7938265800476074,0.00013780123845208436
benchmark-protocol-v2-smoke,095ec5c7ced679ee38d9bbbfd5590c863c741e8d,0.9680942296981812,1.0,20000505,0.2622697353363037,0.5468645927099188,0.7457456588745117,4,1,0.19968197814055852,open_field,0.2752425968647003,0.281223863363266,104,5,3,-1.2778267860412598,0.014923802576959133
benchmark-protocol-v2-smoke,095ec5c7ced679ee38d9bbbfd5590c863c741e8d,9.226322174072266,0.0,20001100,1.7081283330917358,0.5499919429780521,0.7363876104354858,4,0,0.2860614082642964,open_field,1.0715326070785522,1.0715572834014893,0,11,0,2.352008819580078,8.273069397546351e-05
benchmark-protocol-v2-smoke,095ec5c7ced679ee38d9bbbfd5590c863c741e8d,9.226322174072266,0.0,20001100,1.7081283330917358,0.5499919429780521,0.7363876104354858,4,0,0.1940946669450828,open_field,0.5612215399742126,0.5612250566482544,0,11,2,-3.572385787963867,1.1717205779859796e-05
benchmark-protocol-v2-smoke,095ec5c7ced679ee38d9bbbfd5590c863c741e8d,9.226322174072266,0.25,20001100,1.7081283330917358,0.5499919429780521,0.7363876104354858,4,0,0.24760993037905013,open_field,0.26867222785949707,0.3648878335952759,0,11,3,-0.9141648411750793,0.3230464458465576
benchmark-protocol-v2-smoke,095ec5c7ced679ee38d9bbbfd5590c863c741e8d,9.061490058898926,1.0,20001100,1.35409414768219,0.5937887016404362,0.6156907081604004,4,1,0.30845231669289724,open_field,1.130499243736267,1.1305657625198364,8,11,0,3.9517340660095215,0.00011487970914458856
benchmark-protocol-v2-smoke,095ec5c7ced679ee38d9bbbfd5590c863c741e8d,9.061490058898926,0.0,20001100,1.35409414768219,0.5937887016404362,0.6156907081604004,4,0,0.2601778677531651,open_field,0.39233341813087463,0.3923468589782715,8,11,2,-4.688983917236328,2.3205311663332395e-05
benchmark-protocol-v2-smoke,095ec5c7ced679ee38d9bbbfd5590c863c741e8d,9.061490058898926,0.0,20001100,1.35409414768219,0.5937887016404362,0.6156907081604004,4,0,0.2640167198010853,open_field,-0.3232788145542145,-0.2870689630508423,8,11,3,-2.0227315425872803,0.06254799664020538
benchmark-protocol-v2-smoke,095ec5c7ced679ee38d9bbbfd5590c863c741e8d,8.660210609436035,1.0,20001100,0.6890449523925781,0.6838291253188424,0.4161182641983032,4,1,0.3629223108291626,open_field,1.2281023263931274,1.22816801071167,16,11,0,5.196965217590332,0.0001273240050068125
benchmark-protocol-v2-smoke,095ec5c7ced679ee38d9bbbfd5590c863c741e8d,8.660210609436035,0.0,20001100,0.6890449523925781,0.6838291253188424,0.4161182641983032,4,0,0.26525184299264637,open_field,0.4683223068714142,0.4683375656604767,16,11,2,-5.525485992431641,2.956460593850352e-05
benchmark-protocol-v2-smoke,095ec5c7ced679ee38d9bbbfd5590c863c741e8d,8.660210609436035,0.0,20001100,0.6890449523925781,0.6838291253188424,0.4161182641983032,4,0,0.019669089998517717,open_field,-0.04050575941801071,-0.02650769054889679,16,11,3,-2.8412201404571533,0.027127353474497795
benchmark-protocol-v2-smoke,095ec5c7ced679ee38d9bbbfd5590c863c741e8d,8.174845695495605,1.0,20001100,0.3307490646839142,0.6049767267337139,0.587660551071167,4,1,0.3548371429954256,open_field,1.2084389925003052,1.2085061073303223,24,11,0,4.790043830871582,0.00013713372754864395
benchmark-protocol-v2-smoke,095ec5c7ced679ee38d9bbbfd5590c863c741e8d,8.174845695495605,0.0,20001100,0.3307490646839142,0.6049767267337139,0.587660551071167,4,0,0.2697063556739262,open_field,0.564460277557373,0.5644757747650146,24,11,2,-5.188486099243164,3.163788642268628e-05
benchmark-protocol-v2-smoke,095ec5c7ced679ee38d9bbbfd5590c863c741e8d,8.174845695495605,0.0,20001100,0.3307490646839142,0.6049767267337139,0.587660551071167,4,0,-0.06970417499542236,open_field,-0.002082761377096176,0.011093862354755402,24,11,3,-2.5614500045776367,0.026929087936878204
benchmark-protocol-v2-smoke,095ec5c7ced679ee38d9bbbfd5590c863c741e8d,7.570777893066406,1.0,20001100,0.4665051996707916,0.6028812467115074,0.5928313136100769,4,1,0.34175124764442444,open_field,1.1645606756210327,1.164621353149414,32,11,0,4.767828941345215,0.00013052855501882732
benchmark-protocol-v2-smoke,095ec5c7ced679ee38d9bbbfd5590c863c741e8d,7.570777893066406,0.0,20001100,0.4665051996707916,0.6028812467115074,0.5928313136100769,4,0,0.2763106269495828,open_field,0.41987574100494385,0.4198908805847168,32,11,2,-5.106205463409424,3.255387855460867e-05
benchmark-protocol-v2-smoke,095ec5c7ced679ee38d9bbbfd5590c863c741e8d,7.570777893066406,0.0,20001100,0.4665051996707916,0.6028812467115074,0.5928313136100769,4,0,-0.12550267151423863,open_field,0.03367919474840164,0.04543813318014145,32,11,3,-2.511795997619629,0.025279048830270767
benchmark-protocol-v2-smoke,095ec5c7ced679ee38d9bbbfd5590c863c741e8d,6.8687334060668945,1.0,20001100,0.48319271206855774,0.5585698949755012,0.7112576365470886,4,1,0.3723953068256378,open_field,1.1312470436096191,1.1313283443450928,40,11,0,4.679164886474609,0.00016086921095848083
benchmark-protocol-v2-smoke,095ec5c7ced679ee38d9bbbfd5590c863c741e8d,6.8687334060668945,0.0,20001100,0.48319271206855774,0.5585698949755012,0.7112576365470886,4,0,0.28237989970615934,open_field,0.35901275277137756,0.3590381145477295,40,11,2,-4.9469380378723145,5.0178132369183004e-05
benchmark-protocol-v2-smoke,095ec5c7ced679ee38d9bbbfd5590c863c741e8d,6.8687334060668945,0.0,20001100,0.48319271206855774,0.5585698949755012,0.7112576365470886,4,0,-0.12415232615811485,open_field,-0.09889482706785202,-0.09235011041164398,40,11,3,-2.4304420948028564,0.012953214347362518
benchmark-protocol-v2-smoke,095ec5c7ced679ee38d9bbbfd5590c863c741e8d,6.121334075927734,1.0,20001100,0.41560617089271545,0.5849908443251015,0.6384856104850769,4,1,0.39749353911195484,open_field,1.18757963180542,1.187695026397705,48,11,0,4.766376495361328,0.00020096955995541066
benchmark-protocol-v2-smoke,095ec5c7ced679ee38d9bbbfd5590c863c741e8d,6.121334075927734,0.0,20001100,0.41560617089271545,0.5849908443251015,0.6384856104850769,4,0,0.3020476656300681,open_field,0.4371608793735504,0.43720200657844543,48,11,2,-4.897373676300049,7.16622598702088e-05
benchmark-protocol-v2-smoke,095ec5c7ced679ee38d9bbbfd5590c863c741e8d,6.121334075927734,0.0,20001100,0.41560617089271545,0.5849908443251015,0.6384856104850769,4,0,-0.1228231553520475,open_field,-0.2218826562166214,-0.2172144055366516,48,11,3,-2.471318006515503,0.008132862858474255
benchmark-protocol-v2-smoke,095ec5c7ced679ee38d9bbbfd5590c863c741e8d,5.371241092681885,1.0,20001100,0.3981531858444214,0.588227481684671,0.6300203204154968,4,1,0.3864252418279648,open_field,1.1690092086791992,1.169128179550171,56,11,0,4.948604583740234,0.00020480301463976502
benchmark-protocol-v2-smoke,095ec5c7ced679ee38d9bbbfd5590c863c741e8d,5.371241092681885,0.0,20001100,0.3981531858444214,0.588227481684671,0.6300203204154968,4,0,0.3376924395561218,open_field,0.4027203321456909,0.40277019143104553,56,11,2,-4.693891525268555,8.586003968957812e-05
benchmark-protocol-v2-smoke,095ec5c7ced679ee38d9bbbfd5590c863c741e8d,5.371241092681885,0.0,20001100,0.3981531858444214,0.588227481684671,0.6300203204154968,4,0,-0.1109111372913633,open_field,-0.2556051015853882,-0.2517576515674591,56,11,3,-2.629991054534912,0.006625864189118147
benchmark-protocol-v2-smoke,095ec5c7ced679ee38d9bbbfd5590c863c741e8d,4.62817907333374,0.0,20001100,0.5467978715896606,0.5807041514129156,0.6498425602912903,4,0,0.3233459123543331,open_field,1.3235065937042236,1.3236520290374756,64,11,0,4.386045455932617,0.0002908528840634972
benchmark-protocol-v2-smoke,095ec5c7ced679ee38d9bbbfd5590c863c741e8d,4.62817907333374,0.0,20001100,0.5467978715896606,0.5807041514129156,0.6498425602912903,4,0,0.2956608917031969,open_field,0.6680213809013367,0.6680911779403687,64,11,2,-4.089839458465576,0.0001395683502778411
benchmark-protocol-v2-smoke,095ec5c7ced679ee38d9bbbfd5590c863c741e8d,4.62817907333374,0.0,20001100,0.5467978715896606,0.5807041514129156,0.6498425602912903,4,0,0.29962617584637236,open_field,0.09735246002674103,0.09999765455722809,64,11,3,-2.329331398010254,0.00529059674590826
benchmark-protocol-v2-smoke,095ec5c7ced679ee38d9bbbfd5590c863c741e8d,3.8768723011016846,0.0,20001100,0.7344264984130859,0.5853400433056914,0.6375678181648254,4,0,0.3281221794230597,open_field,1.232877254486084,1.2330113649368286,72,11,0,3.8787031173706055,0.000342903018463403
benchmark-protocol-v2-smoke,095ec5c7ced679ee38d9bbbfd5590c863c741e8d,3.8768723011016846,0.0,20001100,0.7344264984130859,0.5853400433056914,0.6375678181648254,4,0,0.2996311230318887,open_field,0.6023437976837158,0.6024107933044434,72,11,2,-3.670853853225708,0.000171433508512564
benchmark-protocol-v2-smoke,095ec5c7ced679ee38d9bbbfd5590c863c741e8d,3.8768723011016846,0.0,20001100,0.7344264984130859,0.5853400433056914,0.6375678181648254,4,0,0.30470420845917295,open_field,0.2904553711414337,0.2935199439525604,72,11,3,-2.015631914138794,0.007838420569896698
benchmark-protocol-v2-smoke,095ec5c7ced679ee38d9bbbfd5590c863c741e8d,3.0933961868286133,0.0,20001100,0.7648178339004517,0.5848449898198008,0.6388693451881409,4,0,0.33266658229487284,open_field,1.171530842781067,1.1716364622116089,80,11,0,3.285234212875366,0.0003806402673944831
benchmark-protocol-v2-smoke,095ec5c7ced679ee38d9bbbfd5590c863c741e8d,3.0933961868286133,0.0,20001100,0.7648178339004517,0.5848449898198008,0.6388693451881409,4,0,0.30508082253592356,open_field,0.5229033827781677,0.522957444190979,80,11,2,-3.134740114212036,0.00019477489695418626
benchmark-protocol-v2-smoke,095ec5c7ced679ee38d9bbbfd5590c863c741e8d,3.0933961868286133,0.0,20001100,0.7648178339004517,0.5848449898198008,0.6388693451881409,4,0,0.3095715663262776,open_field,0.6684161424636841,0.671624481678009,80,11,3,-1.7147976160049438,0.011562874540686607
benchmark-protocol-v2-smoke,095ec5c7ced679ee38d9bbbfd5590c863c741e8d,2.2996432781219482,1.0,20001100,0.6596353650093079,0.5760153732098884,0.6624583005905151,4,1,0.3481364995241165,open_field,1.149234414100647,1.149334192276001,88,11,0,2.781385898590088,0.0003679910150822252
benchmark-protocol-v2-smoke,095ec5c7ced679ee38d9bbbfd5590c863c741e8d,2.2996432781219482,0.0,20001100,0.6596353650093079,0.5760153732098884,0.6624583005905151,4,0,0.30920212822301046,open_field,0.48795604705810547,0.48800984025001526,88,11,2,-2.6237590312957764,0.00019831785175483674
benchmark-protocol-v2-smoke,095ec5c7ced679ee38d9bbbfd5590c863c741e8d,2.2996432781219482,0.0,20001100,0.6596353650093079,0.5760153732098884,0.6624583005905151,4,0,0.31373522537095205,open_field,0.7608387470245361,0.7644761204719543,88,11,3,-1.5718075037002563,0.013412545435130596
benchmark-protocol-v2-smoke,095ec5c7ced679ee38d9bbbfd5590c863c741e8d,1.5124542713165283,1.0,20001100,0.5443516373634338,0.539249122708692,0.7689874172210693,4,1,0.338593242423875,open_field,1.146871566772461,1.146972894668579,96,11,0,2.25822114944458,0.00037583810626529157
benchmark-protocol-v2-smoke,095ec5c7ced679ee38d9bbbfd5590c863c741e8d,1.5124542713165283,0.0,20001100,0.5443516373634338,0.539249122708692,0.7689874172210693,4,0,0.31367888833795277,open_field,0.5160748958587646,0.516130805015564,96,11,2,-2.092741012573242,0.00020740373292937875
benchmark-protocol-v2-smoke,095ec5c7ced679ee38d9bbbfd5590c863c741e8d,1.5124542713165283,0.0,20001100,0.5443516373634338,0.539249122708692,0.7689874172210693,4,0,0.25273237909589497,open_field,0.6566785573959351,0.661694347858429,96,11,3,-1.323472261428833,0.01859762705862522
benchmark-protocol-v2-smoke,095ec5c7ced679ee38d9bbbfd5590c863c741e8d,0.7156437039375305,0.0,20001100,0.4482078552246094,0.543711968884105,0.7552882432937622,4,0,0.12718686674322402,open_field,1.1382858753204346,1.1383967399597168,104,11,0,1.7312133312225342,0.00045366352424025536
benchmark-protocol-v2-smoke,095ec5c7ced679ee38d9bbbfd5590c863c741e8d,0.7156437039375305,0.0,20001100,0.4482078552246094,0.543711968884105,0.7552882432937622,4,0,0.0593243624482836,open_field,0.5402728319168091,0.5403354167938232,104,11,2,-1.6454907655715942,0.00025612686295062304
benchmark-protocol-v2-smoke,095ec5c7ced679ee38d9bbbfd5590c863c741e8d,0.7156437039375305,0.0,20001100,0.4482078552246094,0.543711968884105,0.7552882432937622,4,0,0.05934669716017587,open_field,0.810302734375,0.8164454102516174,104,11,3,-1.0026297569274902,0.025133952498435974
benchmark-protocol-v2-smoke,095ec5c7ced679ee38d9bbbfd5590c863c741e8d,9.195910453796387,0.0,20001101,1.7148996591567993,0.5404182135540766,0.7653768658638,4,0,0.28615052359444754,open_field,1.0108075141906738,1.0108217000961304,0,11,0,2.061976909637451,7.024682417977601e-05
benchmark-protocol-v2-smoke,095ec5c7ced679ee38d9bbbfd5590c863c741e8d,9.195910453796387,0.0,20001101,1.7148996591567993,0.5404182135540766,0.7653768658638,4,0,0.24354759923049382,open_field,0.5163027048110962,0.5163044929504395,0,11,2,-3.385403633117676,8.84833571035415e-06
benchmark-protocol-v2-smoke,095ec5c7ced679ee38d9bbbfd5590c863c741e8d,9.195910453796387,0.25,20001101,1.7148996591567993,0.5404182135540766,0.7653768658638,4,0,0.2476673200726509,open_field,0.6810166239738464,0.773642361164093,0,11,3,-0.7746648788452148,0.4586755931377411
benchmark-protocol-v2-smoke,095ec5c7ced679ee38d9bbbfd5590c863c741e8d,9.035688400268555,1.0,20001101,1.3638676404953003,0.5747568315490665,0.6658796072006226,4,1,0.3116940494094576,open_field,1.0737580060958862,1.0737965106964111,8,11,0,3.4875760078430176,9.697593486635014e-05
benchmark-protocol-v2-smoke,095ec5c7ced679ee38d9bbbfd5590c863c741e8d,9.035688400268555,0.0,20001101,1.3638676404953003,0.5747568315490665,0.6658796072006226,4,0,0.2602956337588174,open_field,0.3910520672798157,0.39105895161628723,8,11,2,-4.412293434143066,1.7347932953271084e-05
benchmark-protocol-v2-smoke,095ec5c7ced679ee38d9bbbfd5590c863c741e8d,9.035688400268555,0.0,20001101,1.3638676404953003,0.5747568315490665,0.6658796072006226,4,0,0.26420131751469206,open_field,0.09760450571775436,0.13191956281661987,8,11,3,-1.6899025440216064,0.08637701719999313
benchmark-protocol-v2-smoke,095ec5c7ced679ee38d9bbbfd5590c863c741e8d,8.634495735168457,1.0,20001101,0.6938560605049133,0.6503253162361732,0.4839227497577667,4,1,0.36935481216226307,open_field,1.0769927501678467,1.077028751373291,16,11,0,4.641087532043457,0.00011450477904872969
benchmark-protocol-v2-smoke,095ec5c7ced679ee38d9bbbfd5590c863c741e8d,8.634495735168457,0.0,20001101,0.6938560605049133,0.6503253162361732,0.4839227497577667,4,0,0.2657987965004785,open_field,0.34443399310112,0.3444412648677826,16,11,2,-5.106671333312988,2.3128557586460374e-05
benchmark-protocol-v2-smoke,095ec5c7ced679ee38d9bbbfd5590c863c741e8d,8.634495735168457,0.0,20001101,0.6938560605049133,0.6503253162361732,0.4839227497577667,4,0,0.26899988523551394,open_field,0.49194738268852234,0.5064762830734253,16,11,3,-2.5651187896728516,0.04624154418706894
benchmark-protocol-v2-smoke,095ec5c7ced679ee38d9bbbfd5590c863c741e8d,8.138612747192383,1.0,20001101,0.32855477929115295,0.5941611328352681,0.6147406101226807,4,1,0.36814053995268686,open_field,1.1039308309555054,1.1039607524871826,24,11,0,4.348087787628174,0.00010870673577301204
benchmark-protocol-v2-smoke,095ec5c7ced679ee38d9bbbfd5590c863c741e8d,8.138612747192383,0.0,20001101,0.32855477929115295,0.5941611328352681,0.6147406101226807,4,0,0.27015146400247303,open_field,0.4824678301811218,0.4824737012386322,24,11,2,-4.887055397033691,2.1335472411010414e-05
benchmark-protocol-v2-smoke,095ec5c7ced679ee38d9bbbfd5590c863c741e8d,8.138612747192383,0.0,20001101,0.32855477929115295,0.5941611328352681,0.6147406101226807,4,0,0.27517013038907734,open_field,0.5559127330780029,0.566870927810669,24,11,3,-2.2845864295959473,0.03981266915798187
benchmark-protocol-v2-smoke,095ec5c7ced679ee38d9bbbfd5590c863c741e8d,7.5224127769470215,1.0,20001101,0.43336233496665955,0.5714626139957609,0.6749061942100525,4,1,0.3685969284602574,open_field,1.138046383857727,1.1380772590637207,32,11,0,4.659136772155762,0.00010509933781577274
benchmark-protocol-v2-smoke,095ec5c7ced679ee38d9bbbfd5590c863c741e8d,7.5224127769470215,0.0,20001101,0.43336233496665955,0.5714626139957609,0.6749061942100525,4,0,0.27718729632241385,open_field,0.4820680618286133,0.4820742905139923,32,11,2,-5.3046746253967285,2.1228472178336233e-05
benchmark-protocol-v2-smoke,095ec5c7ced679ee38d9bbbfd5590c863c741e8d,7.5224127769470215,0.0,20001101,0.43336233496665955,0.5714626139957609,0.6749061942100525,4,0,0.2818247675895691,open_field,0.5439209342002869,0.5538842678070068,32,11,3,-2.2965688705444336,0.03391378000378609
benchmark-protocol-v2-smoke,095ec5c7ced679ee38d9bbbfd5590c863c741e8d,6.7798848152160645,1.0,20001101,0.4354178309440613,0.524763963355188,0.8150568008422852,4,1,0.42354429619652884,open_field,1.0871444940567017,1.0871824026107788,40,11,0,4.688625335693359,0.00012128505477448925
benchmark-protocol-v2-smoke,095ec5c7ced679ee38d9bbbfd5590c863c741e8d,6.7798848152160645,0.0,20001101,0.4354178309440613,0.524763963355188,0.8150568008422852,4,0,0.2838881824697767,open_field,0.4241803288459778,0.4241897165775299,40,11,2,-5.184714317321777,3.0023529689060524e-05
benchmark-protocol-v2-smoke,095ec5c7ced679ee38d9bbbfd5590c863c741e8d,6.7798848152160645,0.0,20001101,0.4354178309440613,0.524763963355188,0.8150568008422852,4,0,0.2879550350563867,open_field,0.41682544350624084,0.4227587580680847,40,11,3,-2.318002700805664,0.01896381936967373
benchmark-protocol-v2-smoke,095ec5c7ced679ee38d9bbbfd5590c863c741e8d,5.963526725769043,1.0,20001101,0.3089732825756073,0.4245129815942237,0.9305838942527771,4,1,0.47561508630003246,open_field,1.2364063262939453,1.2364698648452759,48,11,0,4.927675247192383,0.00015215178427752107
benchmark-protocol-v2-smoke,095ec5c7ced679ee38d9bbbfd5590c863c741e8d,5.963526725769043,0.0,20001101,0.3089732825756073,0.4245129815942237,0.9305838942527771,4,0,0.2896165336881365,open_field,0.5066624283790588,0.5066823959350586,48,11,2,-5.263780117034912,4.7795190766919404e-05
benchmark-protocol-v2-smoke,095ec5c7ced679ee38d9bbbfd5590c863c741e8d,5.963526725769043,0.0,20001101,0.3089732825756073,0.4245129815942237,0.9305838942527771,4,0,0.29322262534073423,open_field,0.24725759029388428,0.25082486867904663,48,11,3,-2.4614181518554688,0.008542221039533615
benchmark-protocol-v2-smoke,095ec5c7ced679ee38d9bbbfd5590c863c741e8d,5.114496231079102,1.0,20001101,0.20361430943012238,0.5215030488366438,0.8257808685302734,4,1,0.4885001352855137,open_field,1.2461556196212769,1.2462518215179443,56,11,0,5.178623676300049,0.0001881927892100066
benchmark-protocol-v2-smoke,095ec5c7ced679ee38d9bbbfd5590c863c741e8d,5.114496231079102,0.0,20001101,0.20361430943012238,0.5215030488366438,0.8257808685302734,4,0,0.2948902483497347,open_field,0.4705963134765625,0.47063472867012024,56,11,2,-5.216883659362793,7.513050513807684e-05
benchmark-protocol-v2-smoke,095ec5c7ced679ee38d9bbbfd5590c863c741e8d,5.114496231079102,0.0,20001101,0.20361430943012238,0.5215030488366438,0.8257808685302734,4,0,0.2985877181802477,open_field,0.004607588052749634,0.006738632917404175,56,11,3,-2.633488178253174,0.004167607054114342
benchmark-protocol-v2-smoke,095ec5c7ced679ee38d9bbbfd5590c863c741e8d,4.245889186859131,1.0,20001101,0.2077191174030304,0.5459743758332045,0.748429000377655,4,1,0.48601433634757996,open_field,1.2321083545684814,1.232231616973877,64,11,0,5.031351089477539,0.000250504061114043
benchmark-protocol-v2-smoke,095ec5c7ced679ee38d9bbbfd5590c863c741e8d,4.245889186859131,0.0,20001101,0.2077191174030304,0.5459743758332045,0.748429000377655,4,0,0.2998055858271463,open_field,0.44278961420059204,0.44285061955451965,64,11,2,-4.839730262756348,0.00012404023436829448
benchmark-protocol-v2-smoke,095ec5c7ced679ee38d9bbbfd5590c863c741e8d,4.245889186859131,0.0,20001101,0.2077191174030304,0.5459743758332045,0.748429000377655,4,0,0.30345868851457325,open_field,0.0475594736635685,0.04911652207374573,64,11,3,-2.6285290718078613,0.003165212692692876
benchmark-protocol-v2-smoke,095ec5c7ced679ee38d9bbbfd5590c863c741e8d,3.3781423568725586,1.0,20001101,0.22817550599575043,0.5477774987847146,0.7430028319358826,4,1,0.490787148475647,open_field,1.2773287296295166,1.277500033378601,72,11,0,4.84716796875,0.00031202734680846334
benchmark-protocol-v2-smoke,095ec5c7ced679ee38d9bbbfd5590c863c741e8d,3.3781423568725586,0.0,20001101,0.22817550599575043,0.5477774987847146,0.7430028319358826,4,0,0.304182584796633,open_field,0.4627583622932434,0.46285679936408997,72,11,2,-4.494455337524414,0.00017930060857906938
benchmark-protocol-v2-smoke,095ec5c7ced679ee38d9bbbfd5590c863c741e8d,3.3781423568725586,0.0,20001101,0.22817550599575043,0.5477774987847146,0.7430028319358826,4,0,0.3082686130489622,open_field,-0.05766879767179489,-0.056227922439575195,72,11,3,-2.5729074478149414,0.002624874236062169
benchmark-protocol-v2-smoke,095ec5c7ced679ee38d9bbbfd5590c863c741e8d,2.5132343769073486,1.0,20001101,0.2270827293395996,0.533195360309783,0.7879366874694824,4,1,0.4868135558707373,open_field,1.2300894260406494,1.2302796840667725,80,11,0,4.415299415588379,0.00034791234065778553
benchmark-protocol-v2-smoke,095ec5c7ced679ee38d9bbbfd5590c863c741e8d,2.5132343769073486,0.0,20001101,0.2270827293395996,0.533195360309783,0.7879366874694824,4,0,0.3084212967327663,open_field,0.42900219559669495,0.4291214048862457,80,11,2,-3.967301845550537,0.00021795244538225234
benchmark-protocol-v2-smoke,095ec5c7ced679ee38d9bbbfd5590c863c741e8d,2.5132343769073486,0.0,20001101,0.2270827293395996,0.533195360309783,0.7879366874694824,4,0,0.3128598481416702,open_field,-0.10160990804433823,-0.10019966959953308,80,11,3,-2.386293888092041,0.0025784578174352646
benchmark-protocol-v2-smoke,095ec5c7ced679ee38d9bbbfd5590c863c741e8d,1.6443904638290405,1.0,20001101,0.24337242543697357,0.522698199952366,0.821834921836853,4,1,0.3743774635451181,open_field,1.21222984790802,1.2124650478363037,88,11,0,4.0396318435668945,0.0003840459685306996
benchmark-protocol-v2-smoke,095ec5c7ced679ee38d9bbbfd5590c863c741e8d,1.6443904638290405,0.0,20001101,0.24337242543697357,0.522698199952366,0.821834921836853,4,0,0.3125633916684559,open_field,0.4079568088054657,0.40811172127723694,88,11,2,-3.5153801441192627,0.0002528945333324373
benchmark-protocol-v2-smoke,095ec5c7ced679ee38d9bbbfd5590c863c741e8d,1.6443904638290405,0.0,20001101,0.24337242543697357,0.522698199952366,0.821834921836853,4,0,0.2770301529339382,open_field,-0.2890542149543762,-0.2866562306880951,88,11,3,-2.1956067085266113,0.00391468545421958
benchmark-protocol-v2-smoke,095ec5c7ced679ee38d9bbbfd5590c863c741e8d,0.8071308135986328,0.0,20001101,0.4854249358177185,0.5261770526869495,0.8104508519172668,4,0,0.1102407021181924,open_field,1.1630043983459473,1.1632516384124756,96,11,0,3.4705536365509033,0.00044802253250963986
benchmark-protocol-v2-smoke,095ec5c7ced679ee38d9bbbfd5590c863c741e8d,0.8071308135986328,0.0,20001101,0.4854249358177185,0.5261770526869495,0.8104508519172668,4,0,0.10696003479616982,open_field,0.3942287564277649,0.3943980038166046,96,11,2,-2.9702775478363037,0.00030662809149362147
benchmark-protocol-v2-smoke,095ec5c7ced679ee38d9bbbfd5590c863c741e8d,0.8071308135986328,0.0,20001101,0.4854249358177185,0.5261770526869495,0.8104508519172668,4,0,0.08308480041367668,open_field,-0.18819637596607208,-0.18431949615478516,96,11,3,-1.8797123432159424,0.007023756392300129
benchmark-protocol-v2-smoke,095ec5c7ced679ee38d9bbbfd5590c863c741e8d,9.197006225585938,0.0,20001102,1.6995587348937988,0.5667768097323342,0.687926709651947,4,0,0.286168566771916,open_field,1.0109479427337646,1.0109715461730957,0,11,0,1.8622894287109375,0.00012017130939057097
benchmark-protocol-v2-smoke,095ec5c7ced679ee38d9bbbfd5590c863c741e8d,9.197006225585938,0.0,20001102,1.6995587348937988,0.5667768097323342,0.687926709651947,4,0,0.2435412353702954,open_field,0.5765103101730347,0.5765129327774048,0,11,2,-3.2813944816589355,1.3490242054103874e-05
benchmark-protocol-v2-smoke,095ec5c7ced679ee38d9bbbfd5590c863c741e8d,9.197006225585938,1.0,20001102,1.6995587348937988,0.5667768097323342,0.687926709651947,4,1,0.2499200286609786,open_field,0.4161792993545532,0.6158350110054016,0,11,3,-0.48808279633522034,1.0176376104354858
benchmark-protocol-v2-smoke,095ec5c7ced679ee38d9bbbfd5590c863c741e8d,9.035407066345215,1.0,20001102,1.3518093824386597,0.6111105552584799,0.5727286338806152,4,1,0.30918051302433014,open_field,1.1182825565338135,1.1183617115020752,8,11,0,3.3501029014587402,0.00016107643023133278
benchmark-protocol-v2-smoke,095ec5c7ced679ee38d9bbbfd5590c863c741e8d,9.035407066345215,0.0,20001102,1.3518093824386597,0.6111105552584799,0.5727286338806152,4,0,0.2604445091315678,open_field,0.44355931878089905,0.4435722529888153,8,11,2,-4.257866859436035,2.6337434974266216e-05
benchmark-protocol-v2-smoke,095ec5c7ced679ee38d9bbbfd5590c863c741e8d,9.035407066345215,0.0,20001102,1.3518093824386597,0.6111105552584799,0.5727286338806152,4,0,0.26426013665539877,open_field,-0.1881498396396637,-0.0821138471364975,8,11,3,-1.471252679824829,0.21580515801906586
benchmark-protocol-v2-smoke,095ec5c7ced679ee38d9bbbfd5590c863c741e8d,8.635359764099121,1.0,20001102,0.6904728412628174,0.6694903707047932,0.4443061053752899,4,1,0.36952448955604006,open_field,1.2046643495559692,1.204742193222046,16,11,0,4.499101638793945,0.00020298472372815013
benchmark-protocol-v2-smoke,095ec5c7ced679ee38d9bbbfd5590c863c741e8d,8.635359764099121,0.0,20001102,0.6904728412628174,0.6694903707047932,0.4443061053752899,4,0,0.26531863638332914,open_field,0.532691240310669,0.5327054262161255,16,11,2,-5.0591535568237305,3.696767453220673e-05
benchmark-protocol-v2-smoke,095ec5c7ced679ee38d9bbbfd5590c863c741e8d,8.635359764099121,0.0,20001102,0.6904728412628174,0.6694903707047932,0.4443061053752899,4,0,0.2686604687145778,open_field,0.25495418906211853,0.30110061168670654,16,11,3,-2.330565929412842,0.12041190266609192
benchmark-protocol-v2-smoke,095ec5c7ced679ee38d9bbbfd5590c863c741e8d,8.15354061126709,1.0,20001102,0.33444610238075256,0.6253019474978467,0.5393046736717224,4,1,0.38101884509835926,open_field,1.239173173904419,1.23926842212677,24,11,0,4.092092037200928,0.00020390524878166616
benchmark-protocol-v2-smoke,095ec5c7ced679ee38d9bbbfd5590c863c741e8d,8.15354061126709,0.0,20001102,0.33444610238075256,0.6253019474978467,0.5393046736717224,4,0,0.27008192454065594,open_field,0.7880995869636536,0.7881168127059937,24,11,2,-4.855009078979492,3.689079676405527e-05
benchmark-protocol-v2-smoke,095ec5c7ced679ee38d9bbbfd5590c863c741e8d,8.15354061126709,0.0,20001102,0.33444610238075256,0.6253019474978467,0.5393046736717224,4,0,0.27455392479896545,open_field,0.047834139317274094,0.10317883640527725,24,11,3,-1.9222986698150635,0.11849373579025269
benchmark-protocol-v2-smoke,095ec5c7ced679ee38d9bbbfd5590c863c741e8d,7.552532196044922,1.0,20001102,0.3987571895122528,0.5520758373307716,0.7302108407020569,4,1,0.36692455410957336,open_field,1.2745137214660645,1.2746248245239258,32,11,0,4.658578872680664,0.0001966634445125237
benchmark-protocol-v2-smoke,095ec5c7ced679ee38d9bbbfd5590c863c741e8d,7.552532196044922,0.0,20001102,0.3987571895122528,0.5520758373307716,0.7302108407020569,4,0,0.27644941210746765,open_field,0.7787498235702515,0.778770923614502,32,11,2,-5.354958534240723,3.733564881258644e-05
benchmark-protocol-v2-smoke,095ec5c7ced679ee38d9bbbfd5590c863c741e8d,7.552532196044922,0.0,20001102,0.3987571895122528,0.5520758373307716,0.7302108407020569,4,0,0.024696874831404005,open_field,-0.1376267522573471,-0.09271867573261261,32,11,3,-2.121710777282715,0.07945610582828522
benchmark-protocol-v2-smoke,095ec5c7ced679ee38d9bbbfd5590c863c741e8d,6.871613502502441,1.0,20001102,0.4380852282047272,0.5262663021075987,0.8101608157157898,4,1,0.3861567782504218,open_field,1.1591053009033203,1.1592446565628052,40,11,0,4.43777322769165,0.0002416830393485725
benchmark-protocol-v2-smoke,095ec5c7ced679ee38d9bbbfd5590c863c741e8d,6.871613502502441,0.0,20001102,0.4380852282047272,0.5262663021075987,0.8101608157157898,4,0,0.2819503737347467,open_field,0.5755289793014526,0.5755615234375,40,11,2,-4.980815410614014,5.6434586440445855e-05
benchmark-protocol-v2-smoke,095ec5c7ced679ee38d9bbbfd5590c863c741e8d,6.871613502502441,0.0,20001102,0.4380852282047272,0.5262663021075987,0.8101608157157898,4,0,-0.1242441428559167,open_field,-0.28822392225265503,-0.2465442717075348,40,11,3,-2.0532002449035645,0.0722782239317894
benchmark-protocol-v2-smoke,095ec5c7ced679ee38d9bbbfd5590c863c741e8d,6.176110744476318,1.0,20001102,0.37490129470825195,0.5371448522059522,0.775525689125061,4,1,0.38032370805740356,open_field,1.0891772508621216,1.0894205570220947,48,11,0,4.396456718444824,0.00035267623024992645
benchmark-protocol-v2-smoke,095ec5c7ced679ee38d9bbbfd5590c863c741e8d,6.176110744476318,0.0,20001102,0.37490129470825195,0.5371448522059522,0.775525689125061,4,0,0.2856969939810889,open_field,0.5479057431221008,0.5479762554168701,48,11,2,-4.829786777496338,0.00010224033030681312
benchmark-protocol-v2-smoke,095ec5c7ced679ee38d9bbbfd5590c863c741e8d,6.176110744476318,0.0,20001102,0.37490129470825195,0.5371448522059522,0.775525689125061,4,0,-0.12312341907194682,open_field,-0.6134052276611328,-0.5676626563072205,48,11,3,-2.0308854579925537,0.0663025826215744
benchmark-protocol-v2-smoke,095ec5c7ced679ee38d9bbbfd5590c863c741e8d,5.519167423248291,1.0,20001102,0.43144509196281433,0.5877477303179114,0.6312692165374756,4,1,0.3870318830013275,open_field,0.9126160144805908,0.9128611087799072,56,11,0,4.356254577636719,0.0004919734201394022
benchmark-protocol-v2-smoke,095ec5c7ced679ee38d9bbbfd5590c863c741e8d,5.519167423248291,0.0,20001102,0.43144509196281433,0.5877477303179114,0.6312692165374756,4,0,0.30427869090012144,open_field,0.3251953423023224,0.3252736032009125,56,11,2,-4.605674743652344,0.00015710521256551147
benchmark-protocol-v2-smoke,095ec5c7ced679ee38d9bbbfd5590c863c741e8d,5.519167423248291,0.0,20001102,0.43144509196281433,0.5877477303179114,0.6312692165374756,4,0,-0.12203630805015564,open_field,-0.3631698787212372,-0.30711811780929565,56,11,3,-2.055063247680664,0.11251614987850189
benchmark-protocol-v2-smoke,095ec5c7ced679ee38d9bbbfd5590c863c741e8d,4.837989807128906,1.0,20001102,0.4620961546897888,0.6402209233369424,0.5057647228240967,4,1,0.4022694932562964,open_field,1.0165431499481201,1.0168395042419434,64,11,0,4.115337371826172,0.0006134118302725255
benchmark-protocol-v2-smoke,095ec5c7ced679ee38d9bbbfd5590c863c741e8d,4.837989807128906,0.0,20001102,0.4620961546897888,0.6402209233369424,0.5057647228240967,4,0,0.29501810882772717,open_field,0.4909520447254181,0.49105486273765564,64,11,2,-4.272587776184082,0.00021283004025463015
benchmark-protocol-v2-smoke,095ec5c7ced679ee38d9bbbfd5590c863c741e8d,4.837989807128906,0.0,20001102,0.4620961546897888,0.6402209233369424,0.5057647228240967,4,0,-0.12073832431009837,open_field,-0.2134169638156891,-0.16404813528060913,64,11,3,-1.912156105041504,0.10220063477754593
benchmark-protocol-v2-smoke,095ec5c7ced679ee38d9bbbfd5590c863c741e8d,4.06849479675293,1.0,20001102,0.41256651282310486,0.6300809036594546,0.5283880233764648,4,1,0.4794243595429829,open_field,1.069412350654602,1.0696771144866943,72,11,0,3.9772937297821045,0.0005505320150405169
benchmark-protocol-v2-smoke,095ec5c7ced679ee38d9bbbfd5590c863c741e8d,4.06849479675293,0.0,20001102,0.41256651282310486,0.6300809036594546,0.5283880233764648,4,0,0.33960151246615816,open_field,0.5020942091941833,0.5021929740905762,72,11,2,-3.9620890617370605,0.0002053256903309375
benchmark-protocol-v2-smoke,095ec5c7ced679ee38d9bbbfd5590c863c741e8d,4.06849479675293,0.0,20001102,0.41256651282310486,0.6300809036594546,0.5283880233764648,4,0,-0.1157648286649159,open_field,-0.1383596956729889,-0.10828471183776855,72,11,3,-1.8479262590408325,0.06252496689558029
benchmark-protocol-v2-smoke,095ec5c7ced679ee38d9bbbfd5590c863c741e8d,3.231302261352539,1.0,20001102,0.3141409456729889,0.6394257616887541,0.5075129270553589,4,1,0.49149511541639057,open_field,1.173599362373352,1.1738731861114502,80,11,0,3.6605329513549805,0.0005869599990546703
benchmark-protocol-v2-smoke,095ec5c7ced679ee38d9bbbfd5590c863c741e8d,3.231302261352539,0.0,20001102,0.3141409456729889,0.6394257616887541,0.5075129270553589,4,0,0.30555179928030285,open_field,0.6422726511955261,0.642388105392456,80,11,2,-3.4843053817749023,0.00024757959181442857
benchmark-protocol-v2-smoke,095ec5c7ced679ee38d9bbbfd5590c863c741e8d,3.231302261352539,0.0,20001102,0.3141409456729889,0.6394257616887541,0.5075129270553589,4,0,0.3100871273449489,open_field,0.015090065076947212,0.032229214906692505,80,11,3,-1.741288423538208,0.036744363605976105
benchmark-protocol-v2-smoke,095ec5c7ced679ee38d9bbbfd5590c863c741e8d,2.3421738147735596,1.0,20001102,0.20913280546665192,0.619370996223198,0.5530871152877808,4,1,0.4992889187165669,open_field,1.231398582458496,1.2316057682037354,88,11,0,3.1381404399871826,0.0005802976666018367
benchmark-protocol-v2-smoke,095ec5c7ced679ee38d9bbbfd5590c863c741e8d,2.3421738147735596,0.0,20001102,0.20913280546665192,0.619370996223198,0.5530871152877808,4,0,0.310749996985708,open_field,0.6874970197677612,0.687586784362793,88,11,2,-2.9910404682159424,0.0002514342777431011
benchmark-protocol-v2-smoke,095ec5c7ced679ee38d9bbbfd5590c863c741e8d,2.3421738147735596,0.0,20001102,0.20913280546665192,0.619370996223198,0.5530871152877808,4,0,0.31555092547621044,open_field,0.3539135158061981,0.366371750831604,88,11,3,-1.57295560836792,0.03488600626587868
benchmark-protocol-v2-smoke,095ec5c7ced679ee38d9bbbfd5590c863c741e8d,1.4249398708343506,1.0,20001102,0.21828384697437286,0.587045546653401,0.6331008076667786,4,1,0.33883907965251375,open_field,1.1629060506820679,1.163053274154663,96,11,0,2.056058168411255,0.000635260425042361
benchmark-protocol-v2-smoke,095ec5c7ced679ee38d9bbbfd5590c863c741e8d,1.4249398708343506,0.0,20001102,0.21828384697437286,0.587045546653401,0.6331008076667786,4,0,0.27695776309285847,open_field,0.602898120880127,0.6029658317565918,96,11,2,-2.1169958114624023,0.0002921826671808958
benchmark-protocol-v2-smoke,095ec5c7ced679ee38d9bbbfd5590c863c741e8d,1.4249398708343506,0.0,20001102,0.21828384697437286,0.587045546653401,0.6331008076667786,4,0,0.20412572579724447,open_field,0.7915221452713013,0.8024908900260925,96,11,3,-0.994864821434021,0.04732327535748482
benchmark-protocol-v2-smoke,095ec5c7ced679ee38d9bbbfd5590c863c741e8d,9.213555335998535,0.0,20001103,1.6665503978729248,0.5523911942551222,0.7292801737785339,4,0,0.28614245780876707,open_field,0.9774434566497803,0.977455735206604,0,11,0,2.1428275108337402,5.161090302863158e-05
benchmark-protocol-v2-smoke,095ec5c7ced679ee38d9bbbfd5590c863c741e8d,9.213555335998535,0.0,20001103,1.6665503978729248,0.5523911942551222,0.7292801737785339,4,0,0.24356656947306224,open_field,0.4817984998226166,0.4818001091480255,0,11,2,-3.330209255218506,6.76657600706676e-06
benchmark-protocol-v2-smoke,095ec5c7ced679ee38d9bbbfd5590c863c741e8d,9.213555335998535,0.25,20001103,1.6665503978729248,0.5523911942551222,0.7292801737785339,4,0,0.24836393977914537,open_field,0.9338469505310059,0.9934819340705872,0,11,3,-0.9663923978805542,0.2510714828968048
benchmark-protocol-v2-smoke,095ec5c7ced679ee38d9bbbfd5590c863c741e8d,9.049003601074219,1.0,20001103,1.3228362798690796,0.5987672804562374,0.6030881404876709,4,1,0.31313676493508474,open_field,0.8950830101966858,0.895103931427002,8,11,0,3.6316847801208496,7.055444439174607e-05
benchmark-protocol-v2-smoke,095ec5c7ced679ee38d9bbbfd5590c863c741e8d,9.049003601074219,0.0,20001103,1.3228362798690796,0.5987672804562374,0.6030881404876709,4,0,0.26033830855573925,open_field,0.17739105224609375,0.177394837141037,8,11,2,-4.4624786376953125,1.2768898159265518e-05
benchmark-protocol-v2-smoke,095ec5c7ced679ee38d9bbbfd5590c863c741e8d,9.049003601074219,0.0,20001103,1.3228362798690796,0.5987672804562374,0.6030881404876709,4,0,0.264146904860224,open_field,0.41728901863098145,0.43436434864997864,8,11,3,-1.9165477752685547,0.057509347796440125
benchmark-protocol-v2-smoke,095ec5c7ced679ee38d9bbbfd5590c863c741e8d,8.640896797180176,1.0,20001103,0.6670856475830078,0.6630515226185416,0.4573605954647064,4,1,0.3662139219897134,open_field,0.978235125541687,0.9782624244689941,16,11,0,4.4518938064575195,8.006166171981022e-05
benchmark-protocol-v2-smoke,095ec5c7ced679ee38d9bbbfd5590c863c741e8d,8.640896797180176,0.0,20001103,0.6670856475830078,0.6630515226185416,0.4573605954647064,4,0,0.2660567654030664,open_field,0.20459260046482086,0.20459824800491333,16,11,2,-4.94312047958374,1.6535486793145537e-05
benchmark-protocol-v2-smoke,095ec5c7ced679ee38d9bbbfd5590c863c741e8d,8.640896797180176,0.0,20001103,0.6670856475830078,0.6630515226185416,0.4573605954647064,4,0,0.26891835246767315,open_field,0.8551748394966125,0.8646348118782043,16,11,3,-2.5363638401031494,0.02773401513695717
benchmark-protocol-v2-smoke,095ec5c7ced679ee38d9bbbfd5590c863c741e8d,8.134421348571777,1.0,20001103,0.3414088189601898,0.619181822424839,0.5535310506820679,4,1,0.35974909578050884,open_field,1.0601131916046143,1.0601344108581543,24,11,0,4.2486467361450195,7.973836181918159e-05
benchmark-protocol-v2-smoke,095ec5c7ced679ee38d9bbbfd5590c863c741e8d,8.134421348571777,0.0,20001103,0.3414088189601898,0.619181822424839,0.5535310506820679,4,0,0.2705793338162558,open_field,0.41153794527053833,0.41154229640960693,24,11,2,-4.77674674987793,1.632672137930058e-05
benchmark-protocol-v2-smoke,095ec5c7ced679ee38d9bbbfd5590c863c741e8d,8.134421348571777,0.0,20001103,0.3414088189601898,0.619181822424839,0.5535310506820679,4,0,0.27581481848444256,open_field,0.7776466608047485,0.7839437127113342,24,11,3,-2.290891170501709,0.023694854229688644
benchmark-protocol-v2-smoke,095ec5c7ced679ee38d9bbbfd5590c863c741e8d,7.494365215301514,1.0,20001103,0.4534476101398468,0.5576596628234701,0.7138875722885132,4,1,0.3639797866344452,open_field,1.0467392206192017,1.0467623472213745,32,11,0,4.500426292419434,7.782863394822925e-05
benchmark-protocol-v2-smoke,095ec5c7ced679ee38d9bbbfd5590c863c741e8d,7.494365215301514,0.0,20001103,0.4534476101398468,0.5576596628234701,0.7138875722885132,4,0,0.2777779591935022,open_field,0.3632583022117615,0.36326301097869873,32,11,2,-5.077429294586182,1.5790454199304804e-05
benchmark-protocol-v2-smoke,095ec5c7ced679ee38d9bbbfd5590c863c741e8d,7.494365215301514,0.0,20001103,0.4534476101398468,0.5576596628234701,0.7138875722885132,4,0,0.2825281492301396,open_field,0.9183462262153625,0.9243467450141907,32,11,3,-2.291757583618164,0.02016456425189972
benchmark-protocol-v2-smoke,095ec5c7ced679ee38d9bbbfd5590c863c741e8d,6.734736442565918,1.0,20001103,0.44626501202583313,0.5270432017882108,0.8076398968696594,4,1,0.426616553749357,open_field,1.0436609983444214,1.043684720993042,40,11,0,4.702316761016846,8.319470362039283e-05
benchmark-protocol-v2-smoke,095ec5c7ced679ee38d9bbbfd5590c863c741e8d,6.734736442565918,0.0,20001103,0.44626501202583313,0.5270432017882108,0.8076398968696594,4,0,0.28440970182418823,open_field,0.3453866243362427,0.3453924357891083,40,11,2,-5.158941745758057,2.0361099814181216e-05
benchmark-protocol-v2-smoke,095ec5c7ced679ee38d9bbbfd5590c863c741e8d,6.734736442565918,0.0,20001103,0.44626501202583313,0.5270432017882108,0.8076398968696594,4,0,0.28875410343919483,open_field,0.7244607210159302,0.7279841303825378,40,11,3,-2.3541653156280518,0.012340595945715904
benchmark-protocol-v2-smoke,095ec5c7ced679ee38d9bbbfd5590c863c741e8d,5.896668910980225,1.0,20001103,0.3031865656375885,0.3581097418686551,0.9679793119430542,4,1,0.4845945643527167,open_field,1.174687385559082,1.1747214794158936,48,11,0,4.93125057220459,0.00010427592496853322
benchmark-protocol-v2-smoke,095ec5c7ced679ee38d9bbbfd5590c863c741e8d,5.896668910980225,0.0,20001103,0.3031865656375885,0.3581097418686551,0.9679793119430542,4,0,0.2904040813446045,open_field,0.43232637643814087,0.4323371946811676,48,11,2,-5.243467807769775,3.311107502668165e-05
benchmark-protocol-v2-smoke,095ec5c7ced679ee38d9bbbfd5590c863c741e8d,5.896668910980225,0.0,20001103,0.3031865656375885,0.3581097418686551,0.9679793119430542,4,0,0.29441239152635845,open_field,0.5435541272163391,0.5452938675880432,48,11,3,-2.51544189453125,0.005326559767127037
benchmark-protocol-v2-smoke,095ec5c7ced679ee38d9bbbfd5590c863c741e8d,5.01751708984375,1.0,20001103,0.1843888908624649,0.5017200413584221,0.8938290476799011,4,1,0.49540566333702635,open_field,1.137938380241394,1.1379899978637695,56,11,0,5.0071330070495605,0.00014322191418614239
benchmark-protocol-v2-smoke,095ec5c7ced679ee38d9bbbfd5590c863c741e8d,5.01751708984375,0.0,20001103,0.1843888908624649,0.5017200413584221,0.8938290476799011,4,0,0.29585452590669903,open_field,0.384277880191803,0.3842984139919281,56,11,2,-5.102735996246338,5.6982520618475974e-05
benchmark-protocol-v2-smoke,095ec5c7ced679ee38d9bbbfd5590c863c741e8d,5.01751708984375,0.0,20001103,0.1843888908624649,0.5017200413584221,0.8938290476799011,4,0,0.30003492534160614,open_field,0.36234936118125916,0.36346369981765747,56,11,3,-2.5630156993865967,0.003092759056016803
benchmark-protocol-v2-smoke,095ec5c7ced679ee38d9bbbfd5590c863c741e8d,4.1102423667907715,1.0,20001103,0.19932404160499573,0.5366374927582195,0.7771098017692566,4,1,0.488781954560961,open_field,1.1411001682281494,1.1411714553833008,64,11,0,4.821477890014648,0.00020302073971834034
benchmark-protocol-v2-smoke,095ec5c7ced679ee38d9bbbfd5590c863c741e8d,4.1102423667907715,0.0,20001103,0.19932404160499573,0.5366374927582195,0.7771098017692566,4,0,0.3010905086994171,open_field,0.3620588779449463,0.3620944321155548,64,11,2,-4.742553234100342,0.00010113052121596411
benchmark-protocol-v2-smoke,095ec5c7ced679ee38d9bbbfd5590c863c741e8d,4.1102423667907715,0.0,20001103,0.19932404160499573,0.5366374927582195,0.7771098017692566,4,0,0.3055532915251596,open_field,0.43369975686073303,0.4345912039279938,64,11,3,-2.524689197540283,0.0025367229245603085
benchmark-protocol-v2-smoke,095ec5c7ced679ee38d9bbbfd5590c863c741e8d,3.1858744621276855,1.0,20001103,0.23154276609420776,0.5403329053104085,0.7656398415565491,4,1,0.4889280838625772,open_field,1.198807716369629,1.198919415473938,72,11,0,4.639399528503418,0.00025134056340903044
benchmark-protocol-v2-smoke,095ec5c7ced679ee38d9bbbfd5590c863c741e8d,3.1858744621276855,0.0,20001103,0.23154276609420776,0.5403329053104085,0.7656398415565491,4,0,0.30606104859283995,open_field,0.4069119095802307,0.406978964805603,72,11,2,-4.391191482543945,0.00015081872697919607
benchmark-protocol-v2-smoke,095ec5c7ced679ee38d9bbbfd5590c863c741e8d,3.1858744621276855,0.0,20001103,0.23154276609420776,0.5403329053104085,0.7656398415565491,4,0,0.31046966782638,open_field,0.15471255779266357,0.15555652976036072,72,11,3,-2.474348545074463,0.001898283720947802
benchmark-protocol-v2-smoke,095ec5c7ced679ee38d9bbbfd5590c863c741e8d,2.2531254291534424,1.0,20001103,0.23959775269031525,0.5299907454749908,0.7981428503990173,4,1,0.4636102340051106,open_field,1.2166122198104858,1.216742753982544,80,11,0,4.306909561157227,0.0002999190764967352
benchmark-protocol-v2-smoke,095ec5c7ced679ee38d9bbbfd5590c863c741e8d,2.2531254291534424,0.0,20001103,0.23959775269031525,0.5299907454749908,0.7981428503990173,4,0,0.31096899935177397,open_field,0.4236771762371063,0.4237607419490814,80,11,2,-3.9602479934692383,0.00019202685507480055
benchmark-protocol-v2-smoke,095ec5c7ced679ee38d9bbbfd5590c863c741e8d,2.2531254291534424,0.0,20001103,0.23959775269031525,0.5299907454749908,0.7981428503990173,4,0,0.3150241034371512,open_field,0.20216810703277588,0.20315659046173096,80,11,3,-2.3637194633483887,0.002271178876981139
benchmark-protocol-v2-smoke,095ec5c7ced679ee38d9bbbfd5590c863c741e8d,1.3303402662277222,1.0,20001103,0.3022587299346924,0.5241117782834742,0.817190945148468,4,1,0.2678835562297276,open_field,1.2044121026992798,1.2045533657073975,88,11,0,3.8636722564697266,0.00029952757176943123
benchmark-protocol-v2-smoke,095ec5c7ced679ee38d9bbbfd5590c863c741e8d,1.3303402662277222,0.0,20001103,0.3022587299346924,0.5241117782834742,0.817190945148468,4,0,0.27638659306934904,open_field,0.39910951256752014,0.39920487999916077,88,11,2,-3.5172882080078125,0.00020226459309924394
benchmark-protocol-v2-smoke,095ec5c7ced679ee38d9bbbfd5590c863c741e8d,1.3303402662277222,0.0,20001103,0.3022587299346924,0.5241117782834742,0.817190945148468,4,0,0.20383093186787196,open_field,0.083755262196064,0.08506280183792114,88,11,3,-2.1349120140075684,0.002773341489955783
benchmark-protocol-v2-smoke,095ec5c7ced679ee38d9bbbfd5590c863c741e8d,9.204623222351074,0.0,20001104,1.6865119934082031,0.5642753659181882,0.6949659585952759,4,0,0.286230131983757,open_field,1.0280874967575073,1.0280983448028564,0,11,0,2.2295913696289062,5.1770177378784865e-05
benchmark-protocol-v2-smoke,095ec5c7ced679ee38d9bbbfd5590c863c741e8d,9.204623222351074,0.0,20001104,1.6865119934082031,0.5642753659181882,0.6949659585952759,4,0,0.24378313017742975,open_field,0.5297083258628845,0.5297096967697144,0,11,2,-3.401000499725342,6.466738796007121e-06
benchmark-protocol-v2-smoke,095ec5c7ced679ee38d9bbbfd5590c863c741e8d,9.204623222351074,1.0,20001104,1.6865119934082031,0.5642753659181882,0.6949659585952759,4,1,0.25217788772923605,open_field,0.8308331966400146,0.8826943635940552,0,11,3,-1.00666081905365,0.24782375991344452
benchmark-protocol-v2-smoke,095ec5c7ced679ee38d9bbbfd5590c863c741e8d,9.038202285766602,1.0,20001104,1.3368922472000122,0.587437708609681,0.6320773363113403,4,1,0.3099128689084734,open_field,0.8973495364189148,0.8973709344863892,8,11,0,3.512366771697998,7.314624963328242e-05
benchmark-protocol-v2-smoke,095ec5c7ced679ee38d9bbbfd5590c863c741e8d,9.038202285766602,0.0,20001104,1.3368922472000122,0.587437708609681,0.6320773363113403,4,0,0.26043668176446644,open_field,0.1835821568965912,0.1835857629776001,8,11,2,-4.400172233581543,1.2304409210628364e-05
benchmark-protocol-v2-smoke,095ec5c7ced679ee38d9bbbfd5590c863c741e8d,9.038202285766602,0.0,20001104,1.3368922472000122,0.587437708609681,0.6320773363113403,4,0,0.2644301397459848,open_field,0.5734858512878418,0.5937625169754028,8,11,3,-1.8528921604156494,0.06932612508535385
benchmark-protocol-v2-smoke,095ec5c7ced679ee38d9bbbfd5590c863c741e8d,8.627388000488281,1.0,20001104,0.6748329997062683,0.6818181514542623,0.4200000464916229,4,1,0.3640778064727783,open_field,1.0278866291046143,1.0279135704040527,16,11,0,4.4297590255737305,8.250481187133119e-05
benchmark-protocol-v2-smoke,095ec5c7ced679ee38d9bbbfd5590c863c741e8d,8.627388000488281,0.0,20001104,0.6748329997062683,0.6818181514542623,0.4200000464916229,4,0,0.2656047535794122,open_field,0.28613635897636414,0.28614166378974915,16,11,2,-4.953240871429443,1.6300660718115978e-05
benchmark-protocol-v2-smoke,095ec5c7ced679ee38d9bbbfd5590c863c741e8d,8.627388000488281,0.0,20001104,0.6748329997062683,0.6818181514542623,0.4200000464916229,4,0,0.2693113088607788,open_field,0.9016811847686768,0.9149400591850281,16,11,3,-2.457359790802002,0.040631189942359924
benchmark-protocol-v2-smoke,095ec5c7ced679ee38d9bbbfd5590c863c741e8d,8.102933883666992,1.0,20001104,0.340580552816391,0.6253532735971166,0.5391865372657776,4,1,0.35945631350789753,open_field,1.037072777748108,1.0370943546295166,24,11,0,4.134429454803467,8.246941433753818e-05
benchmark-protocol-v2-smoke,095ec5c7ced679ee38d9bbbfd5590c863c741e8d,8.102933883666992,0.0,20001104,0.340580552816391,0.6253532735971166,0.5391865372657776,4,0,0.27112919092178345,open_field,0.3950362205505371,0.395040363073349,24,11,2,-4.831360816955566,1.577913462824654e-05
benchmark-protocol-v2-smoke,095ec5c7ced679ee38d9bbbfd5590c863c741e8d,8.102933883666992,0.0,20001104,0.340580552816391,0.6253532735971166,0.5391865372657776,4,0,0.2765034054006849,open_field,0.7072383165359497,0.7148649096488953,24,11,3,-2.1178197860717773,0.02909613586962223
benchmark-protocol-v2-smoke,095ec5c7ced679ee38d9bbbfd5590c863c741e8d,7.435816764831543,1.0,20001104,0.45582693815231323,0.6124560384614924,0.5694932341575623,4,1,0.3592334645135062,open_field,1.0302517414093018,1.030277967453003,32,11,0,4.299026012420654,9.073908586287871e-05
benchmark-protocol-v2-smoke,095ec5c7ced679ee38d9bbbfd5590c863c741e8d,7.435816764831543,0.0,20001104,0.45582693815231323,0.6124560384614924,0.5694932341575623,4,0,0.27817407676151823,open_field,0.37753766775131226,0.37754279375076294,32,11,2,-4.996661186218262,1.767868707247544e-05
benchmark-protocol-v2-smoke,095ec5c7ced679ee38d9bbbfd5590c863c741e8d,7.435816764831543,0.0,20001104,0.45582693815231323,0.6124560384614924,0.5694932341575623,4,0,0.2829664392130716,open_field,0.9359500408172607,0.9441074728965759,32,11,3,-2.130685329437256,0.028174113482236862
benchmark-protocol-v2-smoke,095ec5c7ced679ee38d9bbbfd5590c863c741e8d,6.662644863128662,1.0,20001104,0.4590801000595093,0.5318268386706629,0.7922801375389099,4,1,0.42211146865572247,open_field,1.0675593614578247,1.0675852298736572,40,11,0,4.611054420471191,9.083813347388059e-05
benchmark-protocol-v2-smoke,095ec5c7ced679ee38d9bbbfd5590c863c741e8d,6.662644863128662,0.0,20001104,0.4590801000595093,0.5318268386706629,0.7922801375389099,4,0,0.28487756635461536,open_field,0.3720715045928955,0.3720775246620178,40,11,2,-5.140726089477539,2.1122936232131906e-05
benchmark-protocol-v2-smoke,095ec5c7ced679ee38d9bbbfd5590c863c741e8d,6.662644863128662,0.0,20001104,0.4590801000595093,0.5318268386706629,0.7922801375389099,4,0,0.2891551320041929,open_field,0.7485097646713257,0.7528576850891113,40,11,3,-2.257552146911621,0.01528981700539589
benchmark-protocol-v2-smoke,095ec5c7ced679ee38d9bbbfd5590c863c741e8d,5.817086219787598,1.0,20001104,0.31406113505363464,0.37288445457687036,0.9712083339691162,4,1,0.4831172845193318,open_field,1.1602599620819092,1.1603002548217773,48,11,0,4.920037269592285,0.00011546719906618819
benchmark-protocol-v2-smoke,095ec5c7ced679ee38d9bbbfd5590c863c741e8d,5.817086219787598,0.0,20001104,0.31406113505363464,0.37288445457687036,0.9712083339691162,4,0,0.29095315081732614,open_field,0.42423105239868164,0.4242434501647949,48,11,2,-5.274324417114258,3.560367622412741e-05
benchmark-protocol-v2-smoke,095ec5c7ced679ee38d9bbbfd5590c863c741e8d,5.817086219787598,0.0,20001104,0.31406113505363464,0.37288445457687036,0.9712083339691162,4,0,0.2947986125946045,open_field,0.4154489040374756,0.41777580976486206,48,11,3,-2.475127696990967,0.0066766273230314255
benchmark-protocol-v2-smoke,095ec5c7ced679ee38d9bbbfd5590c863c741e8d,4.935964584350586,1.0,20001104,0.18713997304439545,0.5085200359541305,0.8698418140411377,4,1,0.49517534034592764,open_field,1.1157383918762207,1.115800380706787,56,11,0,4.973113059997559,0.00017300219042226672
benchmark-protocol-v2-smoke,095ec5c7ced679ee38d9bbbfd5590c863c741e8d,4.935964584350586,0.0,20001104,0.18713997304439545,0.5085200359541305,0.8698418140411377,4,0,0.29643771265234264,open_field,0.36339983344078064,0.3634236454963684,56,11,2,-5.090762615203857,6.647239933954552e-05
benchmark-protocol-v2-smoke,095ec5c7ced679ee38d9bbbfd5590c863c741e8d,4.935964584350586,0.0,20001104,0.18713997304439545,0.5085200359541305,0.8698418140411377,4,0,0.30030872566359385,open_field,0.34738972783088684,0.3490262031555176,56,11,3,-2.5237762928009033,0.004569684620946646
benchmark-protocol-v2-smoke,095ec5c7ced679ee38d9bbbfd5590c863c741e8d,4.029966354370117,1.0,20001104,0.20035050809383392,0.5385279025856197,0.7712225914001465,4,1,0.48736719361373354,open_field,1.2029430866241455,1.2030363082885742,64,11,0,4.9096832275390625,0.00022269535111263394
benchmark-protocol-v2-smoke,095ec5c7ced679ee38d9bbbfd5590c863c741e8d,4.029966354370117,0.0,20001104,0.20035050809383392,0.5385279025856197,0.7712225914001465,4,0,0.30141207788671764,open_field,0.4261702001094818,0.4262166917324066,64,11,2,-4.824619293212891,0.00011113443179056048
benchmark-protocol-v2-smoke,095ec5c7ced679ee38d9bbbfd5590c863c741e8d,4.029966354370117,0.0,20001104,0.20035050809383392,0.5385279025856197,0.7712225914001465,4,0,0.30591851685728344,open_field,0.23458272218704224,0.2356550097465515,64,11,3,-2.550027370452881,0.0025627869181334972
benchmark-protocol-v2-smoke,095ec5c7ced679ee38d9bbbfd5590c863c741e8d,3.1060245037078857,1.0,20001104,0.23605141043663025,0.5454933231963225,0.749882698059082,4,1,0.485980497939246,open_field,1.203000545501709,1.2031270265579224,72,11,0,4.614252090454102,0.00028123296215198934
benchmark-protocol-v2-smoke,095ec5c7ced679ee38d9bbbfd5590c863c741e8d,3.1060245037078857,0.0,20001104,0.23605141043663025,0.5454933231963225,0.749882698059082,4,0,0.3065519779920578,open_field,0.43057045340538025,0.4306456744670868,72,11,2,-4.418664932250977,0.00016725703608244658
benchmark-protocol-v2-smoke,095ec5c7ced679ee38d9bbbfd5590c863c741e8d,3.1060245037078857,0.0,20001104,0.23605141043663025,0.5454933231963225,0.749882698059082,4,0,0.3110182285308838,open_field,0.1355229616165161,0.13657844066619873,72,11,3,-2.428466796875,0.0023466506972908974
benchmark-protocol-v2-smoke,095ec5c7ced679ee38d9bbbfd5590c863c741e8d,2.1738336086273193,1.0,20001104,0.24734348058700562,0.5254423633272152,0.8128424286842346,4,1,0.4552960289376123,open_field,1.2272162437438965,1.227351188659668,80,11,0,4.238123893737793,0.00030719730420969427
benchmark-protocol-v2-smoke,095ec5c7ced679ee38d9bbbfd5590c863c741e8d,2.1738336086273193,0.0,20001104,0.24734348058700562,0.5254423633272152,0.8128424286842346,4,0,0.311403500182288,open_field,0.4533274471759796,0.4534107744693756,80,11,2,-3.985062599182129,0.0001896775356726721
benchmark-protocol-v2-smoke,095ec5c7ced679ee38d9bbbfd5590c863c741e8d,2.1738336086273193,0.0,20001104,0.24734348058700562,0.5254423633272152,0.8128424286842346,4,0,0.31543817690440584,open_field,0.19169491529464722,0.19291368126869202,80,11,3,-2.289820432662964,0.0027742991223931313
benchmark-protocol-v2-smoke,095ec5c7ced679ee38d9bbbfd5590c863c741e8d,1.2542343139648438,1.0,20001104,0.31920647621154785,0.5344403526944278,0.7840045690536499,4,1,0.23688813831124986,open_field,1.1898138523101807,1.1899573802947998,88,11,0,3.7288877964019775,0.00031598369241692126
benchmark-protocol-v2-smoke,095ec5c7ced679ee38d9bbbfd5590c863c741e8d,1.2542343139648438,0.0,20001104,0.31920647621154785,0.5344403526944278,0.7840045690536499,4,0,0.25202688361917225,open_field,0.38517332077026367,0.38526514172554016,88,11,2,-3.4642181396484375,0.0002021452528424561
benchmark-protocol-v2-smoke,095ec5c7ced679ee38d9bbbfd5590c863c741e8d,1.2542343139648438,0.0,20001104,0.31920647621154785,0.5344403526944278,0.7840045690536499,4,0,0.17943074660641806,open_field,0.12035883218050003,0.1221972107887268,88,11,3,-2.0248160362243652,0.004047321621328592
benchmark-protocol-v2-smoke,095ec5c7ced679ee38d9bbbfd5590c863c741e8d,9.198302268981934,0.0,20001105,1.6927173137664795,0.5682473512001022,0.6838173270225525,4,0,0.28623388920511517,open_field,1.0962716341018677,1.0962963104248047,0,11,0,1.5826270580291748,0.00011542811262188479
benchmark-protocol-v2-smoke,095ec5c7ced679ee38d9bbbfd5590c863c741e8d,9.198302268981934,0.0,20001105,1.6927173137664795,0.5682473512001022,0.6838173270225525,4,0,0.2433087197797639,open_field,0.6580589413642883,0.6580616235733032,0,11,2,-3.0510127544403076,1.248353328264784e-05
benchmark-protocol-v2-smoke,095ec5c7ced679ee38d9bbbfd5590c863c741e8d,9.198302268981934,0.25,20001105,1.6927173137664795,0.5682473512001022,0.6838173270225525,4,0,0.2477353321654456,open_field,0.4121810495853424,0.6275838017463684,0,11,3,-0.3354317843914032,1.0059376955032349
benchmark-protocol-v2-smoke,095ec5c7ced679ee38d9bbbfd5590c863c741e8d,9.033434867858887,1.0,20001105,1.3433798551559448,0.610676282759386,0.5737759470939636,4,1,0.31069997591631754,open_field,1.0889678001403809,1.0890541076660156,8,11,0,2.980820417404175,0.00018633334548212588
benchmark-protocol-v2-smoke,095ec5c7ced679ee38d9bbbfd5590c863c741e8d,9.033434867858887,0.0,20001105,1.3433798551559448,0.610676282759386,0.5737759470939636,4,0,0.2603200056723186,open_field,0.4495844841003418,0.44959768652915955,8,11,2,-3.9893031120300293,2.8508722607512027e-05
benchmark-protocol-v2-smoke,095ec5c7ced679ee38d9bbbfd5590c863c741e8d,9.033434867858887,0.0,20001105,1.3433798551559448,0.610676282759386,0.5737759470939636,4,0,0.2641927642481668,open_field,-0.1577209234237671,-0.04152524471282959,8,11,3,-1.2508633136749268,0.25102800130844116
benchmark-protocol-v2-smoke,095ec5c7ced679ee38d9bbbfd5590c863c741e8d,8.624448776245117,1.0,20001105,0.6787305474281311,0.6818182277602142,0.419999897480011,4,1,0.37124447311673847,open_field,1.2424770593643188,1.2425676584243774,16,11,0,4.475397109985352,0.0001991982280742377
benchmark-protocol-v2-smoke,095ec5c7ced679ee38d9bbbfd5590c863c741e8d,8.624448776245117,0.0,20001105,0.6787305474281311,0.6818182277602142,0.419999897480011,4,0,0.2655633645398276,open_field,0.5716081261634827,0.5716241598129272,16,11,2,-5.0377912521362305,3.522366750985384e-05
benchmark-protocol-v2-smoke,095ec5c7ced679ee38d9bbbfd5590c863c741e8d,8.624448776245117,0.0,20001105,0.6787305474281311,0.6818182277602142,0.419999897480011,4,0,0.26930184236594606,open_field,0.06949146091938019,0.13724668323993683,16,11,3,-2.2470531463623047,0.14901825785636902
benchmark-protocol-v2-smoke,095ec5c7ced679ee38d9bbbfd5590c863c741e8d,8.117756843566895,1.0,20001105,0.32306376099586487,0.6373077051222935,0.5121906995773315,4,1,0.3706559751714979,open_field,1.186535120010376,1.1866395473480225,24,11,0,4.227354049682617,0.00020764197688549757
benchmark-protocol-v2-smoke,095ec5c7ced679ee38d9bbbfd5590c863c741e8d,8.117756843566895,0.0,20001105,0.32306376099586487,0.6373077051222935,0.5121906995773315,4,0,0.27053784472601755,open_field,0.7374077439308167,0.737425684928894,24,11,2,-5.0297465324401855,3.562582060112618e-05
benchmark-protocol-v2-smoke,095ec5c7ced679ee38d9bbbfd5590c863c741e8d,8.117756843566895,0.0,20001105,0.32306376099586487,0.6373077051222935,0.5121906995773315,4,0,0.2752961133207594,open_field,-0.106009840965271,-0.0319080650806427,24,11,3,-1.9591078758239746,0.14727292954921722
benchmark-protocol-v2-smoke,095ec5c7ced679ee38d9bbbfd5590c863c741e8d,7.502971649169922,1.0,20001105,0.4206649959087372,0.6246370962391294,0.5408366322517395,4,1,0.3251915957246508,open_field,1.1936919689178467,1.1937942504882812,32,11,0,4.464468955993652,0.00020752756972797215
benchmark-protocol-v2-smoke,095ec5c7ced679ee38d9bbbfd5590c863c741e8d,7.502971649169922,0.0,20001105,0.4206649959087372,0.6246370962391294,0.5408366322517395,4,0,0.2762246536357062,open_field,0.7293413877487183,0.7293599843978882,32,11,2,-5.219050407409668,3.774534707190469e-05
benchmark-protocol-v2-smoke,095ec5c7ced679ee38d9bbbfd5590c863c741e8d,7.502971649169922,0.0,20001105,0.4206649959087372,0.6246370962391294,0.5408366322517395,4,0,0.28052215703896116,open_field,-0.06072681024670601,-0.0039510056376457214,32,11,3,-2.006835699081421,0.11514819413423538
benchmark-protocol-v2-smoke,095ec5c7ced679ee38d9bbbfd5590c863c741e8d,6.821340084075928,0.0,20001105,0.6033382415771484,0.6057802271337156,0.5856872797012329,4,0,0.3095433009522302,open_field,1.0119909048080444,1.012145757675171,40,11,0,4.072779655456543,0.0002589368959888816
benchmark-protocol-v2-smoke,095ec5c7ced679ee38d9bbbfd5590c863c741e8d,6.821340084075928,0.0,20001105,0.6033382415771484,0.6057802271337156,0.5856872797012329,4,0,0.2814424123082842,open_field,0.4572562873363495,0.45729032158851624,40,11,2,-4.8432111740112305,5.694438368664123e-05
benchmark-protocol-v2-smoke,095ec5c7ced679ee38d9bbbfd5590c863c741e8d,6.821340084075928,0.0,20001105,0.6033382415771484,0.6057802271337156,0.5856872797012329,4,0,0.2851725710289819,open_field,-0.525637686252594,-0.4391539692878723,40,11,3,-1.7393296957015991,0.1446370631456375
benchmark-protocol-v2-smoke,095ec5c7ced679ee38d9bbbfd5590c863c741e8d,6.134956359863281,1.0,20001105,0.7167509198188782,0.6529201166345686,0.4784228503704071,4,1,0.30335590349776403,open_field,0.7789507508277893,0.7791811227798462,48,11,0,3.608233690261841,0.0003850750217679888
benchmark-protocol-v2-smoke,095ec5c7ced679ee38d9bbbfd5590c863c741e8d,6.134956359863281,0.0,20001105,0.7167509198188782,0.6529201166345686,0.4784228503704071,4,0,0.28440029280526297,open_field,0.08352658152580261,0.08359009027481079,48,11,2,-4.18442440032959,0.00010616721556289122
benchmark-protocol-v2-smoke,095ec5c7ced679ee38d9bbbfd5590c863c741e8d,6.134956359863281,0.0,20001105,0.7167509198188782,0.6529201166345686,0.4784228503704071,4,0,0.28758724672453745,open_field,-0.8123815655708313,-0.685494065284729,48,11,3,-1.5687596797943115,0.21211481094360352
benchmark-protocol-v2-smoke,095ec5c7ced679ee38d9bbbfd5590c863c741e8d,5.531993865966797,0.25,20001105,0.5217572450637817,0.6837985536164343,0.41617709398269653,4,0,0.10078797542623111,open_field,0.6122192740440369,0.6125830411911011,56,11,0,3.751800537109375,0.0005918803508393466
benchmark-protocol-v2-smoke,095ec5c7ced679ee38d9bbbfd5590c863c741e8d,5.531993865966797,0.0,20001105,0.5217572450637817,0.6837985536164343,0.41617709398269653,4,0,0.2857474046094077,open_field,-0.11501698940992355,-0.1148964986205101,56,11,2,-4.089781284332275,0.0001960371300810948
benchmark-protocol-v2-smoke,095ec5c7ced679ee38d9bbbfd5590c863c741e8d,5.531993865966797,0.0,20001105,0.5217572450637817,0.6837985536164343,0.41617709398269653,4,0,0.2880356290510723,open_field,-1.0608285665512085,-0.8926589488983154,56,11,3,-1.698038101196289,0.2736126184463501
benchmark-protocol-v2-smoke,095ec5c7ced679ee38d9bbbfd5590c863c741e8d,5.090916156768799,0.0,20001105,0.5422567129135132,0.6952189243690677,0.3945562243461609,4,0,-0.031126023004097596,open_field,0.4514531195163727,0.45179614424705505,64,11,0,3.3710837364196777,0.000672694353852421
benchmark-protocol-v2-smoke,095ec5c7ced679ee38d9bbbfd5590c863c741e8d,5.090916156768799,0.5,20001105,0.5422567129135132,0.6952189243690677,0.3945562243461609,4,1,0.291704529098102,open_field,-0.17498619854450226,-0.17486459016799927,64,11,2,-3.526845932006836,0.00023849259014241397
benchmark-protocol-v2-smoke,095ec5c7ced679ee38d9bbbfd5590c863c741e8d,5.090916156768799,0.0,20001105,0.5422567129135132,0.6952189243690677,0.3945562243461609,4,0,0.2901403648512704,open_field,-0.9788608551025391,-0.7972697615623474,64,11,3,-1.622314691543579,0.3561098277568817
benchmark-protocol-v2-smoke,095ec5c7ced679ee38d9bbbfd5590c863c741e8d,4.70106840133667,0.0,20001105,0.7277618050575256,0.687777785585414,0.40856218338012695,4,0,0.10447851076189961,open_field,0.5374398827552795,0.5377286672592163,72,11,0,3.1556591987609863,0.000571389333344996
benchmark-protocol-v2-smoke,095ec5c7ced679ee38d9bbbfd5590c863c741e8d,4.70106840133667,0.25,20001105,0.7277618050575256,0.687777785585414,0.40856218338012695,4,0,0.2895322207893644,open_field,-0.07218386232852936,-0.07207825034856796,72,11,2,-3.218609571456909,0.00020894793851766735
benchmark-protocol-v2-smoke,095ec5c7ced679ee38d9bbbfd5590c863c741e8d,4.70106840133667,0.0,20001105,0.7277618050575256,0.687777785585414,0.40856218338012695,4,0,0.2926041249717985,open_field,-0.8294739723205566,-0.7002926468849182,72,11,3,-1.5338044166564941,0.2555825114250183
benchmark-protocol-v2-smoke,095ec5c7ced679ee38d9bbbfd5590c863c741e8d,4.330001354217529,0.0,20001105,0.8405390381813049,0.6767136716715997,0.4299568831920624,4,0,0.2697484114074281,open_field,0.45654040575027466,0.4567999541759491,80,11,0,3.1619527339935303,0.0005116336978971958
benchmark-protocol-v2-smoke,095ec5c7ced679ee38d9bbbfd5590c863c741e8d,4.330001354217529,0.0,20001105,0.8405390381813049,0.6767136716715997,0.4299568831920624,4,0,0.24494619135345733,open_field,-0.09273532778024673,-0.09264194220304489,80,11,2,-3.3224525451660156,0.0001840894838096574
benchmark-protocol-v2-smoke,095ec5c7ced679ee38d9bbbfd5590c863c741e8d,4.330001354217529,0.0,20001105,0.8405390381813049,0.6767136716715997,0.4299568831920624,4,0,0.20491283067635127,open_field,-0.920928955078125,-0.7831076979637146,80,11,3,-1.461191177368164,0.27168652415275574
benchmark-protocol-v2-smoke,095ec5c7ced679ee38d9bbbfd5590c863c741e8d,3.9459314346313477,0.0,20001105,0.9084519147872925,0.6633914250093762,0.4566650986671448,4,0,0.3703486940690449,open_field,0.5074337124824524,0.5076789855957031,88,11,0,3.320338249206543,0.0005326601094566286
benchmark-protocol-v2-smoke,095ec5c7ced679ee38d9bbbfd5590c863c741e8d,3.9459314346313477,1.0,20001105,0.9084519147872925,0.6633914250093762,0.4566650986671448,4,1,0.34792456669466837,open_field,-0.09057232737541199,-0.0904790610074997,88,11,2,-3.288257598876953,0.00020254909759387374
benchmark-protocol-v2-smoke,095ec5c7ced679ee38d9bbbfd5590c863c741e8d,3.9459314346313477,0.0,20001105,0.9084519147872925,0.6633914250093762,0.4566650986671448,4,0,0.06787667529923576,open_field,-0.7023560404777527,-0.6194750666618347,88,11,3,-1.6131608486175537,0.18000099062919617
benchmark-protocol-v2-smoke,095ec5c7ced679ee38d9bbbfd5590c863c741e8d,3.51828670501709,0.0,20001105,0.9493200182914734,0.6535361145275792,0.47712358832359314,4,0,0.3443362201963152,open_field,0.8450732231140137,0.8454161882400513,96,11,0,3.4762449264526367,0.0006297674844972789
benchmark-protocol-v2-smoke,095ec5c7ced679ee38d9bbbfd5590c863c741e8d,3.51828670501709,0.0,20001105,0.9493200182914734,0.6535361145275792,0.47712358832359314,4,0,0.3073065089327948,open_field,0.20082926750183105,0.20098236203193665,96,11,2,-3.17105770111084,0.00028112437576055527
benchmark-protocol-v2-smoke,095ec5c7ced679ee38d9bbbfd5590c863c741e8d,3.51828670501709,0.0,20001105,0.9493200182914734,0.6535361145275792,0.47712358832359314,4,0,-0.08967315405607224,open_field,-0.5182755589485168,-0.48823821544647217,96,11,3,-1.7992570400238037,0.055158521980047226
benchmark-protocol-v2-smoke,095ec5c7ced679ee38d9bbbfd5590c863c741e8d,3.088191509246826,0.0,20001105,1.0472639799118042,0.6436780143004531,0.49821460247039795,4,0,0.40458293897765024,open_field,0.6606320142745972,0.6608556509017944,104,11,0,3.0035533905029297,0.0005952781066298485
benchmark-protocol-v2-smoke,095ec5c7ced679ee38d9bbbfd5590c863c741e8d,3.088191509246826,0.0,20001105,1.0472639799118042,0.6436780143004531,0.49821460247039795,4,0,0.37833649132932934,open_field,0.14759290218353271,0.14769141376018524,104,11,2,-3.031057357788086,0.00026221995358355343
benchmark-protocol-v2-smoke,095ec5c7ced679ee38d9bbbfd5590c863c741e8d,3.088191509246826,0.0,20001105,1.0472639799118042,0.6436780143004531,0.49821460247039795,4,0,-0.11125998198986053,open_field,-0.2908676266670227,-0.2572989761829376,104,11,3,-1.36543607711792,0.08934935182332993
benchmark-protocol-v2-smoke,095ec5c7ced679ee38d9bbbfd5590c863c741e8d,2.619108200073242,0.0,20001105,1.1264393329620361,0.6601782713657721,0.46326813101768494,4,0,0.20356627447264536,open_field,0.9439916014671326,0.9442698955535889,112,11,0,3.0095133781433105,0.0006142340134829283
benchmark-protocol-v2-smoke,095ec5c7ced679ee38d9bbbfd5590c863c741e8d,2.619108200073242,0.0,20001105,1.1264393329620361,0.6601782713657721,0.46326813101768494,4,0,0.17919337110860006,open_field,0.44995757937431335,0.45007893443107605,112,11,2,-2.9377691745758057,0.00026783227804116905
benchmark-protocol-v2-smoke,095ec5c7ced679ee38d9bbbfd5590c863c741e8d,2.619108200073242,0.0,20001105,1.1264393329620361,0.6601782713657721,0.46326813101768494,4,0,0.1798688109431948,open_field,-0.19101400673389435,-0.16339948773384094,112,11,3,-1.3921809196472168,0.06094878166913986
benchmark-protocol-v2-smoke,095ec5c7ced679ee38d9bbbfd5590c863c741e8d,9.210406303405762,0.0,20010500,1.227621078491211,0.5414380456629603,0.7622400522232056,4,0,0.2870852053165436,narrow_passage,0.9889427423477173,0.9889748096466064,0,5,0,1.615558385848999,0.00013634300557896495
benchmark-protocol-v2-smoke,095ec5c7ced679ee38d9bbbfd5590c863c741e8d,9.210406303405762,0.0,20010500,1.227621078491211,0.5414380456629603,0.7622400522232056,4,0,0.25520357276712147,narrow_passage,0.556479275226593,0.5564824342727661,0,5,2,-3.1634654998779297,1.3304510503076017e-05
benchmark-protocol-v2-smoke,095ec5c7ced679ee38d9bbbfd5590c863c741e8d,9.210406303405762,1.0,20010500,1.227621078491211,0.5414380456629603,0.7622400522232056,4,1,0.3045557311603001,narrow_passage,0.8020506501197815,1.1030237674713135,0,5,3,-0.3483004868030548,1.2785017490386963
benchmark-protocol-v2-smoke,095ec5c7ced679ee38d9bbbfd5590c863c741e8d,9.003473281860352,0.0,20010500,0.9851701855659485,0.6648602525095282,0.45366790890693665,4,0,0.29391415630068096,narrow_passage,0.7801705002784729,0.7802067995071411,8,5,0,2.290215492248535,0.00017785266391001642
benchmark-protocol-v2-smoke,095ec5c7ced679ee38d9bbbfd5590c863c741e8d,9.003473281860352,1.0,20010500,0.9851701855659485,0.6648602525095282,0.45366790890693665,4,1,0.28191767420087543,narrow_passage,0.2805005609989166,0.2805047929286957,8,5,2,-3.84124755859375,2.0803392544621602e-05
benchmark-protocol-v2-smoke,095ec5c7ced679ee38d9bbbfd5590c863c741e8d,9.003473281860352,1.0,20010500,0.9851701855659485,0.6648602525095282,0.45366790890693665,4,1,0.3706103286572865,narrow_passage,0.37754249572753906,0.5312480926513672,8,5,3,-0.5259646773338318,0.7534481287002563
benchmark-protocol-v2-smoke,095ec5c7ced679ee38d9bbbfd5590c863c741e8d,8.511878967285156,0.0,20010500,0.825259268283844,0.6876945460496274,0.40872058272361755,4,0,0.2993947161095483,narrow_passage,0.9224899411201477,0.9225560426712036,16,5,0,3.1135215759277344,0.00023705988132860512
benchmark-protocol-v2-smoke,095ec5c7ced679ee38d9bbbfd5590c863c741e8d,8.511878967285156,1.0,20010500,0.825259268283844,0.6876945460496274,0.40872058272361755,4,1,0.3006228059530258,narrow_passage,0.39692792296409607,0.39693769812583923,16,5,2,-4.280162811279297,3.5041604860452935e-05
benchmark-protocol-v2-smoke,095ec5c7ced679ee38d9bbbfd5590c863c741e8d,8.511878967285156,1.0,20010500,0.825259268283844,0.6876945460496274,0.40872058272361755,4,1,0.3644594912018095,narrow_passage,0.19672366976737976,0.2820213735103607,16,5,3,-1.1455658674240112,0.30590206384658813
benchmark-protocol-v2-smoke,095ec5c7ced679ee38d9bbbfd5590c863c741e8d,7.870385646820068,0.0,20010500,0.7434069514274597,0.6818182318081211,0.419999897480011,4,0,0.3032588171107428,narrow_passage,1.1013067960739136,1.101404070854187,24,5,0,4.113014221191406,0.0001994015765376389
benchmark-protocol-v2-smoke,095ec5c7ced679ee38d9bbbfd5590c863c741e8d,7.870385646820068,1.0,20010500,0.7434069514274597,0.6818182318081211,0.419999897480011,4,1,0.30134992727211546,narrow_passage,0.5781179070472717,0.5781365633010864,24,5,2,-5.08901834487915,3.8255082472460344e-05
benchmark-protocol-v2-smoke,095ec5c7ced679ee38d9bbbfd5590c863c741e8d,7.870385646820068,1.0,20010500,0.7434069514274597,0.6818182318081211,0.419999897480011,4,1,0.3120251361812864,narrow_passage,-0.1272050142288208,-0.09089115262031555,24,5,3,-1.7650022506713867,0.07441924512386322
benchmark-protocol-v2-smoke,095ec5c7ced679ee38d9bbbfd5590c863c741e8d,7.220966339111328,1.0,20010500,0.7475652694702148,0.6779692799424879,0.42749378085136414,4,1,0.3187959002596991,narrow_passage,1.0331236124038696,1.033247709274292,32,5,0,3.9446816444396973,0.0002282104833284393
benchmark-protocol-v2-smoke,095ec5c7ced679ee38d9bbbfd5590c863c741e8d,7.220966339111328,1.0,20010500,0.7475652694702148,0.6779692799424879,0.42749378085136414,4,1,0.30154680567128317,narrow_passage,0.44619572162628174,0.4462217390537262,32,5,2,-5.065844535827637,4.7801207983866334e-05
benchmark-protocol-v2-smoke,095ec5c7ced679ee38d9bbbfd5590c863c741e8d,7.220966339111328,0.0,20010500,0.7475652694702148,0.6779692799424879,0.42749378085136414,4,0,0.22258017531463078,narrow_passage,-0.32592785358428955,-0.2963242530822754,32,5,3,-1.5876286029815674,0.054415225982666016
benchmark-protocol-v2-smoke,095ec5c7ced679ee38d9bbbfd5590c863c741e8d,6.522929668426514,1.0,20010500,0.6065589785575867,0.571901084772166,0.6736987233161926,4,1,0.37294100650719236,narrow_passage,1.1574256420135498,1.1576663255691528,40,5,0,5.017167568206787,0.000284982321318239
benchmark-protocol-v2-smoke,095ec5c7ced679ee38d9bbbfd5590c863c741e8d,6.522929668426514,0.0,20010500,0.6065589785575867,0.571901084772166,0.6736987233161926,4,0,0.2845253646373749,narrow_passage,0.4982506334781647,0.49831703305244446,40,5,2,-5.5286865234375,7.861597987357527e-05
benchmark-protocol-v2-smoke,095ec5c7ced679ee38d9bbbfd5590c863c741e8d,6.522929668426514,0.0,20010500,0.6065589785575867,0.571901084772166,0.6736987233161926,4,0,-0.12362871106181826,narrow_passage,-0.8953653573989868,-0.8706017136573792,40,5,3,-2.2968714237213135,0.029314469546079636
benchmark-protocol-v2-smoke,095ec5c7ced679ee38d9bbbfd5590c863c741e8d,5.810037136077881,1.0,20010500,0.3864016830921173,0.5422005747800706,0.7599023580551147,4,1,0.39241887841905865,narrow_passage,0.8883159160614014,0.8888287544250488,48,5,0,4.47662353515625,0.0006224446697160602
benchmark-protocol-v2-smoke,095ec5c7ced679ee38d9bbbfd5590c863c741e8d,5.810037136077881,0.0,20010500,0.3864016830921173,0.5422005747800706,0.7599023580551147,4,0,0.2677533099693911,narrow_passage,0.2482420802116394,0.2484152615070343,48,5,2,-5.002646446228027,0.00021019595442339778
benchmark-protocol-v2-smoke,095ec5c7ced679ee38d9bbbfd5590c863c741e8d,5.810037136077881,0.0,20010500,0.3864016830921173,0.5422005747800706,0.7599023580551147,4,0,0.015150701361043113,narrow_passage,-1.1503924131393433,-1.0888357162475586,48,5,3,-2.03187894821167,0.07471247017383575
benchmark-protocol-v2-smoke,095ec5c7ced679ee38d9bbbfd5590c863c741e8d,5.30043363571167,1.0,20010500,0.3691883385181427,0.6234880762436357,0.5434919595718384,4,1,0.3487223493201392,narrow_passage,0.3653964698314667,0.3660545349121094,56,5,0,3.423990249633789,0.0008988498593680561
benchmark-protocol-v2-smoke,095ec5c7ced679ee38d9bbbfd5590c863c741e8d,5.30043363571167,0.0,20010500,0.3691883385181427,0.6234880762436357,0.5434919595718384,4,0,0.23961712739297322,narrow_passage,-0.08735369145870209,-0.0871308296918869,56,5,2,-3.7564492225646973,0.0003044047625735402
benchmark-protocol-v2-smoke,095ec5c7ced679ee38d9bbbfd5590c863c741e8d,5.30043363571167,0.0,20010500,0.3691883385181427,0.6234880762436357,0.5434919595718384,4,0,-0.1224894928080695,narrow_passage,-1.8840607404708862,-1.3631854057312012,56,5,3,-1.4446210861206055,0.7114642262458801
benchmark-protocol-v2-smoke,095ec5c7ced679ee38d9bbbfd5590c863c741e8d,5.09006404876709,0.5,20010500,0.4716520607471466,0.6894466600956525,0.40539467334747314,4,1,0.31372753211430143,narrow_passage,0.014378882944583893,0.014689072966575623,64,5,0,2.9272356033325195,0.0009458432905375957
benchmark-protocol-v2-smoke,095ec5c7ced679ee38d9bbbfd5590c863c741e8d,5.09006404876709,0.0,20010500,0.4716520607471466,0.6894466600956525,0.40539467334747314,4,0,0.0880812257528305,narrow_passage,-0.38739487528800964,-0.387296587228775,64,5,2,-3.228914737701416,0.00029966552392579615
benchmark-protocol-v2-smoke,095ec5c7ced679ee38d9bbbfd5590c863c741e8d,5.09006404876709,0.0,20010500,0.4716520607471466,0.6894466600956525,0.40539467334747314,4,0,-0.12240656252418246,narrow_passage,-1.1355643272399902,-0.7886238694190979,64,5,3,-1.2355270385742188,1.0579028129577637
benchmark-protocol-v2-smoke,095ec5c7ced679ee38d9bbbfd5590c863c741e8d,4.954468250274658,0.0,20010500,0.5781330466270447,0.690292821998876,0.403794527053833,4,0,0.16738802593733584,narrow_passage,0.006591856479644775,0.007035702466964722,72,5,0,3.0282845497131348,0.0012606540694832802
benchmark-protocol-v2-smoke,095ec5c7ced679ee38d9bbbfd5590c863c741e8d,4.954468250274658,0.0,20010500,0.5781330466270447,0.690292821998876,0.403794527053833,4,0,0.28543063572474886,narrow_passage,-0.4471127986907959,-0.44696366786956787,72,5,2,-3.2165656089782715,0.00042357316124252975
benchmark-protocol-v2-smoke,095ec5c7ced679ee38d9bbbfd5590c863c741e8d,4.954468250274658,0.0,20010500,0.5781330466270447,0.690292821998876,0.403794527053833,4,0,-0.1220806890300342,narrow_passage,-1.2103564739227295,-0.8549614548683167,72,5,3,-1.4014803171157837,1.0094273090362549
benchmark-protocol-v2-smoke,095ec5c7ced679ee38d9bbbfd5590c863c741e8d,4.809460639953613,0.0,20010500,0.6343409419059753,0.6818181771932919,0.42000001668930054,4,0,-0.009310589704130377,narrow_passage,-0.09655892848968506,-0.0962073802947998,80,5,0,3.1969733238220215,0.001548871980048716
benchmark-protocol-v2-smoke,095ec5c7ced679ee38d9bbbfd5590c863c741e8d,4.809460639953613,0.0,20010500,0.6343409419059753,0.6818181771932919,0.42000001668930054,4,0,0.10673479735851288,narrow_passage,-0.5493904948234558,-0.549278199672699,80,5,2,-3.545372486114502,0.0004948437563143671
benchmark-protocol-v2-smoke,095ec5c7ced679ee38d9bbbfd5590c863c741e8d,4.809460639953613,0.0,20010500,0.6343409419059753,0.6818181771932919,0.42000001668930054,4,0,-0.12193273114306587,narrow_passage,-0.9669519662857056,-0.6017878651618958,80,5,3,-1.3990634679794312,1.608858585357666
benchmark-protocol-v2-smoke,095ec5c7ced679ee38d9bbbfd5590c863c741e8d,4.762997150421143,0.0,20010500,0.6717569231987,0.6885260837829037,0.40714001655578613,4,0,-0.0474010490413223,narrow_passage,-0.02613387629389763,-0.025807321071624756,88,5,0,2.778773784637451,0.0011891730828210711
benchmark-protocol-v2-smoke,095ec5c7ced679ee38d9bbbfd5590c863c741e8d,4.762997150421143,0.0,20010500,0.6717569231987,0.6885260837829037,0.40714001655578613,4,0,0.054005960268633704,narrow_passage,-0.6272159218788147,-0.6271024942398071,88,5,2,-3.076294183731079,0.00041295596747659147
benchmark-protocol-v2-smoke,095ec5c7ced679ee38d9bbbfd5590c863c741e8d,4.762997150421143,0.0,20010500,0.6717569231987,0.6885260837829037,0.40714001655578613,4,0,-0.12199091698442187,narrow_passage,-0.875755250453949,-0.5875542759895325,88,5,3,-1.2081423997879028,1.0495045185089111
benchmark-protocol-v2-smoke,095ec5c7ced679ee38d9bbbfd5590c863c741e8d,4.762513160705566,0.0,20010500,0.6705867648124695,0.688622909098052,0.4069562256336212,4,0,-0.023449437160577093,narrow_passage,-0.1275990903377533,-0.12730646133422852,96,5,0,2.9638454914093018,0.0012082391185685992
benchmark-protocol-v2-smoke,095ec5c7ced679ee38d9bbbfd5590c863c741e8d,4.762513160705566,0.0,20010500,0.6705867648124695,0.688622909098052,0.4069562256336212,4,0,-0.018999886299882616,narrow_passage,-0.6931990385055542,-0.6930975914001465,96,5,2,-3.189990997314453,0.0004188730090390891
benchmark-protocol-v2-smoke,095ec5c7ced679ee38d9bbbfd5590c863c741e8d,4.762513160705566,0.0,20010500,0.6705867648124695,0.688622909098052,0.4069562256336212,4,0,-0.1571792843086379,narrow_passage,-0.8464678525924683,-0.5646756887435913,96,5,3,-1.3743844032287598,1.1635173559188843
benchmark-protocol-v2-smoke,095ec5c7ced679ee38d9bbbfd5590c863c741e8d,4.77778959274292,0.0,20010500,0.6500064730644226,0.692036055684716,0.4005102813243866,4,0,-0.1415606742458684,narrow_passage,-0.09850772470235825,-0.09812681376934052,104,5,0,2.9007935523986816,0.0012582953786477447
benchmark-protocol-v2-smoke,095ec5c7ced679ee38d9bbbfd5590c863c741e8d,4.77778959274292,0.0,20010500,0.6500064730644226,0.692036055684716,0.4005102813243866,4,0,-0.207414587693555,narrow_passage,-0.659269392490387,-0.6591286659240723,104,5,2,-3.0413095951080322,0.0004647859022952616
benchmark-protocol-v2-smoke,095ec5c7ced679ee38d9bbbfd5590c863c741e8d,4.77778959274292,0.0,20010500,0.6500064730644226,0.692036055684716,0.4005102813243866,4,0,-0.16826574610812323,narrow_passage,-1.1469098329544067,-0.7985572218894958,104,5,3,-1.3855564594268799,1.1507338285446167
benchmark-protocol-v2-smoke,095ec5c7ced679ee38d9bbbfd5590c863c741e8d,4.796214580535889,0.0,20010500,0.6159183382987976,0.6818181817609332,0.42000001668930054,4,0,-0.18436928625617707,narrow_passage,-0.11803042888641357,-0.11770926415920258,112,5,0,2.9699764251708984,0.001248361193574965
benchmark-protocol-v2-smoke,095ec5c7ced679ee38d9bbbfd5590c863c741e8d,4.796214580535889,0.0,20010500,0.6159183382987976,0.6818181817609332,0.42000001668930054,4,0,-0.20889483711549214,narrow_passage,-0.723065197467804,-0.7229529619216919,112,5,2,-3.0205674171447754,0.00043626694241538644
benchmark-protocol-v2-smoke,095ec5c7ced679ee38d9bbbfd5590c863c741e8d,4.796214580535889,0.0,20010500,0.6159183382987976,0.6818181817609332,0.42000001668930054,4,0,-0.20806095216955459,narrow_passage,-0.5733243227005005,-0.26833540201187134,112,5,3,-1.49374520778656,1.1854870319366455
benchmark-protocol-v2-smoke,095ec5c7ced679ee38d9bbbfd5590c863c741e8d,9.22590160369873,0.0,20010501,1.2568506002426147,0.5265320829883994,0.809297502040863,4,0,0.2867289313248226,narrow_passage,0.897763729095459,0.8977866172790527,0,5,0,1.9666601419448853,0.00012275266635697335
benchmark-protocol-v2-smoke,095ec5c7ced679ee38d9bbbfd5590c863c741e8d,9.22590160369873,0.0,20010501,1.2568506002426147,0.5265320829883994,0.809297502040863,4,0,0.25483843258449007,narrow_passage,0.4653255343437195,0.4653278887271881,0,5,2,-3.407198905944824,1.267866900889203e-05
benchmark-protocol-v2-smoke,095ec5c7ced679ee38d9bbbfd5590c863c741e8d,9.22590160369873,1.0,20010501,1.2568506002426147,0.5265320829883994,0.809297502040863,4,1,0.3034383420433317,narrow_passage,0.3647729158401489,0.5542284846305847,0,5,3,-0.5893195271492004,1.015984296798706
benchmark-protocol-v2-smoke,095ec5c7ced679ee38d9bbbfd5590c863c741e8d,9.023053169250488,0.0,20010501,1.0196263790130615,0.681818143576932,0.4200000762939453,4,0,0.2924478075334004,narrow_passage,0.8174992799758911,0.8175697326660156,8,5,0,2.8519997596740723,0.00018771621398627758
benchmark-protocol-v2-smoke,095ec5c7ced679ee38d9bbbfd5590c863c741e8d,9.023053169250488,1.0,20010501,1.0196263790130615,0.681818143576932,0.4200000762939453,4,1,0.2788814902305603,narrow_passage,0.36851364374160767,0.36852291226387024,8,5,2,-4.063190937042236,2.465911711624358e-05
benchmark-protocol-v2-smoke,095ec5c7ced679ee38d9bbbfd5590c863c741e8d,9.023053169250488,1.0,20010501,1.0196263790130615,0.681818143576932,0.4200000762939453,4,1,0.34544155640261515,narrow_passage,-0.3319007158279419,-0.10202604532241821,8,5,3,-1.0871825218200684,0.6122519373893738
benchmark-protocol-v2-smoke,095ec5c7ced679ee38d9bbbfd5590c863c741e8d,8.590889930725098,1.0,20010501,0.8005390167236328,0.6626973821691481,0.45808595418930054,4,1,0.3093742792095457,narrow_passage,0.9474348425865173,0.9475605487823486,16,5,0,3.5303773880004883,0.00022339487622957677
benchmark-protocol-v2-smoke,095ec5c7ced679ee38d9bbbfd5590c863c741e8d,8.590889930725098,1.0,20010501,0.8005390167236328,0.6626973821691481,0.45808595418930054,4,1,0.2903063233409609,narrow_passage,0.4263412356376648,0.42636242508888245,16,5,2,-4.521113395690918,3.7643614632543176e-05
benchmark-protocol-v2-smoke,095ec5c7ced679ee38d9bbbfd5590c863c741e8d,8.590889930725098,0.0,20010501,0.8005390167236328,0.6626973821691481,0.45808595418930054,4,0,-0.09907464789492744,narrow_passage,-0.523822546005249,-0.41813570261001587,16,5,3,-1.5308637619018555,0.18781208992004395
benchmark-protocol-v2-smoke,095ec5c7ced679ee38d9bbbfd5590c863c741e8d,8.020057678222656,1.0,20010501,0.6030296683311462,0.68186196396562,0.41991525888442993,4,1,0.37631393117564066,narrow_passage,1.0399609804153442,1.0401391983032227,24,5,0,3.556609630584717,0.00024179922183975577
benchmark-protocol-v2-smoke,095ec5c7ced679ee38d9bbbfd5590c863c741e8d,8.020057678222656,0.0,20010501,0.6030296683311462,0.68186196396562,0.41991525888442993,4,0,0.27291208505630493,narrow_passage,0.5471734404563904,0.5472105741500854,24,5,2,-4.4728922843933105,5.0431812269380316e-05
benchmark-protocol-v2-smoke,095ec5c7ced679ee38d9bbbfd5590c863c741e8d,8.020057678222656,1.0,20010501,0.6030296683311462,0.68186196396562,0.41991525888442993,4,1,0.3273486963340214,narrow_passage,-0.7628178000450134,-0.7100638151168823,24,5,3,-1.4053449630737305,0.07159101217985153
benchmark-protocol-v2-smoke,095ec5c7ced679ee38d9bbbfd5590c863c741e8d,7.417038440704346,1.0,20010501,0.35109469294548035,0.6133960280497902,0.5672413110733032,4,1,0.40589102464062826,narrow_passage,0.6669870615005493,0.6672255992889404,32,5,0,4.941088676452637,0.00036882670246995986
benchmark-protocol-v2-smoke,095ec5c7ced679ee38d9bbbfd5590c863c741e8d,7.417038440704346,0.0,20010501,0.35109469294548035,0.6133960280497902,0.5672413110733032,4,0,0.27560427359172274,narrow_passage,0.33560866117477417,0.33565762639045715,32,5,2,-5.687465667724609,7.57084708311595e-05
benchmark-protocol-v2-smoke,095ec5c7ced679ee38d9bbbfd5590c863c741e8d,7.417038440704346,0.0,20010501,0.35109469294548035,0.6133960280497902,0.5672413110733032,4,0,0.045698512877736776,narrow_passage,-1.0272411108016968,-0.8400754332542419,32,5,3,-2.3295443058013916,0.2894067168235779
benchmark-protocol-v2-smoke,095ec5c7ced679ee38d9bbbfd5590c863c741e8d,6.858875274658203,1.0,20010501,0.3318188786506653,0.5812130194252423,0.6484856009483337,4,1,0.3566177487373352,narrow_passage,0.7347928881645203,0.7351125478744507,40,5,0,4.562650203704834,0.0005863351980224252
benchmark-protocol-v2-smoke,095ec5c7ced679ee38d9bbbfd5590c863c741e8d,6.858875274658203,0.0,20010501,0.3318188786506653,0.5812130194252423,0.6484856009483337,4,0,0.2796199917793274,narrow_passage,0.15856066346168518,0.15864187479019165,40,5,2,-5.08026647567749,0.00014895493222866207
benchmark-protocol-v2-smoke,095ec5c7ced679ee38d9bbbfd5590c863c741e8d,6.858875274658203,0.0,20010501,0.3318188786506653,0.5812130194252423,0.6484856009483337,4,0,0.05566465216023581,narrow_passage,-0.7130601406097412,-0.5964427590370178,40,5,3,-2.269550323486328,0.21388541162014008
benchmark-protocol-v2-smoke,095ec5c7ced679ee38d9bbbfd5590c863c741e8d,6.369246006011963,1.0,20010501,0.44495487213134766,0.5270153913123476,0.8077300190925598,4,1,0.31380061379500795,narrow_passage,0.5884669423103333,0.5888351202011108,48,5,0,3.283611297607422,0.0006687171990051866
benchmark-protocol-v2-smoke,095ec5c7ced679ee38d9bbbfd5590c863c741e8d,6.369246006011963,1.0,20010501,0.44495487213134766,0.5270153913123476,0.8077300190925598,4,1,0.287238563810076,narrow_passage,0.04278257116675377,0.04288627207279205,48,5,2,-3.909554958343506,0.00018835850642062724
benchmark-protocol-v2-smoke,095ec5c7ced679ee38d9bbbfd5590c863c741e8d,6.369246006011963,0.0,20010501,0.44495487213134766,0.5270153913123476,0.8077300190925598,4,0,-0.036256363349301476,narrow_passage,-0.8859327435493469,-0.752041757106781,48,5,3,-1.4303369522094727,0.24319609999656677
benchmark-protocol-v2-smoke,095ec5c7ced679ee38d9bbbfd5590c863c741e8d,5.949629783630371,0.0,20010501,0.6244967579841614,0.5569234735670597,0.716020941734314,4,0,0.3077738093478339,narrow_passage,0.4913754463195801,0.49176475405693054,56,5,0,3.6672677993774414,0.0006012743106111884
benchmark-protocol-v2-smoke,095ec5c7ced679ee38d9bbbfd5590c863c741e8d,5.949629783630371,1.0,20010501,0.6244967579841614,0.5569234735670597,0.716020941734314,4,1,0.29759364681584494,narrow_passage,-0.0800919309258461,-0.07997231930494308,56,5,2,-3.895871162414551,0.0001847374951466918
benchmark-protocol-v2-smoke,095ec5c7ced679ee38d9bbbfd5590c863c741e8d,5.949629783630371,0.0,20010501,0.6244967579841614,0.5569234735670597,0.716020941734314,4,0,-0.12324460382972445,narrow_passage,-1.2155414819717407,-1.075265884399414,56,5,3,-1.7124855518341064,0.21664845943450928
benchmark-protocol-v2-smoke,095ec5c7ced679ee38d9bbbfd5590c863c741e8d,5.596136569976807,0.0,20010501,0.7683964371681213,0.6870448538946057,0.409958153963089,4,0,0.3109953190599169,narrow_passage,0.23766334354877472,0.23797795176506042,64,5,0,3.932494640350342,0.0006375593366101384
benchmark-protocol-v2-smoke,095ec5c7ced679ee38d9bbbfd5590c863c741e8d,5.596136569976807,1.0,20010501,0.7683964371681213,0.6870448538946057,0.409958153963089,4,1,0.327935910650662,narrow_passage,-0.3513147234916687,-0.351209819316864,64,5,2,-4.2094550132751465,0.00021256371110212058
benchmark-protocol-v2-smoke,095ec5c7ced679ee38d9bbbfd5590c863c741e8d,5.596136569976807,0.0,20010501,0.7683964371681213,0.6870448538946057,0.409958153963089,4,0,-0.12274274762187685,narrow_passage,-1.1172467470169067,-0.9706265330314636,64,5,3,-1.8753247261047363,0.29712551832199097
benchmark-protocol-v2-smoke,095ec5c7ced679ee38d9bbbfd5590c863c741e8d,5.18292760848999,1.0,20010501,0.7724193334579468,0.5984542180672976,0.6038744449615479,4,1,0.3439262637070247,narrow_passage,0.512176513671875,0.5126185417175293,72,5,0,4.470970153808594,0.000821090245153755
benchmark-protocol-v2-smoke,095ec5c7ced679ee38d9bbbfd5590c863c741e8d,5.18292760848999,1.0,20010501,0.7724193334579468,0.5984542180672976,0.6038744449615479,4,1,0.34015076075281414,narrow_passage,-0.1570458710193634,-0.15688103437423706,72,5,2,-4.5056281089782715,0.0003062053001485765
benchmark-protocol-v2-smoke,095ec5c7ced679ee38d9bbbfd5590c863c741e8d,5.18292760848999,0.0,20010501,0.7724193334579468,0.5984542180672976,0.6038744449615479,4,0,-0.12180386377232415,narrow_passage,-0.8832981586456299,-0.8059644103050232,72,5,3,-2.254253387451172,0.14365467429161072
benchmark-protocol-v2-smoke,095ec5c7ced679ee38d9bbbfd5590c863c741e8d,4.679917812347412,1.0,20010501,0.5192813277244568,0.6108335200601926,0.5733965635299683,4,1,0.38567398488521576,narrow_passage,0.7403003573417664,0.740842342376709,80,5,0,4.464502334594727,0.0009201780194416642
benchmark-protocol-v2-smoke,095ec5c7ced679ee38d9bbbfd5590c863c741e8d,4.679917812347412,1.0,20010501,0.5192813277244568,0.6108335200601926,0.5733965635299683,4,1,0.30709692410060335,narrow_passage,0.0009683396201580763,0.0012025833129882812,80,5,2,-4.139449119567871,0.0003976994485128671
benchmark-protocol-v2-smoke,095ec5c7ced679ee38d9bbbfd5590c863c741e8d,4.679917812347412,1.0,20010501,0.5192813277244568,0.6108335200601926,0.5733965635299683,4,1,0.35783001354762484,narrow_passage,-0.743708074092865,-0.701743483543396,80,5,3,-2.429171562194824,0.07124761492013931
benchmark-protocol-v2-smoke,095ec5c7ced679ee38d9bbbfd5590c863c741e8d,4.1888508796691895,1.0,20010501,0.3759494125843048,0.6898138855402823,0.40469977259635925,4,1,0.34815986454486847,narrow_passage,0.6045412421226501,0.6049988269805908,88,5,0,3.728729724884033,0.0011364107485860586
benchmark-protocol-v2-smoke,095ec5c7ced679ee38d9bbbfd5590c863c741e8d,4.1888508796691895,0.25,20010501,0.3759494125843048,0.6898138855402823,0.40469977259635925,4,0,0.2954040744474956,narrow_passage,-0.005214069504290819,-0.005001813173294067,88,5,2,-3.495288372039795,0.0005271667614579201
benchmark-protocol-v2-smoke,095ec5c7ced679ee38d9bbbfd5590c863c741e8d,4.1888508796691895,0.0,20010501,0.3759494125843048,0.6898138855402823,0.40469977259635925,4,0,0.22559316456317902,narrow_passage,-0.42343437671661377,-0.37115395069122314,88,5,3,-1.9483647346496582,0.12984538078308105
benchmark-protocol-v2-smoke,095ec5c7ced679ee38d9bbbfd5590c863c741e8d,3.9323551654815674,1.0,20010501,0.5188554525375366,0.6843146509344774,0.41518446803092957,4,1,0.33839475895677296,narrow_passage,0.49538639187812805,0.495928019285202,96,5,0,3.2644412517547607,0.0011117984540760517
benchmark-protocol-v2-smoke,095ec5c7ced679ee38d9bbbfd5590c863c741e8d,3.9323551654815674,1.0,20010501,0.5188554525375366,0.6843146509344774,0.41518446803092957,4,1,0.3026216541017805,narrow_passage,-0.11384084075689316,-0.11359132826328278,96,5,2,-3.0440597534179688,0.000512181781232357
benchmark-protocol-v2-smoke,095ec5c7ced679ee38d9bbbfd5590c863c741e8d,3.9323551654815674,0.0,20010501,0.5188554525375366,0.6843146509344774,0.41518446803092957,4,0,-0.062228940427303314,narrow_passage,-0.7550873160362244,-0.6972763538360596,96,5,3,-1.7225950956344604,0.11866888403892517
benchmark-protocol-v2-smoke,095ec5c7ced679ee38d9bbbfd5590c863c741e8d,3.5863096714019775,1.0,20010501,0.5196682810783386,0.6575897581696956,0.4686344563961029,4,1,0.353342741727829,narrow_passage,0.6593355536460876,0.6597650051116943,104,5,0,2.984875202178955,0.0010561894159764051
benchmark-protocol-v2-smoke,095ec5c7ced679ee38d9bbbfd5590c863c741e8d,3.5863096714019775,1.0,20010501,0.5196682810783386,0.6575897581696956,0.4686344563961029,4,1,0.3243829480239323,narrow_passage,0.037125565111637115,0.037336789071559906,104,5,2,-2.7869186401367188,0.000519449939019978
benchmark-protocol-v2-smoke,095ec5c7ced679ee38d9bbbfd5590c863c741e8d,3.5863096714019775,0.0,20010501,0.5196682810783386,0.6575897581696956,0.4686344563961029,4,0,-0.11894595942326955,narrow_passage,-0.3552464544773102,-0.32488173246383667,104,5,3,-1.6513662338256836,0.07467365264892578
benchmark-protocol-v2-smoke,095ec5c7ced679ee38d9bbbfd5590c863c741e8d,3.0918471813201904,1.0,20010501,0.4882485270500183,0.681815143728445,0.4200058877468109,4,1,0.21248123049736023,narrow_passage,0.8703650832176208,0.8708339929580688,112,5,0,3.9173431396484375,0.0007333234534598887
benchmark-protocol-v2-smoke,095ec5c7ced679ee38d9bbbfd5590c863c741e8d,3.0918471813201904,1.0,20010501,0.4882485270500183,0.681815143728445,0.4200058877468109,4,1,0.20162658180509294,narrow_passage,0.22953678667545319,0.2297799289226532,112,5,2,-3.396125316619873,0.00038025720277801156
benchmark-protocol-v2-smoke,095ec5c7ced679ee38d9bbbfd5590c863c741e8d,3.0918471813201904,0.0,20010501,0.4882485270500183,0.681815143728445,0.4200058877468109,4,0,0.04668290913105011,narrow_passage,-0.705379843711853,-0.6872674822807312,112,5,3,-2.0904476642608643,0.028326712548732758
benchmark-protocol-v2-smoke,095ec5c7ced679ee38d9bbbfd5590c863c741e8d,9.188045501708984,0.0,20010502,1.2253952026367188,0.5169504979415908,0.8409790396690369,4,0,0.28714203195912497,narrow_passage,0.9135305881500244,0.9135534763336182,0,5,0,1.8103419542312622,0.00012608325050678104
benchmark-protocol-v2-smoke,095ec5c7ced679ee38d9bbbfd5590c863c741e8d,9.188045501708984,0.0,20010502,1.2253952026367188,0.5169504979415908,0.8409790396690369,4,0,0.2557769481624876,narrow_passage,0.4876580238342285,0.48766055703163147,0,5,2,-3.2483253479003906,1.3888552530261222e-05
benchmark-protocol-v2-smoke,095ec5c7ced679ee38d9bbbfd5590c863c741e8d,9.188045501708984,1.0,20010502,1.2253952026367188,0.5169504979415908,0.8409790396690369,4,1,0.29400304172720226,narrow_passage,0.4144974946975708,0.5894862413406372,0,5,3,-0.5064700245857239,0.9636499881744385
benchmark-protocol-v2-smoke,095ec5c7ced679ee38d9bbbfd5590c863c741e8d,8.981973648071289,0.0,20010502,0.9853068590164185,0.6840126975414623,0.41576504707336426,4,0,0.2935370291982378,narrow_passage,0.735957145690918,0.7360213994979858,8,5,0,2.690065383911133,0.00018668299890123308
benchmark-protocol-v2-smoke,095ec5c7ced679ee38d9bbbfd5590c863c741e8d,8.981973648071289,1.0,20010502,0.9853068590164185,0.6840126975414623,0.41576504707336426,4,1,0.2792765029839107,narrow_passage,0.16154631972312927,0.16155526041984558,8,5,2,-3.963156223297119,2.6004570827353746e-05
benchmark-protocol-v2-smoke,095ec5c7ced679ee38d9bbbfd5590c863c741e8d,8.981973648071289,1.0,20010502,0.9853068590164185,0.6840126975414623,0.41576504707336426,4,1,0.35909161397389006,narrow_passage,-0.21556448936462402,-0.08517351746559143,8,5,3,-0.9172121286392212,0.37900373339653015
benchmark-protocol-v2-smoke,095ec5c7ced679ee38d9bbbfd5590c863c741e8d,8.51087760925293,0.0,20010502,0.8377595543861389,0.6849586634993966,0.4139479100704193,4,0,0.29894023282187326,narrow_passage,1.0759303569793701,1.0760738849639893,16,5,0,4.051780700683594,0.0002515093074180186
benchmark-protocol-v2-smoke,095ec5c7ced679ee38d9bbbfd5590c863c741e8d,8.51087760925293,1.0,20010502,0.8377595543861389,0.6849586634993966,0.4139479100704193,4,1,0.29178339881556375,narrow_passage,0.5993861556053162,0.5994113683700562,16,5,2,-4.8752031326293945,4.4141183025203645e-05
benchmark-protocol-v2-smoke,095ec5c7ced679ee38d9bbbfd5590c863c741e8d,8.51087760925293,1.0,20010502,0.8377595543861389,0.6849586634993966,0.4139479100704193,4,1,0.33119404528822216,narrow_passage,-0.3971213698387146,-0.3001454174518585,16,5,3,-1.7772403955459595,0.16995057463645935
benchmark-protocol-v2-smoke,095ec5c7ced679ee38d9bbbfd5590c863c741e8d,7.902151107788086,1.0,20010502,0.7570347785949707,0.6687950788596082,0.4457036852836609,4,1,0.31126236064093454,narrow_passage,1.1128628253936768,1.1130716800689697,24,5,0,4.246714115142822,0.00026036571944132447
benchmark-protocol-v2-smoke,095ec5c7ced679ee38d9bbbfd5590c863c741e8d,7.902151107788086,1.0,20010502,0.7570347785949707,0.6687950788596082,0.4457036852836609,4,1,0.2863654260124479,narrow_passage,0.5737229585647583,0.5737690925598145,24,5,2,-4.983007431030273,5.7504508731653914e-05
benchmark-protocol-v2-smoke,095ec5c7ced679ee38d9bbbfd5590c863c741e8d,7.902151107788086,0.0,20010502,0.7570347785949707,0.6687950788596082,0.4457036852836609,4,0,-0.1261663224015917,narrow_passage,-0.8568941354751587,-0.7932146191596985,24,5,3,-1.8548386096954346,0.07936949282884598
benchmark-protocol-v2-smoke,095ec5c7ced679ee38d9bbbfd5590c863c741e8d,7.256553649902344,1.0,20010502,0.590155839920044,0.6266346292644657,0.5362436175346375,4,1,0.35065316941056934,narrow_passage,0.9197344779968262,0.9199420213699341,32,5,0,3.890717029571533,0.00033615765278227627
benchmark-protocol-v2-smoke,095ec5c7ced679ee38d9bbbfd5590c863c741e8d,7.256553649902344,0.0,20010502,0.590155839920044,0.6266346292644657,0.5362436175346375,4,0,0.2777255028486252,narrow_passage,0.3075767755508423,0.30762892961502075,32,5,2,-4.5540995597839355,8.44564419821836e-05
benchmark-protocol-v2-smoke,095ec5c7ced679ee38d9bbbfd5590c863c741e8d,7.256553649902344,0.0,20010502,0.590155839920044,0.6266346292644657,0.5362436175346375,4,0,0.18314271100929805,narrow_passage,-0.625630795955658,-0.5836523175239563,32,5,3,-1.8113012313842773,0.06799769401550293
benchmark-protocol-v2-smoke,095ec5c7ced679ee38d9bbbfd5590c863c741e8d,6.667304039001465,1.0,20010502,0.42623886466026306,0.5668526716786122,0.687714159488678,4,1,0.37187678473336355,narrow_passage,0.7961634993553162,0.7964468002319336,40,5,0,4.3735456466674805,0.0004824060306418687
benchmark-protocol-v2-smoke,095ec5c7ced679ee38d9bbbfd5590c863c741e8d,6.667304039001465,0.0,20010502,0.42623886466026306,0.5668526716786122,0.687714159488678,4,0,0.281194344162941,narrow_passage,0.09176366776227951,0.09185026586055756,40,5,2,-4.539772987365723,0.00014745838416274637
benchmark-protocol-v2-smoke,095ec5c7ced679ee38d9bbbfd5590c863c741e8d,6.667304039001465,0.0,20010502,0.42623886466026306,0.5668526716786122,0.687714159488678,4,0,0.036068886518478394,narrow_passage,-0.6778276562690735,-0.6420047879219055,40,5,3,-2.2495551109313965,0.06099734082818031
benchmark-protocol-v2-smoke,095ec5c7ced679ee38d9bbbfd5590c863c741e8d,6.085999011993408,0.25,20010502,0.42504218220710754,0.5705857919770068,0.6773263812065125,4,0,0.34299376021538464,narrow_passage,0.830052375793457,0.8304555416107178,48,5,0,4.352797985076904,0.0006558885797858238
benchmark-protocol-v2-smoke,095ec5c7ced679ee38d9bbbfd5590c863c741e8d,6.085999011993408,0.0,20010502,0.42504218220710754,0.5705857919770068,0.6773263812065125,4,0,0.28175037034920286,narrow_passage,0.10461476445198059,0.10476765036582947,48,5,2,-4.221777439117432,0.0002487091987859458
benchmark-protocol-v2-smoke,095ec5c7ced679ee38d9bbbfd5590c863c741e8d,6.085999011993408,0.0,20010502,0.42504218220710754,0.5705857919770068,0.6773263812065125,4,0,-0.1234505900314876,narrow_passage,-0.7104789018630981,-0.6749809384346008,48,5,3,-2.3384995460510254,0.05774620175361633
benchmark-protocol-v2-smoke,095ec5c7ced679ee38d9bbbfd5590c863c741e8d,5.659775733947754,0.0,20010502,0.4262171685695648,0.5864386903611482,0.6346872448921204,4,0,0.04139071596520288,narrow_passage,0.766775369644165,0.7672954797744751,56,5,0,4.352182388305664,0.0006950278766453266
benchmark-protocol-v2-smoke,095ec5c7ced679ee38d9bbbfd5590c863c741e8d,5.659775733947754,0.0,20010502,0.4262171685695648,0.5864386903611482,0.6346872448921204,4,0,0.28524560800620485,narrow_passage,0.13711947202682495,0.1373184323310852,56,5,2,-4.169803619384766,0.0002658689336385578
benchmark-protocol-v2-smoke,095ec5c7ced679ee38d9bbbfd5590c863c741e8d,5.659775733947754,0.0,20010502,0.4262171685695648,0.5864386903611482,0.6346872448921204,4,0,-0.12276373910052436,narrow_passage,-1.092421531677246,-1.038492202758789,56,5,3,-2.416159152984619,0.07206422090530396
benchmark-protocol-v2-smoke,095ec5c7ced679ee38d9bbbfd5590c863c741e8d,5.245426177978516,0.0,20010502,0.5423528552055359,0.5820230217836577,0.6463305950164795,4,0,0.16762631399823086,narrow_passage,0.4878334105014801,0.48831936717033386,64,5,0,3.8094043731689453,0.0009037121199071407
benchmark-protocol-v2-smoke,095ec5c7ced679ee38d9bbbfd5590c863c741e8d,5.245426177978516,0.0,20010502,0.5423528552055359,0.5820230217836577,0.6463305950164795,4,0,0.07260291198534626,narrow_passage,0.0006673142197541893,0.0008555874228477478,64,5,2,-3.945537567138672,0.00035013374872505665
benchmark-protocol-v2-smoke,095ec5c7ced679ee38d9bbbfd5590c863c741e8d,5.245426177978516,0.0,20010502,0.5423528552055359,0.5820230217836577,0.6463305950164795,4,0,-0.14125286814357554,narrow_passage,-0.9150234460830688,-0.8150903582572937,64,5,3,-1.945521354675293,0.1858467012643814
benchmark-protocol-v2-smoke,095ec5c7ced679ee38d9bbbfd5590c863c741e8d,4.9457597732543945,0.0,20010502,0.6942120790481567,0.6821169799007769,0.4194217622280121,4,0,0.3116743862628937,narrow_passage,0.3327842056751251,0.33315321803092957,72,5,0,2.7169997692108154,0.0009287169668823481
benchmark-protocol-v2-smoke,095ec5c7ced679ee38d9bbbfd5590c863c741e8d,4.9457597732543945,0.0,20010502,0.6942120790481567,0.6821169799007769,0.4194217622280121,4,0,-0.036354364694229195,narrow_passage,-0.132435604929924,-0.13229666650295258,72,5,2,-3.1231462955474854,0.00034969215630553663
benchmark-protocol-v2-smoke,095ec5c7ced679ee38d9bbbfd5590c863c741e8d,4.9457597732543945,0.0,20010502,0.6942120790481567,0.6821169799007769,0.4194217622280121,4,0,-0.14090076408215932,narrow_passage,-0.7797666788101196,-0.6398115754127502,72,5,3,-1.1747217178344727,0.3522346317768097
benchmark-protocol-v2-smoke,095ec5c7ced679ee38d9bbbfd5590c863c741e8d,4.664814472198486,0.0,20010502,0.8027637004852295,0.5788133709577937,0.6549053192138672,4,0,0.3137094293321882,narrow_passage,0.2750071585178375,0.2754298150539398,80,5,0,2.416325092315674,0.0011561946012079716
benchmark-protocol-v2-smoke,095ec5c7ced679ee38d9bbbfd5590c863c741e8d,4.664814472198486,0.0,20010502,0.8027637004852295,0.5788133709577937,0.6549053192138672,4,0,0.2917086524622781,narrow_passage,-0.18338780105113983,-0.18322405219078064,80,5,2,-2.883244514465332,0.00044795183930546045
benchmark-protocol-v2-smoke,095ec5c7ced679ee38d9bbbfd5590c863c741e8d,4.664814472198486,0.0,20010502,0.8027637004852295,0.5788133709577937,0.6549053192138672,4,0,-0.14034366474619933,narrow_passage,-0.7455449104309082,-0.6199323534965515,80,5,3,-0.9969256520271301,0.3436104357242584
benchmark-protocol-v2-smoke,095ec5c7ced679ee38d9bbbfd5590c863c741e8d,4.390190124511719,0.0,20010502,0.9264609813690186,0.5401485240643642,0.7662083506584167,4,0,0.31377928597586496,narrow_passage,0.15470881760120392,0.1552411913871765,88,5,0,2.619049549102783,0.0012643336085602641
benchmark-protocol-v2-smoke,095ec5c7ced679ee38d9bbbfd5590c863c741e8d,4.390190124511719,0.0,20010502,0.9264609813690186,0.5401485240643642,0.7662083506584167,4,0,0.14845915118764555,narrow_passage,-0.3029015362262726,-0.3026788532733917,88,5,2,-2.933530330657959,0.0005288128741085529
benchmark-protocol-v2-smoke,095ec5c7ced679ee38d9bbbfd5590c863c741e8d,4.390190124511719,0.0,20010502,0.9264609813690186,0.5401485240643642,0.7662083506584167,4,0,-0.12079101162297386,narrow_passage,-1.0054118633270264,-0.8740950226783752,88,5,3,-1.1426787376403809,0.311860591173172
benchmark-protocol-v2-smoke,095ec5c7ced679ee38d9bbbfd5590c863c741e8d,4.225790500640869,0.0,20010502,1.0290377140045166,0.5626124767060785,0.6996800899505615,4,0,0.31208374883447376,narrow_passage,0.25290167331695557,0.25341615080833435,96,5,0,3.0964202880859375,0.0010391692630946636
benchmark-protocol-v2-smoke,095ec5c7ced679ee38d9bbbfd5590c863c741e8d,4.225790500640869,0.0,20010502,1.0290377140045166,0.5626124767060785,0.6996800899505615,4,0,0.07938046966280256,narrow_passage,-0.2569016218185425,-0.25668665766716003,96,5,2,-3.110775947570801,0.0004341684398241341
benchmark-protocol-v2-smoke,095ec5c7ced679ee38d9bbbfd5590c863c741e8d,4.225790500640869,0.0,20010502,1.0290377140045166,0.5626124767060785,0.6996800899505615,4,0,-0.1208507354770388,narrow_passage,-1.0857880115509033,-0.9544597268104553,96,5,3,-1.5445599555969238,0.265259712934494
benchmark-protocol-v2-smoke,095ec5c7ced679ee38d9bbbfd5590c863c741e8d,4.1421709060668945,0.0,20010502,1.0889350175857544,0.5786994760337416,0.6552113890647888,4,0,0.3030783028474876,narrow_passage,0.24354073405265808,0.24401891231536865,104,5,0,3.0998024940490723,0.0010478624608367682
benchmark-protocol-v2-smoke,095ec5c7ced679ee38d9bbbfd5590c863c741e8d,4.1421709060668945,0.0,20010502,1.0889350175857544,0.5786994760337416,0.6552113890647888,4,0,-0.057474550524992604,narrow_passage,-0.3147602081298828,-0.31455737352371216,104,5,2,-2.98721981048584,0.00044448080006986856
benchmark-protocol-v2-smoke,095ec5c7ced679ee38d9bbbfd5590c863c741e8d,4.1421709060668945,0.0,20010502,1.0889350175857544,0.5786994760337416,0.6552113890647888,4,0,-0.12084545514413289,narrow_passage,-0.9949297308921814,-0.8737792372703552,104,5,3,-1.6273432970046997,0.26548337936401367
benchmark-protocol-v2-smoke,095ec5c7ced679ee38d9bbbfd5590c863c741e8d,4.104490280151367,0.0,20010502,1.118730902671814,0.6194009971281592,0.553016722202301,4,0,0.17940858219351088,narrow_passage,0.23740123212337494,0.23781916499137878,112,5,0,3.275723934173584,0.0008982541039586067
benchmark-protocol-v2-smoke,095ec5c7ced679ee38d9bbbfd5590c863c741e8d,4.104490280151367,0.0,20010502,1.118730902671814,0.6194009971281592,0.553016722202301,4,0,-0.10184867680072784,narrow_passage,-0.26189902424812317,-0.2617201805114746,112,5,2,-3.0072903633117676,0.0003843868325930089
benchmark-protocol-v2-smoke,095ec5c7ced679ee38d9bbbfd5590c863c741e8d,4.104490280151367,0.0,20010502,1.118730902671814,0.6194009971281592,0.553016722202301,4,0,-0.12087473379714149,narrow_passage,-1.0142335891723633,-0.8990908265113831,112,5,3,-1.81807541847229,0.24747128784656525
benchmark-protocol-v2-smoke,095ec5c7ced679ee38d9bbbfd5590c863c741e8d,9.244264602661133,0.0,20010503,1.231141448020935,0.5461540136505059,0.7478868365287781,4,0,0.28687022839273724,narrow_passage,0.7728860378265381,0.7729204893112183,0,5,0,1.7151196002960205,0.00013928089174441993
benchmark-protocol-v2-smoke,095ec5c7ced679ee38d9bbbfd5590c863c741e8d,9.244264602661133,0.0,20010503,1.231141448020935,0.5461540136505059,0.7478868365287781,4,0,0.25288936282907215,narrow_passage,0.3301292061805725,0.3301328718662262,0,5,2,-3.352822780609131,1.4768131222808734e-05
benchmark-protocol-v2-smoke,095ec5c7ced679ee38d9bbbfd5590c863c741e8d,9.244264602661133,1.0,20010503,1.231141448020935,0.5461540136505059,0.7478868365287781,4,1,0.28659988939762115,narrow_passage,0.625178873538971,0.9097701907157898,0,5,3,-0.42752978205680847,1.1504254341125488
benchmark-protocol-v2-smoke,095ec5c7ced679ee38d9bbbfd5590c863c741e8d,9.036938667297363,0.0,20010503,1.0002752542495728,0.6818181145167315,0.4200001358985901,4,0,0.29319027066230774,narrow_passage,0.7333435416221619,0.7333893775939941,8,5,0,2.9487814903259277,0.0001913477899506688
benchmark-protocol-v2-smoke,095ec5c7ced679ee38d9bbbfd5590c863c741e8d,9.036938667297363,1.0,20010503,1.0002752542495728,0.6818181145167315,0.4200001358985901,4,1,0.28635228105953764,narrow_passage,0.15649360418319702,0.15649977326393127,8,5,2,-4.235353469848633,2.5745695893419906e-05
benchmark-protocol-v2-smoke,095ec5c7ced679ee38d9bbbfd5590c863c741e8d,9.036938667297363,1.0,20010503,1.0002752542495728,0.6818181145167315,0.4200001358985901,4,1,0.38345115312508177,narrow_passage,0.22015300393104553,0.35316920280456543,8,5,3,-1.143554449081421,0.5554957985877991
benchmark-protocol-v2-smoke,095ec5c7ced679ee38d9bbbfd5590c863c741e8d,8.567086219787598,1.0,20010503,0.7988963723182678,0.6724997917269752,0.43829038739204407,4,1,0.3157442510128021,narrow_passage,0.8988528251647949,0.8989523649215698,16,5,0,3.7880313396453857,0.00018299419025424868
benchmark-protocol-v2-smoke,095ec5c7ced679ee38d9bbbfd5590c863c741e8d,8.567086219787598,1.0,20010503,0.7988963723182678,0.6724997917269752,0.43829038739204407,4,1,0.32116771170071196,narrow_passage,0.35019758343696594,0.3502133786678314,16,5,2,-4.872864246368408,2.9058246582280844e-05
benchmark-protocol-v2-smoke,095ec5c7ced679ee38d9bbbfd5590c863c741e8d,8.567086219787598,1.0,20010503,0.7988963723182678,0.6724997917269752,0.43829038739204407,4,1,0.34028431347438265,narrow_passage,-0.502347469329834,-0.42684030532836914,16,5,3,-1.6132454872131348,0.13881997764110565
benchmark-protocol-v2-smoke,095ec5c7ced679ee38d9bbbfd5590c863c741e8d,7.957059383392334,1.0,20010503,0.5690860748291016,0.5846345337301496,0.6394232511520386,4,1,0.3691799321344921,narrow_passage,1.1219450235366821,1.1220643520355225,24,5,0,4.489418029785156,0.0001871481945272535
benchmark-protocol-v2-smoke,095ec5c7ced679ee38d9bbbfd5590c863c741e8d,7.957059383392334,0.5,20010503,0.5690860748291016,0.5846345337301496,0.6394232511520386,4,1,0.2765342082296099,narrow_passage,0.50118488073349,0.5012105703353882,24,5,2,-5.361778259277344,4.027803151984699e-05
benchmark-protocol-v2-smoke,095ec5c7ced679ee38d9bbbfd5590c863c741e8d,7.957059383392334,0.0,20010503,0.5690860748291016,0.5846345337301496,0.6394232511520386,4,0,-0.018827747021402632,narrow_passage,-0.4518224596977234,-0.4299560785293579,24,5,3,-1.9663028717041016,0.034283142536878586
benchmark-protocol-v2-smoke,095ec5c7ced679ee38d9bbbfd5590c863c741e8d,7.276336669921875,1.0,20010503,0.3758305609226227,0.5569092839554175,0.7160621285438538,4,1,0.38501667763505665,narrow_passage,1.0394446849822998,1.0395829677581787,32,5,0,4.622693061828613,0.0002174643741454929
benchmark-protocol-v2-smoke,095ec5c7ced679ee38d9bbbfd5590c863c741e8d,7.276336669921875,0.0,20010503,0.3758305609226227,0.5569092839554175,0.7160621285438538,4,0,0.27754311902182444,narrow_passage,0.3354731500148773,0.3355068862438202,32,5,2,-5.143040180206299,5.307218452799134e-05
benchmark-protocol-v2-smoke,095ec5c7ced679ee38d9bbbfd5590c863c741e8d,7.276336669921875,0.0,20010503,0.3758305609226227,0.5569092839554175,0.7160621285438538,4,0,-0.12516537521566665,narrow_passage,-0.5413250923156738,-0.5155835747718811,32,5,3,-2.3051910400390625,0.04048432037234306
benchmark-protocol-v2-smoke,095ec5c7ced679ee38d9bbbfd5590c863c741e8d,6.667184829711914,1.0,20010503,0.3927331268787384,0.6280442360359235,0.5330200791358948,4,1,0.38721035208020893,narrow_passage,1.0370872020721436,1.0372817516326904,40,5,0,3.9973583221435547,0.0003219118225388229
benchmark-protocol-v2-smoke,095ec5c7ced679ee38d9bbbfd5590c863c741e8d,6.667184829711914,0.0,20010503,0.3927331268787384,0.6280442360359235,0.5330200791358948,4,0,0.2825115535940443,narrow_passage,0.19633494317531586,0.19639453291893005,40,5,2,-4.450467109680176,9.860695718089119e-05
benchmark-protocol-v2-smoke,095ec5c7ced679ee38d9bbbfd5590c863c741e8d,6.667184829711914,0.0,20010503,0.3927331268787384,0.6280442360359235,0.5330200791358948,4,0,-0.12399796502930778,narrow_passage,-0.45583948493003845,-0.4381343126296997,40,5,3,-1.9577937126159668,0.029298823326826096
benchmark-protocol-v2-smoke,095ec5c7ced679ee38d9bbbfd5590c863c741e8d,6.002488613128662,1.0,20010503,0.39966756105422974,0.5397569011792023,0.767417311668396,4,1,0.40210246401173727,narrow_passage,1.0619385242462158,1.0622498989105225,48,5,0,4.230339050292969,0.0004693146620411426
benchmark-protocol-v2-smoke,095ec5c7ced679ee38d9bbbfd5590c863c741e8d,6.002488613128662,0.0,20010503,0.39966756105422974,0.5397569011792023,0.767417311668396,4,0,0.2838181959731238,narrow_passage,0.20011839270591736,0.20023411512374878,48,5,2,-4.284918308258057,0.00017438670329283923
benchmark-protocol-v2-smoke,095ec5c7ced679ee38d9bbbfd5590c863c741e8d,6.002488613128662,0.0,20010503,0.39966756105422974,0.5397569011792023,0.767417311668396,4,0,-0.12281691602298192,narrow_passage,-0.5778287649154663,-0.5621053576469421,48,5,3,-2.2598929405212402,0.023695651441812515
benchmark-protocol-v2-smoke,095ec5c7ced679ee38d9bbbfd5590c863c741e8d,5.390527725219727,1.0,20010503,0.3357325792312622,0.6402284916366354,0.5057481527328491,4,1,0.3686161147696631,narrow_passage,0.9485381245613098,0.9490340948104858,56,5,0,4.4482927322387695,0.0006493052351288497
benchmark-protocol-v2-smoke,095ec5c7ced679ee38d9bbbfd5590c863c741e8d,5.390527725219727,0.0,20010503,0.3357325792312622,0.6402284916366354,0.5057481527328491,4,0,0.2851727626153401,narrow_passage,0.19202183187007904,0.19224217534065247,56,5,2,-4.2325520515441895,0.0002884461428038776
benchmark-protocol-v2-smoke,095ec5c7ced679ee38d9bbbfd5590c863c741e8d,5.390527725219727,0.0,20010503,0.3357325792312622,0.6402284916366354,0.5057481527328491,4,0,-0.1222811798964228,narrow_passage,-0.9357691407203674,-0.9113225340843201,56,5,3,-2.562774658203125,0.03200351819396019
benchmark-protocol-v2-smoke,095ec5c7ced679ee38d9bbbfd5590c863c741e8d,4.965927600860596,1.0,20010503,0.4343414306640625,0.6818723671366149,0.41989511251449585,4,1,0.3216003009251186,narrow_passage,0.849938690662384,0.8504986763000488,64,5,0,3.6008424758911133,0.0007094944012351334
benchmark-protocol-v2-smoke,095ec5c7ced679ee38d9bbbfd5590c863c741e8d,4.965927600860596,0.0,20010503,0.4343414306640625,0.6818723671366149,0.41989511251449585,4,0,0.2877006488186972,narrow_passage,0.15546433627605438,0.155717134475708,64,5,2,-3.5339951515197754,0.0003203126252628863
benchmark-protocol-v2-smoke,095ec5c7ced679ee38d9bbbfd5590c863c741e8d,4.965927600860596,0.0,20010503,0.4343414306640625,0.6818723671366149,0.41989511251449585,4,0,-0.12171534661735807,narrow_passage,-1.0976074934005737,-1.0592625141143799,64,5,3,-1.8893768787384033,0.04858478531241417
benchmark-protocol-v2-smoke,095ec5c7ced679ee38d9bbbfd5590c863c741e8d,4.632266044616699,0.0,20010503,0.6251401305198669,0.6601667077831304,0.4632920026779175,4,0,0.3178643562964031,narrow_passage,0.8771787285804749,0.8775665760040283,72,5,0,3.156954288482666,0.0005854141782037914
benchmark-protocol-v2-smoke,095ec5c7ced679ee38d9bbbfd5590c863c741e8d,4.632266044616699,0.0,20010503,0.6251401305198669,0.6601667077831304,0.4632920026779175,4,0,0.29320721328258514,narrow_passage,0.3405044376850128,0.3406843841075897,72,5,2,-3.1348609924316406,0.0002716108865570277
benchmark-protocol-v2-smoke,095ec5c7ced679ee38d9bbbfd5590c863c741e8d,4.632266044616699,0.0,20010503,0.6251401305198669,0.6601667077831304,0.4632920026779175,4,0,-0.12100360968283244,narrow_passage,-0.7483724355697632,-0.7171079516410828,72,5,3,-1.6502845287322998,0.04719172418117523
benchmark-protocol-v2-smoke,095ec5c7ced679ee38d9bbbfd5590c863c741e8d,4.333503723144531,0.0,20010503,0.8281221389770508,0.664270903032778,0.4548689126968384,4,0,0.31631353071757723,narrow_passage,0.6852113604545593,0.6857616901397705,80,5,0,3.299403667449951,0.0006817492539994419
benchmark-protocol-v2-smoke,095ec5c7ced679ee38d9bbbfd5590c863c741e8d,4.333503723144531,0.0,20010503,0.8281221389770508,0.664270903032778,0.4548689126968384,4,0,0.29182490919317516,narrow_passage,0.3313939571380615,0.33163198828697205,80,5,2,-3.3198766708374023,0.00029485972481779754
benchmark-protocol-v2-smoke,095ec5c7ced679ee38d9bbbfd5590c863c741e8d,4.333503723144531,0.0,20010503,0.8281221389770508,0.664270903032778,0.4548689126968384,4,0,-0.12059311036552701,narrow_passage,-1.2756717205047607,-1.1760597229003906,80,5,3,-1.5023205280303955,0.12339621037244797
benchmark-protocol-v2-smoke,095ec5c7ced679ee38d9bbbfd5590c863c741e8d,4.092076301574707,0.0,20010503,0.9930252432823181,0.6900125495358128,0.40432411432266235,4,0,0.31519954758031027,narrow_passage,0.704982578754425,0.7055521011352539,88,5,0,3.1303677558898926,0.0006659947684966028
benchmark-protocol-v2-smoke,095ec5c7ced679ee38d9bbbfd5590c863c741e8d,4.092076301574707,0.0,20010503,0.9930252432823181,0.6900125495358128,0.40432411432266235,4,0,0.2906135107789721,narrow_passage,0.2527395188808441,0.2529943287372589,88,5,2,-3.132046699523926,0.0002979704877361655
benchmark-protocol-v2-smoke,095ec5c7ced679ee38d9bbbfd5590c863c741e8d,4.092076301574707,0.0,20010503,0.9930252432823181,0.6900125495358128,0.40432411432266235,4,0,-0.12040281082902636,narrow_passage,-1.3665488958358765,-1.2918901443481445,88,5,3,-1.4703192710876465,0.08730675280094147
benchmark-protocol-v2-smoke,095ec5c7ced679ee38d9bbbfd5590c863c741e8d,3.935574531555176,0.0,20010503,1.1121617555618286,0.6860480820636302,0.411861389875412,4,0,0.3137711989028113,narrow_passage,0.6372514963150024,0.6377480030059814,96,5,0,3.2547175884246826,0.0006293773767538369
benchmark-protocol-v2-smoke,095ec5c7ced679ee38d9bbbfd5590c863c741e8d,3.935574531555176,0.0,20010503,1.1121617555618286,0.6860480820636302,0.411861389875412,4,0,0.2893335499933788,narrow_passage,0.2690589129924774,0.26927533745765686,96,5,2,-3.1715762615203857,0.00027435837546363473
benchmark-protocol-v2-smoke,095ec5c7ced679ee38d9bbbfd5590c863c741e8d,3.935574531555176,0.0,20010503,1.1121617555618286,0.6860480820636302,0.411861389875412,4,0,-0.12036029036555972,narrow_passage,-1.3101112842559814,-1.1892235279083252,96,5,3,-1.5177489519119263,0.1532421112060547
benchmark-protocol-v2-smoke,095ec5c7ced679ee38d9bbbfd5590c863c741e8d,3.8570621013641357,0.0,20010503,1.1773226261138916,0.6841734164526855,0.41545596718788147,4,0,0.2633988835981914,narrow_passage,0.7089551687240601,0.7092902660369873,104,5,0,3.3880202770233154,0.0005507530295290053
benchmark-protocol-v2-smoke,095ec5c7ced679ee38d9bbbfd5590c863c741e8d,3.8570621013641357,0.0,20010503,1.1773226261138916,0.6841734164526855,0.41545596718788147,4,0,0.27226383877652033,narrow_passage,0.24847538769245148,0.2486233413219452,104,5,2,-3.263974189758301,0.0002431657339911908
benchmark-protocol-v2-smoke,095ec5c7ced679ee38d9bbbfd5590c863c741e8d,3.8570621013641357,0.0,20010503,1.1773226261138916,0.6841734164526855,0.41545596718788147,4,0,-0.12039546349218913,narrow_passage,-0.8271012902259827,-0.7485945820808411,104,5,3,-1.6491466760635376,0.12902384996414185
benchmark-protocol-v2-smoke,095ec5c7ced679ee38d9bbbfd5590c863c741e8d,3.8345043659210205,0.0,20010503,1.1916770935058594,0.6890749983533171,0.40609875321388245,4,0,-0.01416276501757758,narrow_passage,0.4734290540218353,0.473811537027359,112,5,0,3.390895366668701,0.0005263112834654748
benchmark-protocol-v2-smoke,095ec5c7ced679ee38d9bbbfd5590c863c741e8d,3.8345043659210205,0.0,20010503,1.1916770935058594,0.6890749983533171,0.40609875321388245,4,0,-0.03825138881802559,narrow_passage,0.015333018265664577,0.015506520867347717,112,5,2,-3.1050500869750977,0.0002387538115726784
benchmark-protocol-v2-smoke,095ec5c7ced679ee38d9bbbfd5590c863c741e8d,3.8345043659210205,0.0,20010503,1.1916770935058594,0.6890749983533171,0.40609875321388245,4,0,-0.12050389285598483,narrow_passage,-1.3463778495788574,-1.2449390888214111,112,5,3,-1.7328567504882812,0.1395876556634903
benchmark-protocol-v2-smoke,095ec5c7ced679ee38d9bbbfd5590c863c741e8d,9.209674835205078,0.0,20010504,1.1751607656478882,0.541232010757739,0.7628728151321411,4,0,0.2871436859880175,narrow_passage,0.9984424710273743,0.9984636306762695,0,5,0,1.8995258808135986,0.00011430425365688279
benchmark-protocol-v2-smoke,095ec5c7ced679ee38d9bbbfd5590c863c741e8d,9.209674835205078,0.0,20010504,1.1751607656478882,0.541232010757739,0.7628728151321411,4,0,0.2551621539252145,narrow_passage,0.5630654096603394,0.5630676746368408,0,5,2,-3.2999138832092285,1.2236386282893363e-05
benchmark-protocol-v2-smoke,095ec5c7ced679ee38d9bbbfd5590c863c741e8d,9.209674835205078,1.0,20010504,1.1751607656478882,0.541232010757739,0.7628728151321411,4,1,0.3193305347646986,narrow_passage,0.5087878108024597,0.6710689663887024,0,5,3,-0.5739141702651978,0.8766318559646606
benchmark-protocol-v2-smoke,095ec5c7ced679ee38d9bbbfd5590c863c741e8d,8.999855995178223,0.0,20010504,0.9648667573928833,0.6818181713123735,0.42000001668930054,4,0,0.2937570150409426,narrow_passage,0.8669283986091614,0.8669705390930176,8,5,0,2.8620238304138184,0.00017331955314148217
benchmark-protocol-v2-smoke,095ec5c7ced679ee38d9bbbfd5590c863c741e8d,8.999855995178223,1.0,20010504,0.9648667573928833,0.6818181713123735,0.42000001668930054,4,1,0.2839981211083276,narrow_passage,0.32422879338264465,0.3242342174053192,8,5,2,-4.102665901184082,2.228386620117817e-05
benchmark-protocol-v2-smoke,095ec5c7ced679ee38d9bbbfd5590c863c741e8d,8.999855995178223,1.0,20010504,0.9648667573928833,0.6818181713123735,0.42000001668930054,4,1,0.38516178514276234,narrow_passage,0.26191532611846924,0.3824974298477173,8,5,3,-1.0445750951766968,0.4956492483615875
benchmark-protocol-v2-smoke,095ec5c7ced679ee38d9bbbfd5590c863c741e8d,8.511375427246094,0.25,20010504,0.8090435266494751,0.6818182315412545,0.419999897480011,4,0,0.30317204552037375,narrow_passage,0.9928451180458069,0.9929208755493164,16,5,0,3.8886208534240723,0.00020674696133937687
benchmark-protocol-v2-smoke,095ec5c7ced679ee38d9bbbfd5590c863c741e8d,8.511375427246094,1.0,20010504,0.8090435266494751,0.6818182315412545,0.419999897480011,4,1,0.31153511149542673,narrow_passage,0.42769041657447815,0.42770323157310486,16,5,2,-4.876162528991699,3.500860839267261e-05
benchmark-protocol-v2-smoke,095ec5c7ced679ee38d9bbbfd5590c863c741e8d,8.511375427246094,1.0,20010504,0.8090435266494751,0.6818182315412545,0.419999897480011,4,1,0.3713229405028479,narrow_passage,0.06631923466920853,0.10669852048158646,16,5,3,-1.6898115873336792,0.11022078990936279
benchmark-protocol-v2-smoke,095ec5c7ced679ee38d9bbbfd5590c863c741e8d,7.8872270584106445,1.0,20010504,0.650792121887207,0.666659002923931,0.45001551508903503,4,1,0.3525242124285017,narrow_passage,1.0980958938598633,1.0982304811477661,24,5,0,4.310856342315674,0.00020417687483131886
benchmark-protocol-v2-smoke,095ec5c7ced679ee38d9bbbfd5590c863c741e8d,7.8872270584106445,1.0,20010504,0.650792121887207,0.666659002923931,0.45001551508903503,4,1,0.29125043749809265,narrow_passage,0.5316509008407593,0.5316786766052246,24,5,2,-5.245297431945801,4.217274909024127e-05
benchmark-protocol-v2-smoke,095ec5c7ced679ee38d9bbbfd5590c863c741e8d,7.8872270584106445,0.0,20010504,0.650792121887207,0.666659002923931,0.45001551508903503,4,0,-0.12610083605561936,narrow_passage,-0.517365038394928,-0.49401015043258667,24,5,3,-1.840076208114624,0.03544116020202637
benchmark-protocol-v2-smoke,095ec5c7ced679ee38d9bbbfd5590c863c741e8d,7.170770645141602,1.0,20010504,0.4350285828113556,0.5631033962318792,0.6982855200767517,4,1,0.4018433562346867,narrow_passage,1.0598820447921753,1.0600266456604004,32,5,0,4.323849201202393,0.0002405834966339171
benchmark-protocol-v2-smoke,095ec5c7ced679ee38d9bbbfd5590c863c741e8d,7.170770645141602,0.0,20010504,0.4350285828113556,0.5631033962318792,0.6982855200767517,4,0,0.26943094017250196,narrow_passage,0.2988300025463104,0.2988664209842682,32,5,2,-5.14438533782959,6.056279016775079e-05
benchmark-protocol-v2-smoke,095ec5c7ced679ee38d9bbbfd5590c863c741e8d,7.170770645141602,0.0,20010504,0.4350285828113556,0.5631033962318792,0.6982855200767517,4,0,-0.12470748169081551,narrow_passage,-0.43499189615249634,-0.4122920632362366,32,5,3,-1.9282832145690918,0.037758324295282364
benchmark-protocol-v2-smoke,095ec5c7ced679ee38d9bbbfd5590c863c741e8d,6.526688098907471,1.0,20010504,0.3280597925186157,0.6202382167379226,0.551055371761322,4,1,0.39229715721947805,narrow_passage,0.8972331881523132,0.8974981307983398,40,5,0,4.424666404724121,0.0003898620780091733
benchmark-protocol-v2-smoke,095ec5c7ced679ee38d9bbbfd5590c863c741e8d,6.526688098907471,0.0,20010504,0.3280597925186157,0.6202382167379226,0.551055371761322,4,0,0.2768297472170421,narrow_passage,0.13469505310058594,0.1347770392894745,40,5,2,-4.760739803314209,0.00012063966278219596
benchmark-protocol-v2-smoke,095ec5c7ced679ee38d9bbbfd5590c863c741e8d,6.526688098907471,0.0,20010504,0.3280597925186157,0.6202382167379226,0.551055371761322,4,0,-0.12409492582082748,narrow_passage,-0.7991264462471008,-0.76520174741745,40,5,3,-2.3060953617095947,0.04992122948169708
benchmark-protocol-v2-smoke,095ec5c7ced679ee38d9bbbfd5590c863c741e8d,6.147697448730469,1.0,20010504,0.38363927602767944,0.6431182781708349,0.4994315505027771,4,1,0.3859293929168156,narrow_passage,0.8721433281898499,0.8724431991577148,48,5,0,3.628852367401123,0.00043505567009560764
benchmark-protocol-v2-smoke,095ec5c7ced679ee38d9bbbfd5590c863c741e8d,6.147697448730469,0.0,20010504,0.38363927602767944,0.6431182781708349,0.4994315505027771,4,0,0.2521303306732859,narrow_passage,0.0957069918513298,0.09581659734249115,48,5,2,-3.5035622119903564,0.0001590345927979797
benchmark-protocol-v2-smoke,095ec5c7ced679ee38d9bbbfd5590c863c741e8d,6.147697448730469,0.0,20010504,0.38363927602767944,0.6431182781708349,0.4994315505027771,4,0,-0.12394916798387255,narrow_passage,-0.8481230735778809,-0.8139990568161011,48,5,3,-2.131338357925415,0.04951231926679611
benchmark-protocol-v2-smoke,095ec5c7ced679ee38d9bbbfd5590c863c741e8d,5.898867130279541,1.0,20010504,0.3849174380302429,0.624056115027613,0.5421780347824097,4,1,0.3894969182355063,narrow_passage,0.9658306241035461,0.9661402702331543,56,5,0,3.6017303466796875,0.0005058206152170897
benchmark-protocol-v2-smoke,095ec5c7ced679ee38d9bbbfd5590c863c741e8d,5.898867130279541,0.0,20010504,0.3849174380302429,0.624056115027613,0.5421780347824097,4,0,0.2793648498398917,narrow_passage,0.07440279424190521,0.07453936338424683,56,5,2,-3.306591033935547,0.00022310983331408352
benchmark-protocol-v2-smoke,095ec5c7ced679ee38d9bbbfd5590c863c741e8d,5.898867130279541,0.0,20010504,0.3849174380302429,0.624056115027613,0.5421780347824097,4,0,-0.12336094145263944,narrow_passage,-0.538626492023468,-0.5236600041389465,56,5,3,-2.210693359375,0.024449970573186874
benchmark-protocol-v2-smoke,095ec5c7ced679ee38d9bbbfd5590c863c741e8d,5.575313091278076,1.0,20010504,0.3463042378425598,0.6042198697220081,0.5895240306854248,4,1,0.34706508261816843,narrow_passage,0.7969958186149597,0.7975910902023315,64,5,0,3.7204041481018066,0.0008150553912855685
benchmark-protocol-v2-smoke,095ec5c7ced679ee38d9bbbfd5590c863c741e8d,5.575313091278076,0.0,20010504,0.3463042378425598,0.6042198697220081,0.5895240306854248,4,0,0.281154494200434,narrow_passage,0.018262965604662895,0.01853044331073761,64,5,2,-3.6510567665100098,0.00036621984327211976
benchmark-protocol-v2-smoke,095ec5c7ced679ee38d9bbbfd5590c863c741e8d,5.575313091278076,0.0,20010504,0.3463042378425598,0.6042198697220081,0.5895240306854248,4,0,-0.12291570114237922,narrow_passage,-1.0283803939819336,-0.9866835474967957,64,5,3,-1.9948997497558594,0.05708968639373779
benchmark-protocol-v2-smoke,095ec5c7ced679ee38d9bbbfd5590c863c741e8d,5.3441081047058105,0.75,20010504,0.4808237850666046,0.6900541720321207,0.40424540638923645,4,1,0.31188533348696573,narrow_passage,0.5811746716499329,0.581699013710022,72,5,0,2.968742847442627,0.0006594989099539816
benchmark-protocol-v2-smoke,095ec5c7ced679ee38d9bbbfd5590c863c741e8d,5.3441081047058105,0.0,20010504,0.4808237850666046,0.6900541720321207,0.40424540638923645,4,0,0.2838618542466845,narrow_passage,0.14694760739803314,0.14716018736362457,72,5,2,-3.059030294418335,0.00026738166343420744
benchmark-protocol-v2-smoke,095ec5c7ced679ee38d9bbbfd5590c863c741e8d,5.3441081047058105,0.0,20010504,0.4808237850666046,0.6900541720321207,0.40424540638923645,4,0,-0.12201304946626935,narrow_passage,-1.4767546653747559,-1.2795584201812744,72,5,3,-1.4030985832214355,0.24803678691387177
benchmark-protocol-v2-smoke,095ec5c7ced679ee38d9bbbfd5590c863c741e8d,5.1568922996521,0.0,20010504,0.6461009383201599,0.6895092863252765,0.4052760899066925,4,0,0.3073416714157377,narrow_passage,0.7577221989631653,0.7583094835281372,80,5,0,2.994500160217285,0.0007574722403660417
benchmark-protocol-v2-smoke,095ec5c7ced679ee38d9bbbfd5590c863c741e8d,5.1568922996521,0.0,20010504,0.6461009383201599,0.6895092863252765,0.4052760899066925,4,0,0.283408311860902,narrow_passage,0.09369318187236786,0.09396184980869293,80,5,2,-2.8776402473449707,0.00034651620080694556
benchmark-protocol-v2-smoke,095ec5c7ced679ee38d9bbbfd5590c863c741e8d,5.1568922996521,0.0,20010504,0.6461009383201599,0.6895092863252765,0.4052760899066925,4,0,-0.12234856188297272,narrow_passage,-1.170807123184204,-1.114685297012329,80,5,3,-1.7135913372039795,0.07238392531871796
benchmark-protocol-v2-smoke,095ec5c7ced679ee38d9bbbfd5590c863c741e8d,5.022685527801514,0.0,20010504,0.789677619934082,0.6882317893196257,0.40769895911216736,4,0,0.3068272514002664,narrow_passage,0.4508339464664459,0.4514586627483368,88,5,0,2.995119333267212,0.0007103620446287096
benchmark-protocol-v2-smoke,095ec5c7ced679ee38d9bbbfd5590c863c741e8d,5.022685527801514,0.0,20010504,0.789677619934082,0.6882317893196257,0.40769895911216736,4,0,0.2829425845827375,narrow_passage,0.06012367457151413,0.06036737561225891,88,5,2,-3.069089651107788,0.0002771119761746377
benchmark-protocol-v2-smoke,095ec5c7ced679ee38d9bbbfd5590c863c741e8d,5.022685527801514,0.0,20010504,0.789677619934082,0.6882317893196257,0.40769895911216736,4,0,-0.12221324443817139,narrow_passage,-1.8271338939666748,-1.578644037246704,88,5,3,-1.365168571472168,0.2825567126274109
benchmark-protocol-v2-smoke,095ec5c7ced679ee38d9bbbfd5590c863c741e8d,4.948428153991699,0.0,20010504,0.8717516660690308,0.6908879280717685,0.4026714861392975,4,0,0.24888928766761506,narrow_passage,0.46130356192588806,0.462015300989151,96,5,0,2.939851760864258,0.0007930155261419713
benchmark-protocol-v2-smoke,095ec5c7ced679ee38d9bbbfd5590c863c741e8d,4.948428153991699,0.0,20010504,0.8717516660690308,0.6908879280717685,0.4026714861392975,4,0,0.2827867035354887,narrow_passage,-0.05347132310271263,-0.05317553132772446,96,5,2,-3.091792345046997,0.00032956365612335503
benchmark-protocol-v2-smoke,095ec5c7ced679ee38d9bbbfd5590c863c741e8d,4.948428153991699,0.0,20010504,0.8717516660690308,0.6908879280717685,0.4026714861392975,4,0,-0.12221439182758331,narrow_passage,-1.8851920366287231,-1.6464920043945312,96,5,3,-1.340195894241333,0.2659550905227661
benchmark-protocol-v2-smoke,095ec5c7ced679ee38d9bbbfd5590c863c741e8d,4.933775901794434,0.0,20010504,0.8951314687728882,0.6902973051074113,0.4037860333919525,4,0,-0.017328168664659773,narrow_passage,0.33108341693878174,0.3315591514110565,104,5,0,2.7514400482177734,0.0006938265869393945
benchmark-protocol-v2-smoke,095ec5c7ced679ee38d9bbbfd5590c863c741e8d,4.933775901794434,0.0,20010504,0.8951314687728882,0.6902973051074113,0.4037860333919525,4,0,0.22589267843535968,narrow_passage,-0.2155308574438095,-0.21532195806503296,104,5,2,-2.708031177520752,0.0003046707424800843
benchmark-protocol-v2-smoke,095ec5c7ced679ee38d9bbbfd5590c863c741e8d,4.933775901794434,0.0,20010504,0.8951314687728882,0.6902973051074113,0.4037860333919525,4,0,-0.1222671504531588,narrow_passage,-1.4733061790466309,-1.3170888423919678,104,5,3,-1.3230295181274414,0.22783923149108887
benchmark-protocol-v2-smoke,095ec5c7ced679ee38d9bbbfd5590c863c741e8d,4.957891464233398,0.0,20010504,0.8699631094932556,0.6899284777397205,0.40448305010795593,4,0,-0.18337602274758474,narrow_passage,0.3982837498188019,0.3988777697086334,112,5,0,3.1375467777252197,0.0006872801459394395
benchmark-protocol-v2-smoke,095ec5c7ced679ee38d9bbbfd5590c863c741e8d,4.957891464233398,0.0,20010504,0.8699631094932556,0.6899284777397205,0.40448305010795593,4,0,-0.20735609531402588,narrow_passage,-0.12247765809297562,-0.12221474200487137,112,5,2,-2.93803334236145,0.00030418450478464365
benchmark-protocol-v2-smoke,095ec5c7ced679ee38d9bbbfd5590c863c741e8d,4.957891464233398,0.0,20010504,0.8699631094932556,0.6899284777397205,0.40448305010795593,4,0,-0.20735669561794826,narrow_passage,-1.8277158737182617,-1.638772964477539,112,5,3,-1.6395988464355469,0.21860182285308838
benchmark-protocol-v2-smoke,095ec5c7ced679ee38d9bbbfd5590c863c741e8d,9.220182418823242,0.0,20010505,1.2162452936172485,0.5525710358441601,0.7287498712539673,4,0,0.2869895909513746,narrow_passage,0.8045390844345093,0.8045638799667358,0,5,0,1.886752724647522,0.00013799559383187443
benchmark-protocol-v2-smoke,095ec5c7ced679ee38d9bbbfd5590c863c741e8d,9.220182418823242,0.0,20010505,1.2162452936172485,0.5525710358441601,0.7287498712539673,4,0,0.25455801508256365,narrow_passage,0.3681161403656006,0.36811891198158264,0,5,2,-3.3600518703460693,1.542373138363473e-05
benchmark-protocol-v2-smoke,095ec5c7ced679ee38d9bbbfd5590c863c741e8d,9.220182418823242,1.0,20010505,1.2162452936172485,0.5525710358441601,0.7287498712539673,4,1,0.30048125024352756,narrow_passage,0.46014124155044556,0.6372037529945374,0,5,3,-0.580437183380127,0.9848629832267761
benchmark-protocol-v2-smoke,095ec5c7ced679ee38d9bbbfd5590c863c741e8d,9.011094093322754,0.0,20010505,0.9764090776443481,0.6788440845995146,0.42578303813934326,4,0,0.29364948187555584,narrow_passage,0.7427294850349426,0.7427769899368286,8,5,0,3.240488052368164,0.00017389732238370925
benchmark-protocol-v2-smoke,095ec5c7ced679ee38d9bbbfd5590c863c741e8d,9.011094093322754,1.0,20010505,0.9764090776443481,0.6788440845995146,0.42578303813934326,4,1,0.2896536503519331,narrow_passage,0.17706887423992157,0.1770755648612976,8,5,2,-4.562915802001953,2.450152169330977e-05
benchmark-protocol-v2-smoke,095ec5c7ced679ee38d9bbbfd5590c863c741e8d,9.011094093322754,1.0,20010505,0.9764090776443481,0.6788440845995146,0.42578303813934326,4,1,0.3775967082806996,narrow_passage,0.0358002632856369,0.15067407488822937,8,5,3,-1.2462069988250732,0.4206138849258423
benchmark-protocol-v2-smoke,095ec5c7ced679ee38d9bbbfd5590c863c741e8d,8.546982765197754,1.0,20010505,0.7499571442604065,0.6553326859723558,0.4733482599258423,4,1,0.3384147733449936,narrow_passage,1.0825152397155762,1.082625150680542,16,5,0,3.6019577980041504,0.0001888806582428515
benchmark-protocol-v2-smoke,095ec5c7ced679ee38d9bbbfd5590c863c741e8d,8.546982765197754,1.0,20010505,0.7499571442604065,0.6553326859723558,0.4733482599258423,4,1,0.30564840137958527,narrow_passage,0.5478992462158203,0.547919511795044,16,5,2,-4.570012092590332,3.4839547879528254e-05
benchmark-protocol-v2-smoke,095ec5c7ced679ee38d9bbbfd5590c863c741e8d,8.546982765197754,0.75,20010505,0.7499571442604065,0.6553326859723558,0.4733482599258423,4,1,0.31966857612133026,narrow_passage,-0.37801873683929443,-0.3296159505844116,16,5,3,-1.5152331590652466,0.08314056694507599
benchmark-protocol-v2-smoke,095ec5c7ced679ee38d9bbbfd5590c863c741e8d,7.913645267486572,1.0,20010505,0.470773309469223,0.5872659403868026,0.6325254440307617,4,1,0.3973885753325054,narrow_passage,0.986565351486206,0.9866642951965332,24,5,0,4.172473907470703,0.00021190456754993647
benchmark-protocol-v2-smoke,095ec5c7ced679ee38d9bbbfd5590c863c741e8d,7.913645267486572,0.0,20010505,0.470773309469223,0.5872659403868026,0.6325254440307617,4,0,0.2755900813000543,narrow_passage,0.35080698132514954,0.35082921385765076,24,5,2,-5.073029041290283,4.760236697620712e-05
benchmark-protocol-v2-smoke,095ec5c7ced679ee38d9bbbfd5590c863c741e8d,7.913645267486572,0.0,20010505,0.470773309469223,0.5872659403868026,0.6325254440307617,4,0,0.006561157958848136,narrow_passage,-0.175406813621521,-0.15444451570510864,24,5,3,-1.8539665937423706,0.04489954560995102
benchmark-protocol-v2-smoke,095ec5c7ced679ee38d9bbbfd5590c863c741e8d,7.221063137054443,1.0,20010505,0.33308708667755127,0.5325594145455338,0.789952278137207,4,1,0.4113341782774244,narrow_passage,1.0192307233810425,1.0194240808486938,32,5,0,4.493603229522705,0.000275767088169232
benchmark-protocol-v2-smoke,095ec5c7ced679ee38d9bbbfd5590c863c741e8d,7.221063137054443,0.0,20010505,0.33308708667755127,0.5325594145455338,0.789952278137207,4,0,0.279969538961138,narrow_passage,0.2725951373577118,0.27265024185180664,32,5,2,-4.969940185546875,7.85664378781803e-05
benchmark-protocol-v2-smoke,095ec5c7ced679ee38d9bbbfd5590c863c741e8d,7.221063137054443,0.0,20010505,0.33308708667755127,0.5325594145455338,0.789952278137207,4,0,-0.12492571132523674,narrow_passage,-0.7100857496261597,-0.693810224533081,32,5,3,-2.1591098308563232,0.023206328973174095
benchmark-protocol-v2-smoke,095ec5c7ced679ee38d9bbbfd5590c863c741e8d,6.530864238739014,1.0,20010505,0.3480945825576782,0.5475102876578316,0.7438047528266907,4,1,0.4369099289178848,narrow_passage,0.9430498480796814,0.9433897733688354,40,5,0,3.979003429412842,0.0005190488882362843
benchmark-protocol-v2-smoke,095ec5c7ced679ee38d9bbbfd5590c863c741e8d,6.530864238739014,0.0,20010505,0.3480945825576782,0.5475102876578316,0.7438047528266907,4,0,0.28397863251822336,narrow_passage,0.1622494012117386,0.16237276792526245,40,5,2,-4.202609062194824,0.0001883683871710673
benchmark-protocol-v2-smoke,095ec5c7ced679ee38d9bbbfd5590c863c741e8d,6.530864238739014,0.0,20010505,0.3480945825576782,0.5475102876578316,0.7438047528266907,4,0,-0.12373897859028407,narrow_passage,-0.6758902072906494,-0.6605861783027649,40,5,3,-2.073007583618164,0.02336866222321987
benchmark-protocol-v2-smoke,095ec5c7ced679ee38d9bbbfd5590c863c741e8d,5.8713154792785645,1.0,20010505,0.28328830003738403,0.6248242252603347,0.5404050946235657,4,1,0.4391213698046548,narrow_passage,0.8276370167732239,0.8281840085983276,48,5,0,4.103760719299316,0.0009232821757905185
benchmark-protocol-v2-smoke,095ec5c7ced679ee38d9bbbfd5590c863c741e8d,5.8713154792785645,1.0,20010505,0.28328830003738403,0.6248242252603347,0.5404050946235657,4,1,0.2890756917851312,narrow_passage,0.19055740535259247,0.19077759981155396,48,5,2,-4.285392761230469,0.00037166682886891067
benchmark-protocol-v2-smoke,095ec5c7ced679ee38d9bbbfd5590c863c741e8d,5.8713154792785645,0.0,20010505,0.28328830003738403,0.6248242252603347,0.5404050946235657,4,0,-0.12268054378884179,narrow_passage,-0.6539751291275024,-0.6195866465568542,48,5,3,-2.1044065952301025,0.05804416909813881
benchmark-protocol-v2-smoke,095ec5c7ced679ee38d9bbbfd5590c863c741e8d,5.290309906005859,1.0,20010505,0.24789203703403473,0.6424349855919123,0.5009199380874634,4,1,0.361736142209598,narrow_passage,0.6725529432296753,0.6731051206588745,56,5,0,4.269603729248047,0.0008467106963507831
benchmark-protocol-v2-smoke,095ec5c7ced679ee38d9bbbfd5590c863c741e8d,5.290309906005859,1.0,20010505,0.24789203703403473,0.6424349855919123,0.5009199380874634,4,1,0.30411207250186373,narrow_passage,0.15313652157783508,0.153366357088089,56,5,2,-4.02255392074585,0.00035242814919911325
benchmark-protocol-v2-smoke,095ec5c7ced679ee38d9bbbfd5590c863c741e8d,5.290309906005859,0.0,20010505,0.24789203703403473,0.6424349855919123,0.5009199380874634,4,0,-0.12168355605431966,narrow_passage,-0.9767276048660278,-0.8948802351951599,56,5,3,-2.270435094833374,0.12550662457942963
benchmark-protocol-v2-smoke,095ec5c7ced679ee38d9bbbfd5590c863c741e8d,4.886322498321533,0.0,20010505,0.49558112025260925,0.6903305846880622,0.40372318029403687,4,0,0.31479526417596,narrow_passage,0.6591336727142334,0.6597675085067749,64,5,0,3.8385791778564453,0.0008251162944361567
benchmark-protocol-v2-smoke,095ec5c7ced679ee38d9bbbfd5590c863c741e8d,4.886322498321533,1.0,20010505,0.49558112025260925,0.6903305846880622,0.40372318029403687,4,1,0.3250219247170857,narrow_passage,0.12319889664649963,0.123472660779953,64,5,2,-3.766988515853882,0.0003563786158338189
benchmark-protocol-v2-smoke,095ec5c7ced679ee38d9bbbfd5590c863c741e8d,4.886322498321533,0.0,20010505,0.49558112025260925,0.6903305846880622,0.40372318029403687,4,0,-0.12116148535694395,narrow_passage,-1.2299801111221313,-1.1703429222106934,64,5,3,-1.8964805603027344,0.07763457298278809
benchmark-protocol-v2-smoke,095ec5c7ced679ee38d9bbbfd5590c863c741e8d,4.514122486114502,0.0,20010505,0.7560640573501587,0.6895725124629536,0.4051564335823059,4,0,0.31654512882232666,narrow_passage,0.6994418501853943,0.6999306678771973,72,5,0,3.9761085510253906,0.0007125327829271555
benchmark-protocol-v2-smoke,095ec5c7ced679ee38d9bbbfd5590c863c741e8d,4.514122486114502,1.0,20010505,0.7560640573501587,0.6895725124629536,0.4051564335823059,4,1,0.3268055404935564,narrow_passage,0.28146979212760925,0.2816787362098694,72,5,2,-3.7870705127716064,0.0003045504854526371
benchmark-protocol-v2-smoke,095ec5c7ced679ee38d9bbbfd5590c863c741e8d,4.514122486114502,0.0,20010505,0.7560640573501587,0.6895725124629536,0.4051564335823059,4,0,-0.12103075534105301,narrow_passage,-1.001001238822937,-0.918687641620636,72,5,3,-1.9980881214141846,0.11998539417982101
benchmark-protocol-v2-smoke,095ec5c7ced679ee38d9bbbfd5590c863c741e8d,4.175401210784912,0.0,20010505,0.8978990316390991,0.641354289309362,0.503280520439148,4,0,0.3274864618267332,narrow_passage,0.695456862449646,0.6958125829696655,80,5,0,3.749166965484619,0.0006798605318181217
benchmark-protocol-v2-smoke,095ec5c7ced679ee38d9bbbfd5590c863c741e8d,4.175401210784912,1.0,20010505,0.8978990316390991,0.641354289309362,0.503280520439148,4,1,0.34760433648313793,narrow_passage,0.3004758954048157,0.30061498284339905,80,5,2,-3.6774306297302246,0.0002658035373315215
benchmark-protocol-v2-smoke,095ec5c7ced679ee38d9bbbfd5590c863c741e8d,4.175401210784912,0.0,20010505,0.8978990316390991,0.641354289309362,0.503280520439148,4,0,-0.12004536496741432,narrow_passage,-0.656705915927887,-0.5576384663581848,80,5,3,-1.7774903774261475,0.1893385648727417
benchmark-protocol-v2-smoke,095ec5c7ced679ee38d9bbbfd5590c863c741e8d,3.776061534881592,0.0,20010505,0.8677310347557068,0.5302221648088473,0.7974017262458801,4,0,0.3322025090456009,narrow_passage,0.6658849120140076,0.6662606000900269,88,5,0,3.640117645263672,0.0006564318900927901
benchmark-protocol-v2-smoke,095ec5c7ced679ee38d9bbbfd5590c863c741e8d,3.776061534881592,1.0,20010505,0.8677310347557068,0.5302221648088473,0.7974017262458801,4,1,0.3295492423432214,narrow_passage,0.3233243227005005,0.3234650194644928,88,5,2,-3.5582146644592285,0.0002458148228470236
benchmark-protocol-v2-smoke,095ec5c7ced679ee38d9bbbfd5590c863c741e8d,3.776061534881592,0.0,20010505,0.8677310347557068,0.5302221648088473,0.7974017262458801,4,0,-0.11873895355633327,narrow_passage,-0.7907495498657227,-0.6823835968971252,88,5,3,-1.7085180282592773,0.18934087455272675
benchmark-protocol-v2-smoke,095ec5c7ced679ee38d9bbbfd5590c863c741e8d,3.3585495948791504,0.0,20010505,0.8758837580680847,0.6434040148127101,0.4988100230693817,4,0,0.33192298242024015,narrow_passage,0.6957664489746094,0.6961376667022705,96,5,0,3.1911473274230957,0.0007932456792332232
benchmark-protocol-v2-smoke,095ec5c7ced679ee38d9bbbfd5590c863c741e8d,3.3585495948791504,1.0,20010505,0.8758837580680847,0.6434040148127101,0.4988100230693817,4,1,0.3498112963778632,narrow_passage,0.2621024549007416,0.2622521221637726,96,5,2,-3.1387858390808105,0.0003198124177288264
benchmark-protocol-v2-smoke,095ec5c7ced679ee38d9bbbfd5590c863c741e8d,3.3585495948791504,0.0,20010505,0.8758837580680847,0.6434040148127101,0.4988100230693817,4,0,-0.11848024066005435,narrow_passage,-0.5154767036437988,-0.43971115350723267,96,5,3,-1.5225279331207275,0.16189445555210114
benchmark-protocol-v2-smoke,095ec5c7ced679ee38d9bbbfd5590c863c741e8d,2.860659599304199,1.0,20010505,0.7852823138237,0.6175811723005696,0.5572983026504517,4,1,0.34647114149161745,narrow_passage,0.7321295142173767,0.7322990894317627,104,5,0,3.166571617126465,0.0006924590561538935
benchmark-protocol-v2-smoke,095ec5c7ced679ee38d9bbbfd5590c863c741e8d,2.860659599304199,1.0,20010505,0.7852823138237,0.6175811723005696,0.5572983026504517,4,1,0.3584846002714975,narrow_passage,0.29994142055511475,0.3000098466873169,104,5,2,-2.9214634895324707,0.00027947474154643714
benchmark-protocol-v2-smoke,095ec5c7ced679ee38d9bbbfd5590c863c741e8d,2.860659599304199,0.0,20010505,0.7852823138237,0.6175811723005696,0.5572983026504517,4,0,0.33314304266657147,narrow_passage,0.1278897076845169,0.1560998260974884,104,5,3,-1.5488300323486328,0.115211121737957
benchmark-protocol-v2-smoke,095ec5c7ced679ee38d9bbbfd5590c863c741e8d,2.278289318084717,1.0,20010505,0.6202541589736938,0.5680756413704457,0.6842960715293884,4,1,0.24350900948047638,narrow_passage,0.8613231182098389,0.8614729642868042,112,5,0,2.658267021179199,0.0006894069374538958
benchmark-protocol-v2-smoke,095ec5c7ced679ee38d9bbbfd5590c863c741e8d,2.278289318084717,0.0,20010505,0.6202541589736938,0.5680756413704457,0.6842960715293884,4,0,0.18628882510321482,narrow_passage,0.3422683775424957,0.342332661151886,112,5,2,-2.587439775466919,0.00029582230490632355
benchmark-protocol-v2-smoke,095ec5c7ced679ee38d9bbbfd5590c863c741e8d,2.278289318084717,1.0,20010505,0.6202541589736938,0.5680756413704457,0.6842960715293884,4,1,0.2330085528748376,narrow_passage,0.6896865367889404,0.704130232334137,112,5,3,-1.2875573635101318,0.06645423173904419
benchmark-protocol-v2-smoke,095ec5c7ced679ee38d9bbbfd5590c863c741e8d,9.234113693237305,0.0,20011100,1.66361403465271,0.5611066499966176,0.7039731740951538,4,0,0.2860987718616213,narrow_passage,0.9903355240821838,0.9903624057769775,0,11,0,1.561206579208374,0.00011619290307862684
benchmark-protocol-v2-smoke,095ec5c7ced679ee38d9bbbfd5590c863c741e8d,9.234113693237305,0.0,20011100,1.66361403465271,0.5611066499966176,0.7039731740951538,4,0,0.24348423523562296,narrow_passage,0.48397424817085266,0.4839770495891571,0,11,2,-3.0546836853027344,1.2151274859206751e-05
benchmark-protocol-v2-smoke,095ec5c7ced679ee38d9bbbfd5590c863c741e8d,9.234113693237305,0.0,20011100,1.66361403465271,0.5611066499966176,0.7039731740951538,4,0,-0.13868301787546702,narrow_passage,0.6506936550140381,0.9571382999420166,0,11,3,-0.3166070282459259,1.3249973058700562
benchmark-protocol-v2-smoke,095ec5c7ced679ee38d9bbbfd5590c863c741e8d,9.066380500793457,1.0,20011100,1.30401611328125,0.5960324475388523,0.6099848747253418,4,1,0.3173691928386688,narrow_passage,1.0538747310638428,1.0539393424987793,8,11,0,3.173823356628418,0.00015803304268047214
benchmark-protocol-v2-smoke,095ec5c7ced679ee38d9bbbfd5590c863c741e8d,9.066380500793457,0.0,20011100,1.30401611328125,0.5960324475388523,0.6099848747253418,4,0,0.26044664638383047,narrow_passage,0.356862872838974,0.35687264800071716,8,11,2,-4.162698745727539,2.3863889509811997e-05
benchmark-protocol-v2-smoke,095ec5c7ced679ee38d9bbbfd5590c863c741e8d,9.066380500793457,0.0,20011100,1.30401611328125,0.5960324475388523,0.6099848747253418,4,0,-0.12977290472814015,narrow_passage,-0.06045772135257721,0.08181872963905334,8,11,3,-1.3521192073822021,0.3477433919906616
benchmark-protocol-v2-smoke,095ec5c7ced679ee38d9bbbfd5590c863c741e8d,8.652767181396484,1.0,20011100,0.6399452686309814,0.6585857513920419,0.4665646255016327,4,1,0.37265752043042866,narrow_passage,1.103414535522461,1.1034806966781616,16,11,0,4.233379364013672,0.00019530551799107343
benchmark-protocol-v2-smoke,095ec5c7ced679ee38d9bbbfd5590c863c741e8d,8.652767181396484,0.0,20011100,0.6399452686309814,0.6585857513920419,0.4665646255016327,4,0,0.2662455567291805,narrow_passage,0.40313294529914856,0.40314409136772156,16,11,2,-4.955010414123535,3.293415284133516e-05
benchmark-protocol-v2-smoke,095ec5c7ced679ee38d9bbbfd5590c863c741e8d,8.652767181396484,0.0,20011100,0.6399452686309814,0.6585857513920419,0.4665646255016327,4,0,-0.12806122962917602,narrow_passage,0.3064824342727661,0.36900055408477783,16,11,3,-2.115626096725464,0.18470440804958344
benchmark-protocol-v2-smoke,095ec5c7ced679ee38d9bbbfd5590c863c741e8d,8.138421058654785,1.0,20011100,0.32807353138923645,0.6279203745090624,0.5333027243614197,4,1,0.36161087453365326,narrow_passage,1.094780683517456,1.0948612689971924,24,11,0,3.8800082206726074,0.00021688328706659377
benchmark-protocol-v2-smoke,095ec5c7ced679ee38d9bbbfd5590c863c741e8d,8.138421058654785,0.0,20011100,0.32807353138923645,0.6279203745090624,0.5333027243614197,4,0,0.2707110473087856,narrow_passage,0.5538364052772522,0.5538499355316162,24,11,2,-4.7442307472229,3.6446341255214065e-05
benchmark-protocol-v2-smoke,095ec5c7ced679ee38d9bbbfd5590c863c741e8d,8.138421058654785,0.0,20011100,0.32807353138923645,0.6279203745090624,0.5333027243614197,4,0,-0.12671945563384465,narrow_passage,0.11893338710069656,0.18997444212436676,24,11,3,-1.791933298110962,0.19108854234218597
benchmark-protocol-v2-smoke,095ec5c7ced679ee38d9bbbfd5590c863c741e8d,7.499002456665039,1.0,20011100,0.45146679878234863,0.5775252448477717,0.6583734154701233,4,1,0.3654978232724326,narrow_passage,1.0729278326034546,1.0730654001235962,32,11,0,4.384493350982666,0.0002654468989931047
benchmark-protocol-v2-smoke,095ec5c7ced679ee38d9bbbfd5590c863c741e8d,7.499002456665039,0.0,20011100,0.45146679878234863,0.5775252448477717,0.6583734154701233,4,0,0.2679461756987231,narrow_passage,0.5555863976478577,0.555612325668335,32,11,2,-5.2949090003967285,5.006546780350618e-05
benchmark-protocol-v2-smoke,095ec5c7ced679ee38d9bbbfd5590c863c741e8d,7.499002456665039,0.0,20011100,0.45146679878234863,0.5775252448477717,0.6583734154701233,4,0,-0.1253036909869739,narrow_passage,-0.2749685049057007,-0.1891287863254547,32,11,3,-1.9035495519638062,0.16569264233112335
benchmark-protocol-v2-smoke,095ec5c7ced679ee38d9bbbfd5590c863c741e8d,6.7670111656188965,1.0,20011100,0.4372996389865875,0.5417986188520807,0.7611337900161743,4,1,0.4020986088684627,narrow_passage,0.8895376324653625,0.8897451162338257,40,11,0,4.429300308227539,0.00040641234954819083
benchmark-protocol-v2-smoke,095ec5c7ced679ee38d9bbbfd5590c863c741e8d,6.7670111656188965,0.0,20011100,0.4372996389865875,0.5417986188520807,0.7611337900161743,4,0,0.26243884169629644,narrow_passage,0.276773601770401,0.27682313323020935,40,11,2,-5.160879611968994,9.704689000500366e-05
benchmark-protocol-v2-smoke,095ec5c7ced679ee38d9bbbfd5590c863c741e8d,6.7670111656188965,0.0,20011100,0.4372996389865875,0.5417986188520807,0.7611337900161743,4,0,-0.12416491657495499,narrow_passage,-0.4410855770111084,-0.3606301546096802,40,11,3,-2.002549886703491,0.15760238468647003
benchmark-protocol-v2-smoke,095ec5c7ced679ee38d9bbbfd5590c863c741e8d,6.122794151306152,0.0,20011100,0.337812602519989,0.6840007473634695,0.41578805446624756,4,0,0.31380506764565197,narrow_passage,0.7179310917854309,0.7183429002761841,48,11,0,4.098219871520996,0.0007165541755966842
benchmark-protocol-v2-smoke,095ec5c7ced679ee38d9bbbfd5590c863c741e8d,6.122794151306152,0.0,20011100,0.337812602519989,0.6840007473634695,0.41578805446624756,4,0,0.008848871769649642,narrow_passage,0.04977680742740631,0.04990026354789734,48,11,2,-4.636520862579346,0.00021480672876350582
benchmark-protocol-v2-smoke,095ec5c7ced679ee38d9bbbfd5590c863c741e8d,6.122794151306152,0.0,20011100,0.337812602519989,0.6840007473634695,0.41578805446624756,4,0,-0.12318153147186552,narrow_passage,-0.7784498929977417,-0.6888774037361145,48,11,3,-1.9557101726531982,0.15585018694400787
benchmark-protocol-v2-smoke,095ec5c7ced679ee38d9bbbfd5590c863c741e8d,5.565790176391602,0.0,20011100,0.3684820830821991,0.6818181695432485,0.42000001668930054,4,0,0.25751184459243504,narrow_passage,0.3538835048675537,0.3543858528137207,56,11,0,4.157681941986084,0.0009623275836929679
benchmark-protocol-v2-smoke,095ec5c7ced679ee38d9bbbfd5590c863c741e8d,5.565790176391602,0.0,20011100,0.3684820830821991,0.6818181695432485,0.42000001668930054,4,0,-0.03130095119455031,narrow_passage,-0.24127556383609772,-0.24110546708106995,56,11,2,-4.442806720733643,0.00032585556618869305
benchmark-protocol-v2-smoke,095ec5c7ced679ee38d9bbbfd5590c863c741e8d,5.565790176391602,0.0,20011100,0.3684820830821991,0.6818181695432485,0.42000001668930054,4,0,-0.18004686132605588,narrow_passage,-1.19792902469635,-0.9232907891273499,56,11,3,-2.000009059906006,0.5261174440383911
benchmark-protocol-v2-smoke,095ec5c7ced679ee38d9bbbfd5590c863c741e8d,5.33217716217041,0.0,20011100,0.5215285420417786,0.6912236020329262,0.4020388722419739,4,0,0.2717175071260759,narrow_passage,-0.06198469549417496,-0.0616225004196167,64,11,0,3.4830520153045654,0.0015143603086471558
benchmark-protocol-v2-smoke,095ec5c7ced679ee38d9bbbfd5590c863c741e8d,5.33217716217041,0.0,20011100,0.5215285420417786,0.6912236020329262,0.4020388722419739,4,0,-0.16778803004750184,narrow_passage,-0.6048367023468018,-0.6047114133834839,64,11,2,-3.739039897918701,0.0005237360601313412
benchmark-protocol-v2-smoke,095ec5c7ced679ee38d9bbbfd5590c863c741e8d,5.33217716217041,0.0,20011100,0.5215285420417786,0.6912236020329262,0.4020388722419739,4,0,-0.1419300983792969,narrow_passage,-0.8102514743804932,-0.523446798324585,64,11,3,-1.6607043743133545,1.199154257774353
benchmark-protocol-v2-smoke,095ec5c7ced679ee38d9bbbfd5590c863c741e8d,5.286196231842041,0.0,20011100,0.5488476753234863,0.6929727859270678,0.3987523019313812,4,0,0.0663035400211811,narrow_passage,0.062440402805805206,0.06292149424552917,72,11,0,3.143371105194092,0.0014461235841736197
benchmark-protocol-v2-smoke,095ec5c7ced679ee38d9bbbfd5590c863c741e8d,5.286196231842041,0.0,20011100,0.5488476753234863,0.6929727859270678,0.3987523019313812,4,0,-0.09098028005766017,narrow_passage,-0.4840170443058014,-0.48384585976600647,72,11,2,-3.309142589569092,0.0005146006005816162
benchmark-protocol-v2-smoke,095ec5c7ced679ee38d9bbbfd5590c863c741e8d,5.286196231842041,0.0,20011100,0.5488476753234863,0.6929727859270678,0.3987523019313812,4,0,-0.166213596239686,narrow_passage,-1.034680962562561,-0.7337331175804138,72,11,3,-1.4774343967437744,0.9046288728713989
benchmark-protocol-v2-smoke,095ec5c7ced679ee38d9bbbfd5590c863c741e8d,5.276487827301025,0.0,20011100,0.550473153591156,0.6915433498960604,0.40143683552742004,4,0,-0.10397484033767666,narrow_passage,-0.012719127349555492,-0.01227279007434845,80,11,0,3.323848247528076,0.0014392862794920802
benchmark-protocol-v2-smoke,095ec5c7ced679ee38d9bbbfd5590c863c741e8d,5.276487827301025,0.0,20011100,0.550473153591156,0.6915433498960604,0.40143683552742004,4,0,-0.075666838192514,narrow_passage,-0.5499576926231384,-0.5497939586639404,80,11,2,-3.462686777114868,0.0005279388278722763
benchmark-protocol-v2-smoke,095ec5c7ced679ee38d9bbbfd5590c863c741e8d,5.276487827301025,0.0,20011100,0.550473153591156,0.6915433498960604,0.40143683552742004,4,0,-0.16632181366107293,narrow_passage,-1.0459469556808472,-0.7458557486534119,80,11,3,-1.6361918449401855,0.9676930904388428
benchmark-protocol-v2-smoke,095ec5c7ced679ee38d9bbbfd5590c863c741e8d,5.268249988555908,0.0,20011100,0.5547950863838196,0.693131676544172,0.39845457673072815,4,0,-0.09844632313719817,narrow_passage,-0.022453585639595985,-0.02208229899406433,88,11,0,3.123915433883667,0.0014219391159713268
benchmark-protocol-v2-smoke,095ec5c7ced679ee38d9bbbfd5590c863c741e8d,5.268249988555908,0.0,20011100,0.5547950863838196,0.693131676544172,0.39845457673072815,4,0,-0.1367820565189634,narrow_passage,-0.6470419764518738,-0.6469072103500366,88,11,2,-3.3372128009796143,0.0005160741275176406
benchmark-protocol-v2-smoke,095ec5c7ced679ee38d9bbbfd5590c863c741e8d,5.268249988555908,0.0,20011100,0.5547950863838196,0.693131676544172,0.39845457673072815,4,0,-0.19392383484435932,narrow_passage,-0.6742306351661682,-0.4528335928916931,88,11,3,-1.525209903717041,0.8478991985321045
benchmark-protocol-v2-smoke,095ec5c7ced679ee38d9bbbfd5590c863c741e8d,5.267144203186035,0.0,20011100,0.5526233315467834,0.6919523786304165,0.4006675183773041,4,0,0.029553265843008245,narrow_passage,-0.005142356734722853,-0.0047638267278671265,96,11,0,3.0691375732421875,0.001398016232997179
benchmark-protocol-v2-smoke,095ec5c7ced679ee38d9bbbfd5590c863c741e8d,5.267144203186035,0.0,20011100,0.5526233315467834,0.6919523786304165,0.4006675183773041,4,0,-0.18428163057459251,narrow_passage,-0.6489545702934265,-0.6488170623779297,96,11,2,-3.344322681427002,0.0005079163238406181
benchmark-protocol-v2-smoke,095ec5c7ced679ee38d9bbbfd5590c863c741e8d,5.267144203186035,0.0,20011100,0.5526233315467834,0.6919523786304165,0.4006675183773041,4,0,-0.19332410195576294,narrow_passage,-0.6804372668266296,-0.463908851146698,96,11,3,-1.4853143692016602,0.7996993064880371
benchmark-protocol-v2-smoke,095ec5c7ced679ee38d9bbbfd5590c863c741e8d,5.270637512207031,0.0,20011100,0.5462865829467773,0.6901372117496264,0.40408849716186523,4,0,0.0019420616860900605,narrow_passage,0.031574688851833344,0.03200520575046539,104,11,0,3.2625489234924316,0.001316310721449554
benchmark-protocol-v2-smoke,095ec5c7ced679ee38d9bbbfd5590c863c741e8d,5.270637512207031,0.0,20011100,0.5462865829467773,0.6901372117496264,0.40408849716186523,4,0,-0.19748407389436448,narrow_passage,-0.6215144395828247,-0.6213562488555908,104,11,2,-3.3989412784576416,0.0004836296720895916
benchmark-protocol-v2-smoke,095ec5c7ced679ee38d9bbbfd5590c863c741e8d,5.270637512207031,0.0,20011100,0.5462865829467773,0.6901372117496264,0.40408849716186523,4,0,-0.18795879850430147,narrow_passage,-0.9223132729530334,-0.6961777806282043,104,11,3,-1.6523150205612183,0.6914132833480835
benchmark-protocol-v2-smoke,095ec5c7ced679ee38d9bbbfd5590c863c741e8d,5.2710981369018555,0.0,20011100,0.5447061061859131,0.6908190354544799,0.40280139446258545,4,0,0.0315690745732614,narrow_passage,-0.04163176566362381,-0.041274890303611755,112,11,0,2.9868359565734863,0.001372318947687745
benchmark-protocol-v2-smoke,095ec5c7ced679ee38d9bbbfd5590c863c741e8d,5.2710981369018555,0.0,20011100,0.5447061061859131,0.6908190354544799,0.40280139446258545,4,0,-0.08307033138615745,narrow_passage,-0.6542994976043701,-0.6541699171066284,112,11,2,-3.2107439041137695,0.0004982826067134738
benchmark-protocol-v2-smoke,095ec5c7ced679ee38d9bbbfd5590c863c741e8d,5.2710981369018555,0.0,20011100,0.5447061061859131,0.6908190354544799,0.40280139446258545,4,0,-0.20687906803297146,narrow_passage,-0.7239481806755066,-0.49803054332733154,112,11,3,-1.4431519508361816,0.8687386512756348
benchmark-protocol-v2-smoke,095ec5c7ced679ee38d9bbbfd5590c863c741e8d,9.205981254577637,0.0,20011101,1.7025370597839355,0.5566517676371444,0.7168097496032715,4,0,0.2862203334059034,narrow_passage,0.8031371235847473,0.8031634092330933,0,11,0,1.6788520812988281,0.00013307844346854836
benchmark-protocol-v2-smoke,095ec5c7ced679ee38d9bbbfd5590c863c741e8d,9.205981254577637,0.0,20011101,1.7025370597839355,0.5566517676371444,0.7168097496032715,4,0,0.24355980966772353,narrow_passage,0.3863086402416229,0.38631150126457214,0,11,2,-3.1872754096984863,1.4556725545844529e-05
benchmark-protocol-v2-smoke,095ec5c7ced679ee38d9bbbfd5590c863c741e8d,9.205981254577637,0.0,20011101,1.7025370597839355,0.5566517676371444,0.7168097496032715,4,0,-0.13864665159157344,narrow_passage,0.12982267141342163,0.3829564154148102,0,11,3,-0.3428494334220886,1.2829797267913818
benchmark-protocol-v2-smoke,095ec5c7ced679ee38d9bbbfd5590c863c741e8d,9.039878845214844,1.0,20011101,1.334892749786377,0.5924495970840268,0.6191165447235107,4,1,0.3150179982185364,narrow_passage,0.9368699193000793,0.9369643926620483,8,11,0,3.108994960784912,0.00019016052829101682
benchmark-protocol-v2-smoke,095ec5c7ced679ee38d9bbbfd5590c863c741e8d,9.039878845214844,0.0,20011101,1.334892749786377,0.5924495970840268,0.6191165447235107,4,0,0.26050495888505665,narrow_passage,0.2714383900165558,0.2714533507823944,8,11,2,-4.094061851501465,3.0107510610832833e-05
benchmark-protocol-v2-smoke,095ec5c7ced679ee38d9bbbfd5590c863c741e8d,9.039878845214844,0.0,20011101,1.334892749786377,0.5924495970840268,0.6191165447235107,4,0,-0.1297341702239854,narrow_passage,-0.44435936212539673,-0.277729332447052,8,11,3,-1.333672046661377,0.33550524711608887
benchmark-protocol-v2-smoke,095ec5c7ced679ee38d9bbbfd5590c863c741e8d,8.628351211547852,1.0,20011101,0.6578553318977356,0.6707062689173149,0.4418690800666809,4,1,0.37035615742206573,narrow_passage,1.0169339179992676,1.017041802406311,16,11,0,4.274636268615723,0.00023450690787285566
benchmark-protocol-v2-smoke,095ec5c7ced679ee38d9bbbfd5590c863c741e8d,8.628351211547852,0.0,20011101,0.6578553318977356,0.6707062689173149,0.4418690800666809,4,0,0.2657065199954169,narrow_passage,0.34139108657836914,0.3414112627506256,16,11,2,-5.035599231719971,4.387782246340066e-05
benchmark-protocol-v2-smoke,095ec5c7ced679ee38d9bbbfd5590c863c741e8d,8.628351211547852,0.0,20011101,0.6578553318977356,0.6707062689173149,0.4418690800666809,4,0,-0.1280594372323581,narrow_passage,-0.18204636871814728,-0.10205164551734924,16,11,3,-2.1412370204925537,0.17385108768939972
benchmark-protocol-v2-smoke,095ec5c7ced679ee38d9bbbfd5590c863c741e8d,8.113014221191406,1.0,20011101,0.3272673189640045,0.6120037256321346,0.5705792903900146,4,1,0.3489721268415451,narrow_passage,1.0241109132766724,1.024285078048706,24,11,0,4.207455635070801,0.0002751676656771451
benchmark-protocol-v2-smoke,095ec5c7ced679ee38d9bbbfd5590c863c741e8d,8.113014221191406,0.0,20011101,0.3272673189640045,0.6120037256321346,0.5705792903900146,4,0,0.27010317146778107,narrow_passage,0.5478214621543884,0.5478541851043701,24,11,2,-5.056835174560547,5.166684786672704e-05
benchmark-protocol-v2-smoke,095ec5c7ced679ee38d9bbbfd5590c863c741e8d,8.113014221191406,0.0,20011101,0.3272673189640045,0.6120037256321346,0.5705792903900146,4,0,-0.12666837658200944,narrow_passage,-0.5980969667434692,-0.491976797580719,24,11,3,-1.941267728805542,0.16762124001979828
benchmark-protocol-v2-smoke,095ec5c7ced679ee38d9bbbfd5590c863c741e8d,7.494379043579102,1.0,20011101,0.4813108444213867,0.596587454540066,0.6085801720619202,4,1,0.3247014305421284,narrow_passage,0.9063413143157959,0.9065494537353516,32,11,0,4.378896713256836,0.00035671197110787034
benchmark-protocol-v2-smoke,095ec5c7ced679ee38d9bbbfd5590c863c741e8d,7.494379043579102,0.0,20011101,0.4813108444213867,0.596587454540066,0.6085801720619202,4,0,0.2762052225215094,narrow_passage,0.45242950320243835,0.4524710476398468,32,11,2,-5.22585391998291,7.122526585590094e-05
benchmark-protocol-v2-smoke,095ec5c7ced679ee38d9bbbfd5590c863c741e8d,7.494379043579102,0.0,20011101,0.4813108444213867,0.596587454540066,0.6085801720619202,4,0,-0.125430951161044,narrow_passage,-0.6082093715667725,-0.49406594038009644,32,11,3,-2.005358934402466,0.19563156366348267
benchmark-protocol-v2-smoke,095ec5c7ced679ee38d9bbbfd5590c863c741e8d,6.855411529541016,1.0,20011101,0.5208908319473267,0.6179410311777593,0.5564496517181396,4,1,0.3368741550615856,narrow_passage,0.8217208385467529,0.8220058679580688,40,11,0,4.288211345672607,0.000466538971522823
benchmark-protocol-v2-smoke,095ec5c7ced679ee38d9bbbfd5590c863c741e8d,6.855411529541016,0.0,20011101,0.5208908319473267,0.6179410311777593,0.5564496517181396,4,0,0.2810883947781154,narrow_passage,0.29612863063812256,0.2961988151073456,40,11,2,-4.941912651062012,0.00011486820585560054
benchmark-protocol-v2-smoke,095ec5c7ced679ee38d9bbbfd5590c863c741e8d,6.855411529541016,0.0,20011101,0.5208908319473267,0.6179410311777593,0.5564496517181396,4,0,-0.12430161024842944,narrow_passage,-0.7818288803100586,-0.6543003916740417,40,11,3,-2.002307891845703,0.20873607695102692
benchmark-protocol-v2-smoke,095ec5c7ced679ee38d9bbbfd5590c863c741e8d,6.209379196166992,1.0,20011101,0.4715818166732788,0.6162615845637462,0.5604187846183777,4,1,0.32327843776771,narrow_passage,0.6634929776191711,0.664007306098938,48,11,0,4.150364398956299,0.0007008718093857169
benchmark-protocol-v2-smoke,095ec5c7ced679ee38d9bbbfd5590c863c741e8d,6.209379196166992,0.0,20011101,0.4715818166732788,0.6162615845637462,0.5604187846183777,4,0,0.2834555038384029,narrow_passage,0.14369241893291473,0.14385010302066803,48,11,2,-4.648964881896973,0.0002148880739696324
benchmark-protocol-v2-smoke,095ec5c7ced679ee38d9bbbfd5590c863c741e8d,6.209379196166992,0.0,20011101,0.4715818166732788,0.6162615845637462,0.5604187846183777,4,0,-0.12324705613510949,narrow_passage,-1.2073860168457031,-1.086134910583496,48,11,3,-1.8737242221832275,0.165232852101326
benchmark-protocol-v2-smoke,095ec5c7ced679ee38d9bbbfd5590c863c741e8d,5.617251873016357,0.0,20011101,0.5633987188339233,0.5995568462728592,0.601108729839325,4,0,0.31249591069562094,narrow_passage,0.5614848732948303,0.5621398687362671,56,11,0,4.000332832336426,0.0009954394772648811
benchmark-protocol-v2-smoke,095ec5c7ced679ee38d9bbbfd5590c863c741e8d,5.617251873016357,0.0,20011101,0.5633987188339233,0.5995568462728592,0.601108729839325,4,0,0.28527037160737173,narrow_passage,0.029576808214187622,0.02980184555053711,56,11,2,-4.400660037994385,0.00034201890230178833
benchmark-protocol-v2-smoke,095ec5c7ced679ee38d9bbbfd5590c863c741e8d,5.617251873016357,0.0,20011101,0.5633987188339233,0.5995568462728592,0.601108729839325,4,0,-0.12243927802358355,narrow_passage,-1.187678337097168,-1.0214581489562988,56,11,3,-1.8005855083465576,0.2526260018348694
benchmark-protocol-v2-smoke,095ec5c7ced679ee38d9bbbfd5590c863c741e8d,5.1184563636779785,0.0,20011101,0.7341659069061279,0.644138230157083,0.4972156286239624,4,0,0.3142541434083666,narrow_passage,0.5136628150939941,0.514438271522522,64,11,0,3.2376933097839355,0.001369990292005241
benchmark-protocol-v2-smoke,095ec5c7ced679ee38d9bbbfd5590c863c741e8d,5.1184563636779785,0.0,20011101,0.7341659069061279,0.644138230157083,0.4972156286239624,4,0,0.28708487110478537,narrow_passage,-0.060164470225572586,-0.059863753616809845,64,11,2,-3.567504405975342,0.0005312914727255702
benchmark-protocol-v2-smoke,095ec5c7ced679ee38d9bbbfd5590c863c741e8d,5.1184563636779785,0.0,20011101,0.7341659069061279,0.644138230157083,0.4972156286239624,4,0,-0.12172113571848188,narrow_passage,-0.9975469708442688,-0.8655441403388977,64,11,3,-1.3965599536895752,0.23321689665317535
benchmark-protocol-v2-smoke,095ec5c7ced679ee38d9bbbfd5590c863c741e8d,4.66434383392334,0.0,20011101,0.7530103921890259,0.6741321292665828,0.4350498616695404,4,0,0.3151227171931948,narrow_passage,0.3670544922351837,0.3677883446216583,72,11,0,3.1370930671691895,0.0015068022767081857
benchmark-protocol-v2-smoke,095ec5c7ced679ee38d9bbbfd5590c863c741e8d,4.66434383392334,0.0,20011101,0.7530103921890259,0.6741321292665828,0.4350498616695404,4,0,0.2900393328496388,narrow_passage,-0.23552259802818298,-0.23521877825260162,72,11,2,-3.3014726638793945,0.0006238267524167895
benchmark-protocol-v2-smoke,095ec5c7ced679ee38d9bbbfd5590c863c741e8d,4.66434383392334,0.0,20011101,0.7530103921890259,0.6741321292665828,0.4350498616695404,4,0,-0.12103859441620964,narrow_passage,-0.9535069465637207,-0.8251431584358215,72,11,3,-1.5195409059524536,0.26356881856918335
benchmark-protocol-v2-smoke,095ec5c7ced679ee38d9bbbfd5590c863c741e8d,4.291560173034668,0.0,20011101,0.8254086375236511,0.6755071001020722,0.43233242630958557,4,0,0.3186812677553722,narrow_passage,0.42509108781814575,0.42585864663124084,80,11,0,3.246237277984619,0.0015289754373952746
benchmark-protocol-v2-smoke,095ec5c7ced679ee38d9bbbfd5590c863c741e8d,4.291560173034668,0.0,20011101,0.8254086375236511,0.6755071001020722,0.43233242630958557,4,0,0.2911071181297302,narrow_passage,-0.12102679908275604,-0.12068438529968262,80,11,2,-3.2164978981018066,0.000682090234477073
benchmark-protocol-v2-smoke,095ec5c7ced679ee38d9bbbfd5590c863c741e8d,4.291560173034668,0.0,20011101,0.8254086375236511,0.6755071001020722,0.43233242630958557,4,0,-0.12041067119155612,narrow_passage,-0.9241009950637817,-0.8013548254966736,80,11,3,-1.6518107652664185,0.2445121854543686
benchmark-protocol-v2-smoke,095ec5c7ced679ee38d9bbbfd5590c863c741e8d,3.9770169258117676,0.0,20011101,0.9827584624290466,0.6773389278382373,0.42872917652130127,4,0,0.32667688599654604,narrow_passage,0.48489394783973694,0.48554059863090515,88,11,0,3.238914966583252,0.001322319032624364
benchmark-protocol-v2-smoke,095ec5c7ced679ee38d9bbbfd5590c863c741e8d,3.9770169258117676,0.0,20011101,0.9827584624290466,0.6773389278382373,0.42872917652130127,4,0,0.2984791270324162,narrow_passage,-0.06299011409282684,-0.06271278113126755,88,11,2,-3.2480273246765137,0.0005671053659170866
benchmark-protocol-v2-smoke,095ec5c7ced679ee38d9bbbfd5590c863c741e8d,3.9770169258117676,0.0,20011101,0.9827584624290466,0.6773389278382373,0.42872917652130127,4,0,-0.1191782004066876,narrow_passage,-0.8605223298072815,-0.71095210313797,88,11,3,-1.5761467218399048,0.305848091840744
benchmark-protocol-v2-smoke,095ec5c7ced679ee38d9bbbfd5590c863c741e8d,3.6531624794006348,0.0,20011101,1.0680019855499268,0.6733305911739275,0.43663910031318665,4,0,0.3293351147856031,narrow_passage,0.42574796080589294,0.42636582255363464,96,11,0,3.1071956157684326,0.0013547978596761823
benchmark-protocol-v2-smoke,095ec5c7ced679ee38d9bbbfd5590c863c741e8d,3.6531624794006348,0.0,20011101,1.0680019855499268,0.6733305911739275,0.43663910031318665,4,0,0.3055829576083592,narrow_passage,-0.052463360130786896,-0.05220166593790054,96,11,2,-3.108200788497925,0.0005738186882808805
benchmark-protocol-v2-smoke,095ec5c7ced679ee38d9bbbfd5590c863c741e8d,3.6531624794006348,0.0,20011101,1.0680019855499268,0.6733305911739275,0.43663910031318665,4,0,-0.11860235567603793,narrow_passage,-0.8353650569915771,-0.6870920062065125,96,11,3,-1.4888381958007812,0.325118750333786
benchmark-protocol-v2-smoke,095ec5c7ced679ee38d9bbbfd5590c863c741e8d,3.3135013580322266,0.0,20011101,1.0643035173416138,0.674844305902733,0.4336409568786621,4,0,0.329055409346308,narrow_passage,0.47823572158813477,0.4787627160549164,104,11,0,3.352677822113037,0.0012718376237899065
benchmark-protocol-v2-smoke,095ec5c7ced679ee38d9bbbfd5590c863c741e8d,3.3135013580322266,0.0,20011101,1.0643035173416138,0.674844305902733,0.4336409568786621,4,0,0.3033264172928674,narrow_passage,-0.018808363005518913,-0.018584251403808594,104,11,2,-3.284386157989502,0.0005408753058873117
benchmark-protocol-v2-smoke,095ec5c7ced679ee38d9bbbfd5590c863c741e8d,3.3135013580322266,0.0,20011101,1.0643035173416138,0.674844305902733,0.4336409568786621,4,0,-0.11802375529493604,narrow_passage,-0.674957275390625,-0.53611820936203,104,11,3,-1.6165266036987305,0.33507612347602844
benchmark-protocol-v2-smoke,095ec5c7ced679ee38d9bbbfd5590c863c741e8d,2.9894301891326904,0.0,20011101,1.1123312711715698,0.6742238916662162,0.4348681569099426,4,0,0.20169619151524135,narrow_passage,0.6087020635604858,0.6092993021011353,112,11,0,3.419156789779663,0.0013919526245445013
benchmark-protocol-v2-smoke,095ec5c7ced679ee38d9bbbfd5590c863c741e8d,2.9894301891326904,0.0,20011101,1.1123312711715698,0.6742238916662162,0.4348681569099426,4,0,0.17747823681150163,narrow_passage,0.11081051826477051,0.11108750104904175,112,11,2,-3.192309856414795,0.0006455505499616265
benchmark-protocol-v2-smoke,095ec5c7ced679ee38d9bbbfd5590c863c741e8d,2.9894301891326904,0.0,20011101,1.1123312711715698,0.6742238916662162,0.4348681569099426,4,0,-0.1182715892791748,narrow_passage,-0.5323166251182556,-0.4412170648574829,112,11,3,-1.7154133319854736,0.21232309937477112
benchmark-protocol-v2-smoke,095ec5c7ced679ee38d9bbbfd5590c863c741e8d,9.21866512298584,0.0,20011102,1.6950017213821411,0.5527157228386473,0.7283235192298889,4,0,0.28606152534484863,narrow_passage,0.9465299844741821,0.9465632438659668,0,11,0,2.0637879371643066,0.00011209268268430606
benchmark-protocol-v2-smoke,095ec5c7ced679ee38d9bbbfd5590c863c741e8d,9.21866512298584,0.0,20011102,1.6950017213821411,0.5527157228386473,0.7283235192298889,4,0,0.2256838120520115,narrow_passage,0.4537866711616516,0.4537908732891083,0,11,2,-3.4544286727905273,1.4164800631988328e-05
benchmark-protocol-v2-smoke,095ec5c7ced679ee38d9bbbfd5590c863c741e8d,9.21866512298584,0.0,20011102,1.6950017213821411,0.5527157228386473,0.7283235192298889,4,0,-0.13865951874426433,narrow_passage,0.025807112455368042,0.23742130398750305,0,11,3,-0.6218929886817932,0.7131160497665405
benchmark-protocol-v2-smoke,095ec5c7ced679ee38d9bbbfd5590c863c741e8d,9.056876182556152,1.0,20011102,1.3318698406219482,0.5970926005517377,0.6073039174079895,4,1,0.317074647971562,narrow_passage,0.9530552625656128,0.9531280994415283,8,11,0,3.175264596939087,0.00015616300515830517
benchmark-protocol-v2-smoke,095ec5c7ced679ee38d9bbbfd5590c863c741e8d,9.056876182556152,0.0,20011102,1.3318698406219482,0.5970926005517377,0.6073039174079895,4,0,0.2602682965142386,narrow_passage,0.25136271119117737,0.25137558579444885,8,11,2,-4.201974868774414,2.763358861557208e-05
benchmark-protocol-v2-smoke,095ec5c7ced679ee38d9bbbfd5590c863c741e8d,9.056876182556152,0.0,20011102,1.3318698406219482,0.5970926005517377,0.6073039174079895,4,0,-0.12977238212312972,narrow_passage,-0.25834548473358154,-0.178470641374588,8,11,3,-1.4198297262191772,0.17125912010669708
benchmark-protocol-v2-smoke,095ec5c7ced679ee38d9bbbfd5590c863c741e8d,8.651752471923828,1.0,20011102,0.658917248249054,0.6535243651658238,0.4771483540534973,4,1,0.3777798754828317,narrow_passage,1.0691430568695068,1.0692391395568848,16,11,0,4.5309953689575195,0.00020861407392658293
benchmark-protocol-v2-smoke,095ec5c7ced679ee38d9bbbfd5590c863c741e8d,8.651752471923828,0.0,20011102,0.658917248249054,0.6535243651658238,0.4771483540534973,4,0,0.230548018855708,narrow_passage,0.3857652246952057,0.3857855796813965,16,11,2,-5.113855361938477,4.420664845383726e-05
benchmark-protocol-v2-smoke,095ec5c7ced679ee38d9bbbfd5590c863c741e8d,8.651752471923828,0.0,20011102,0.658917248249054,0.6535243651658238,0.4771483540534973,4,0,-0.12806966368641173,narrow_passage,-0.08535997569561005,-0.04945594072341919,16,11,3,-2.410543441772461,0.07797811180353165
benchmark-protocol-v2-smoke,095ec5c7ced679ee38d9bbbfd5590c863c741e8d,8.150135040283203,1.0,20011102,0.3117578327655792,0.595542245823185,0.611227810382843,4,1,0.36447329606328693,narrow_passage,1.042634129524231,1.0427634716033936,24,11,0,4.377079963684082,0.0002394711336819455
benchmark-protocol-v2-smoke,095ec5c7ced679ee38d9bbbfd5590c863c741e8d,8.150135040283203,0.0,20011102,0.3117578327655792,0.595542245823185,0.611227810382843,4,0,0.2693375902516501,narrow_passage,0.5137531161308289,0.5137801170349121,24,11,2,-5.002781391143799,5.0000053306575865e-05
benchmark-protocol-v2-smoke,095ec5c7ced679ee38d9bbbfd5590c863c741e8d,8.150135040283203,0.0,20011102,0.3117578327655792,0.595542245823185,0.611227810382843,4,0,-0.12687967930521285,narrow_passage,-0.3197380006313324,-0.27240461111068726,24,11,3,-2.184394121170044,0.08760141581296921
benchmark-protocol-v2-smoke,095ec5c7ced679ee38d9bbbfd5590c863c741e8d,7.57431697845459,1.0,20011102,0.44050124287605286,0.5837805360651285,0.6416752338409424,4,1,0.34762487028326305,narrow_passage,0.9781603217124939,0.9783453941345215,32,11,0,4.788857460021973,0.00030558317666873336
benchmark-protocol-v2-smoke,095ec5c7ced679ee38d9bbbfd5590c863c741e8d,7.57431697845459,0.0,20011102,0.44050124287605286,0.5837805360651285,0.6416752338409424,4,0,0.2754740097693035,narrow_passage,0.4060477018356323,0.40609169006347656,32,11,2,-5.413449287414551,7.26446887711063e-05
benchmark-protocol-v2-smoke,095ec5c7ced679ee38d9bbbfd5590c863c741e8d,7.57431697845459,0.0,20011102,0.44050124287605286,0.5837805360651285,0.6416752338409424,4,0,-0.12552937226636068,narrow_passage,-0.549032986164093,-0.49307912588119507,32,11,3,-2.328449249267578,0.092389777302742
benchmark-protocol-v2-smoke,095ec5c7ced679ee38d9bbbfd5590c863c741e8d,6.89456033706665,1.0,20011102,0.4704555571079254,0.5489739594006113,0.7394220232963562,4,1,0.36047081436429707,narrow_passage,0.7843765616416931,0.7846969366073608,40,11,0,4.49376106262207,0.0005104399751871824
benchmark-protocol-v2-smoke,095ec5c7ced679ee38d9bbbfd5590c863c741e8d,6.89456033706665,0.0,20011102,0.4704555571079254,0.5489739594006113,0.7394220232963562,4,0,0.28037928470543455,narrow_passage,0.1560070663690567,0.15610280632972717,40,11,2,-5.010983467102051,0.00015254270692821592
benchmark-protocol-v2-smoke,095ec5c7ced679ee38d9bbbfd5590c863c741e8d,6.89456033706665,0.0,20011102,0.4704555571079254,0.5489739594006113,0.7394220232963562,4,0,-0.12435223375047956,narrow_passage,-0.8026819229125977,-0.7445353865623474,40,11,3,-2.2161989212036133,0.09265044331550598
benchmark-protocol-v2-smoke,095ec5c7ced679ee38d9bbbfd5590c863c741e8d,6.243966102600098,1.0,20011102,0.4279017746448517,0.6850088343752592,0.41385167837142944,4,1,0.3396752710853304,narrow_passage,0.7299386858940125,0.730414867401123,48,11,0,4.317711353302002,0.0008169339853338897
benchmark-protocol-v2-smoke,095ec5c7ced679ee38d9bbbfd5590c863c741e8d,6.243966102600098,0.0,20011102,0.4279017746448517,0.6850088343752592,0.41385167837142944,4,0,0.2818406181676047,narrow_passage,-0.018527492880821228,-0.01833915337920189,48,11,2,-4.437688827514648,0.0003231019072700292
benchmark-protocol-v2-smoke,095ec5c7ced679ee38d9bbbfd5590c863c741e8d,6.243966102600098,0.0,20011102,0.4279017746448517,0.6850088343752592,0.41385167837142944,4,0,-0.12340864113398961,narrow_passage,-0.7343864440917969,-0.6968390345573425,48,11,3,-2.312546730041504,0.06441383808851242
benchmark-protocol-v2-smoke,095ec5c7ced679ee38d9bbbfd5590c863c741e8d,5.6969380378723145,0.75,20011102,0.4901461899280548,0.688163509915142,0.4078287184238434,4,1,0.05909729043820074,narrow_passage,0.5775342583656311,0.5780448913574219,56,11,0,4.163810729980469,0.0009409611229784787
benchmark-protocol-v2-smoke,095ec5c7ced679ee38d9bbbfd5590c863c741e8d,5.6969380378723145,0.0,20011102,0.4901461899280548,0.688163509915142,0.4078287184238434,4,0,0.2833255593265806,narrow_passage,-0.12163221836090088,-0.12141716480255127,56,11,2,-4.030102252960205,0.0003962803748436272
benchmark-protocol-v2-smoke,095ec5c7ced679ee38d9bbbfd5590c863c741e8d,5.6969380378723145,0.0,20011102,0.4901461899280548,0.688163509915142,0.4078287184238434,4,0,-0.12274655380419322,narrow_passage,-0.8131133317947388,-0.750602662563324,56,11,3,-2.3213980197906494,0.1151907816529274
benchmark-protocol-v2-smoke,095ec5c7ced679ee38d9bbbfd5590c863c741e8d,5.266101360321045,0.0,20011102,0.6424986720085144,0.6933799364049725,0.3979896903038025,4,0,0.3115318162100656,narrow_passage,0.4297676682472229,0.43035629391670227,64,11,0,3.6472229957580566,0.0010907883988693357
benchmark-protocol-v2-smoke,095ec5c7ced679ee38d9bbbfd5590c863c741e8d,5.266101360321045,0.0,20011102,0.6424986720085144,0.6933799364049725,0.3979896903038025,4,0,0.28490886092185974,narrow_passage,-0.2109237164258957,-0.2106633335351944,64,11,2,-3.7639803886413574,0.0004825306823477149
benchmark-protocol-v2-smoke,095ec5c7ced679ee38d9bbbfd5590c863c741e8d,5.266101360321045,0.0,20011102,0.6424986720085144,0.6933799364049725,0.3979896903038025,4,0,-0.12226375937461853,narrow_passage,-0.971350908279419,-0.8912562727928162,64,11,3,-1.8663690090179443,0.14842602610588074
benchmark-protocol-v2-smoke,095ec5c7ced679ee38d9bbbfd5590c863c741e8d,4.91147518157959,0.0,20011102,0.7260252833366394,0.6895653031851264,0.4051700830459595,4,0,0.3154104607445853,narrow_passage,0.4658726751804352,0.46648016571998596,72,11,0,3.8577349185943604,0.0010788652580231428
benchmark-protocol-v2-smoke,095ec5c7ced679ee38d9bbbfd5590c863c741e8d,4.91147518157959,0.0,20011102,0.7260252833366394,0.6895653031851264,0.4051700830459595,4,0,0.2908042349985668,narrow_passage,-0.1586993932723999,-0.1584106832742691,72,11,2,-3.7427871227264404,0.0005127243348397315
benchmark-protocol-v2-smoke,095ec5c7ced679ee38d9bbbfd5590c863c741e8d,4.91147518157959,0.0,20011102,0.7260252833366394,0.6895653031851264,0.4051700830459595,4,0,-0.14060962652521475,narrow_passage,-0.9671063423156738,-0.9108052849769592,72,11,3,-2.06064510345459,0.0999881848692894
benchmark-protocol-v2-smoke,095ec5c7ced679ee38d9bbbfd5590c863c741e8d,4.540125370025635,0.0,20011102,0.7499392628669739,0.6910353939846312,0.40239349007606506,4,0,0.059813283782984526,narrow_passage,0.5410195589065552,0.5414764881134033,80,11,0,3.4011406898498535,0.0009547813097015023
benchmark-protocol-v2-smoke,095ec5c7ced679ee38d9bbbfd5590c863c741e8d,4.540125370025635,0.0,20011102,0.7499392628669739,0.6910353939846312,0.40239349007606506,4,0,0.29164314695766996,narrow_passage,-0.01642039231956005,-0.016209766268730164,80,11,2,-3.2354817390441895,0.0004401039332151413
benchmark-protocol-v2-smoke,095ec5c7ced679ee38d9bbbfd5590c863c741e8d,4.540125370025635,0.0,20011102,0.7499392628669739,0.6910353939846312,0.40239349007606506,4,0,-0.12097006504024778,narrow_passage,-0.6882855892181396,-0.6303575038909912,80,11,3,-1.813833236694336,0.1210404708981514
benchmark-protocol-v2-smoke,095ec5c7ced679ee38d9bbbfd5590c863c741e8d,4.258657455444336,0.0,20011102,0.856647789478302,0.6988362183412123,0.3878554105758667,4,0,0.3151132400546755,narrow_passage,0.5996218323707581,0.6001543998718262,88,11,0,3.423123359680176,0.0010176629293709993
benchmark-protocol-v2-smoke,095ec5c7ced679ee38d9bbbfd5590c863c741e8d,4.258657455444336,0.0,20011102,0.856647789478302,0.6988362183412123,0.3878554105758667,4,0,0.2914233037403652,narrow_passage,-0.006335638929158449,-0.006079547107219696,88,11,2,-3.2444279193878174,0.0004893648438155651
benchmark-protocol-v2-smoke,095ec5c7ced679ee38d9bbbfd5590c863c741e8d,4.258657455444336,0.0,20011102,0.856647789478302,0.6988362183412123,0.3878554105758667,4,0,-0.12068207349096026,narrow_passage,-0.7422612309455872,-0.6810837388038635,88,11,3,-1.857747197151184,0.1169038861989975
benchmark-protocol-v2-smoke,095ec5c7ced679ee38d9bbbfd5590c863c741e8d,4.004776477813721,0.0,20011102,0.9699507355690002,0.687883552795678,0.4083609879016876,4,0,0.12940122253660644,narrow_passage,0.5724666714668274,0.5729844570159912,96,11,0,3.5417113304138184,0.0009122039773501456
benchmark-protocol-v2-smoke,095ec5c7ced679ee38d9bbbfd5590c863c741e8d,4.004776477813721,0.0,20011102,0.9699507355690002,0.687883552795678,0.4083609879016876,4,0,0.2960292377642223,narrow_passage,0.010552428662776947,0.010797835886478424,96,11,2,-3.1995952129364014,0.00043234092299826443
benchmark-protocol-v2-smoke,095ec5c7ced679ee38d9bbbfd5590c863c741e8d,4.004776477813721,0.0,20011102,0.9699507355690002,0.687883552795678,0.4083609879016876,4,0,-0.1201097017952374,narrow_passage,-0.8733927607536316,-0.8094044327735901,96,11,3,-1.9664244651794434,0.11272992938756943
benchmark-protocol-v2-smoke,095ec5c7ced679ee38d9bbbfd5590c863c741e8d,3.793748140335083,0.0,20011102,1.0806047916412354,0.6905607644256142,0.40328866243362427,4,0,0.060952424736959596,narrow_passage,0.6800418496131897,0.6805014610290527,104,11,0,3.607581377029419,0.0008279015310108662
benchmark-protocol-v2-smoke,095ec5c7ced679ee38d9bbbfd5590c863c741e8d,3.793748140335083,0.0,20011102,1.0806047916412354,0.6905607644256142,0.40328866243362427,4,0,0.2968826102358954,narrow_passage,0.11072272062301636,0.11095154285430908,104,11,2,-3.1456708908081055,0.000412178662372753
benchmark-protocol-v2-smoke,095ec5c7ced679ee38d9bbbfd5590c863c741e8d,3.793748140335083,0.0,20011102,1.0806047916412354,0.6905607644256142,0.40328866243362427,4,0,-0.1196555569767952,narrow_passage,-0.7200435996055603,-0.6736558079719543,104,11,3,-2.0303263664245605,0.08355884253978729
benchmark-protocol-v2-smoke,095ec5c7ced679ee38d9bbbfd5590c863c741e8d,3.6232128143310547,0.0,20011102,1.1538203954696655,0.6869632064287426,0.4101138412952423,4,0,0.15070767354752337,narrow_passage,0.5415850281715393,0.5420011281967163,112,11,0,3.2870755195617676,0.0008337937761098146
benchmark-protocol-v2-smoke,095ec5c7ced679ee38d9bbbfd5590c863c741e8d,3.6232128143310547,0.0,20011102,1.1538203954696655,0.6869632064287426,0.4101138412952423,4,0,0.17434787111622946,narrow_passage,0.0007845416548661888,0.0009818077087402344,112,11,2,-3.0496933460235596,0.00039527015178464353
benchmark-protocol-v2-smoke,095ec5c7ced679ee38d9bbbfd5590c863c741e8d,3.6232128143310547,0.0,20011102,1.1538203954696655,0.6869632064287426,0.4101138412952423,4,0,-0.11965649787868772,narrow_passage,-0.7450973987579346,-0.6778641939163208,112,11,3,-1.7426502704620361,0.13471795618534088
benchmark-protocol-v2-smoke,095ec5c7ced679ee38d9bbbfd5590c863c741e8d,9.244522094726562,0.0,20011103,1.6985712051391602,0.5445474930218045,0.752748429775238,4,0,0.28599884893213,narrow_passage,0.9696426391601562,0.9696688652038574,0,11,0,1.8425673246383667,0.00011267719673924148
benchmark-protocol-v2-smoke,095ec5c7ced679ee38d9bbbfd5590c863c741e8d,9.244522094726562,0.0,20011103,1.6985712051391602,0.5445474930218045,0.752748429775238,4,0,0.2434378628219877,narrow_passage,0.46364110708236694,0.46364423632621765,0,11,2,-3.2396373748779297,1.3392078471952118e-05
benchmark-protocol-v2-smoke,095ec5c7ced679ee38d9bbbfd5590c863c741e8d,9.244522094726562,0.0,20011103,1.6985712051391602,0.5445474930218045,0.752748429775238,4,0,-0.1387059592774936,narrow_passage,0.2935337424278259,0.4894998073577881,0,11,3,-0.5486562848091125,0.8421850800514221
benchmark-protocol-v2-smoke,095ec5c7ced679ee38d9bbbfd5590c863c741e8d,9.07901382446289,1.0,20011103,1.3340022563934326,0.5999737255695243,0.6000656485557556,4,1,0.31324681639671326,narrow_passage,1.0057576894760132,1.0058324337005615,8,11,0,3.1757569313049316,0.00016180537932086736
benchmark-protocol-v2-smoke,095ec5c7ced679ee38d9bbbfd5590c863c741e8d,9.07901382446289,0.0,20011103,1.3340022563934326,0.5999737255695243,0.6000656485557556,4,0,0.2601709919316428,narrow_passage,0.3351103365421295,0.3351229131221771,8,11,2,-4.183584213256836,2.7215372028877027e-05
benchmark-protocol-v2-smoke,095ec5c7ced679ee38d9bbbfd5590c863c741e8d,9.07901382446289,0.0,20011103,1.3340022563934326,0.5999737255695243,0.6000656485557556,4,0,-0.12979656457901,narrow_passage,-0.20823991298675537,-0.11796391010284424,8,11,3,-1.3953876495361328,0.19555222988128662
benchmark-protocol-v2-smoke,095ec5c7ced679ee38d9bbbfd5590c863c741e8d,8.666179656982422,1.0,20011103,0.6569985747337341,0.6818182025424507,0.41999995708465576,4,1,0.37212129150118145,narrow_passage,1.1103554964065552,1.1104443073272705,16,11,0,4.431625843048096,0.00020362001669127494
benchmark-protocol-v2-smoke,095ec5c7ced679ee38d9bbbfd5590c863c741e8d,8.666179656982422,0.0,20011103,0.6569985747337341,0.6818182025424507,0.41999995708465576,4,0,0.26543898454734255,narrow_passage,0.4082234799861908,0.408240407705307,16,11,2,-5.032283306121826,3.8827532989671454e-05
benchmark-protocol-v2-smoke,095ec5c7ced679ee38d9bbbfd5590c863c741e8d,8.666179656982422,0.0,20011103,0.6569985747337341,0.6818182025424507,0.41999995708465576,4,0,-0.12813579503979003,narrow_passage,0.0036786384880542755,0.06261186301708221,16,11,3,-2.3011562824249268,0.1351822316646576
benchmark-protocol-v2-smoke,095ec5c7ced679ee38d9bbbfd5590c863c741e8d,8.143536567687988,1.0,20011103,0.3208208680152893,0.6236187090445051,0.543189525604248,4,1,0.365102225116321,narrow_passage,1.0544883012771606,1.0545969009399414,24,11,0,4.322125434875488,0.00021543876209761947
benchmark-protocol-v2-smoke,095ec5c7ced679ee38d9bbbfd5590c863c741e8d,8.143536567687988,0.0,20011103,0.3208208680152893,0.6236187090445051,0.543189525604248,4,0,0.27103644822325024,narrow_passage,0.5259058475494385,0.525926947593689,24,11,2,-5.127635955810547,4.1831557609839365e-05
benchmark-protocol-v2-smoke,095ec5c7ced679ee38d9bbbfd5590c863c741e8d,8.143536567687988,0.0,20011103,0.3208208680152893,0.6236187090445051,0.543189525604248,4,0,-0.12669082624571665,narrow_passage,-0.23407509922981262,-0.17648380994796753,24,11,3,-2.065016984939575,0.11421126872301102
benchmark-protocol-v2-smoke,095ec5c7ced679ee38d9bbbfd5590c863c741e8d,7.486993789672852,1.0,20011103,0.44273293018341064,0.6043667386435304,0.5891620516777039,4,1,0.35081874472754343,narrow_passage,1.0033963918685913,1.0035531520843506,32,11,0,4.482514381408691,0.00028164248215034604
benchmark-protocol-v2-smoke,095ec5c7ced679ee38d9bbbfd5590c863c741e8d,7.486993789672852,0.0,20011103,0.44273293018341064,0.6043667386435304,0.5891620516777039,4,0,0.27654427928583963,narrow_passage,0.501847505569458,0.5018811225891113,32,11,2,-5.270232200622559,6.037237835698761e-05
benchmark-protocol-v2-smoke,095ec5c7ced679ee38d9bbbfd5590c863c741e8d,7.486993789672852,0.0,20011103,0.44273293018341064,0.6043667386435304,0.5891620516777039,4,0,-0.12533653208187648,narrow_passage,-0.4048945903778076,-0.3449070453643799,32,11,3,-2.0994186401367188,0.10779742896556854
benchmark-protocol-v2-smoke,095ec5c7ced679ee38d9bbbfd5590c863c741e8d,6.822195053100586,1.0,20011103,0.46536558866500854,0.6631495851832907,0.4571598768234253,4,1,0.3689500774656023,narrow_passage,0.8680518865585327,0.8682562112808228,40,11,0,4.556046485900879,0.00040056894067674875
benchmark-protocol-v2-smoke,095ec5c7ced679ee38d9bbbfd5590c863c741e8d,6.822195053100586,0.0,20011103,0.46536558866500854,0.6631495851832907,0.4571598768234253,4,0,0.28191971353122164,narrow_passage,0.3103678822517395,0.3104226887226105,40,11,2,-5.184513092041016,0.00010747885971795768
benchmark-protocol-v2-smoke,095ec5c7ced679ee38d9bbbfd5590c863c741e8d,6.822195053100586,0.0,20011103,0.46536558866500854,0.6631495851832907,0.4571598768234253,4,0,-0.124223493039608,narrow_passage,-0.44135889410972595,-0.37871548533439636,40,11,3,-2.1670403480529785,0.12282683700323105
benchmark-protocol-v2-smoke,095ec5c7ced679ee38d9bbbfd5590c863c741e8d,6.161154270172119,1.0,20011103,0.41348472237586975,0.6094577054091399,0.5767226815223694,4,1,0.3579708146197455,narrow_passage,0.7168288230895996,0.7171899080276489,48,11,0,4.417389869689941,0.0006669357535429299
benchmark-protocol-v2-smoke,095ec5c7ced679ee38d9bbbfd5590c863c741e8d,6.161154270172119,0.0,20011103,0.41348472237586975,0.6094577054091399,0.5767226815223694,4,0,0.2845797815493175,narrow_passage,0.07064270228147507,0.0707622766494751,48,11,2,-4.770411491394043,0.00022085402451921254
benchmark-protocol-v2-smoke,095ec5c7ced679ee38d9bbbfd5590c863c741e8d,6.161154270172119,0.0,20011103,0.41348472237586975,0.6094577054091399,0.5767226815223694,4,0,-0.12318624343190875,narrow_passage,-0.6717737913131714,-0.6088903546333313,48,11,3,-2.1753830909729004,0.11614391952753067
benchmark-protocol-v2-smoke,095ec5c7ced679ee38d9bbbfd5590c863c741e8d,5.587890625,1.0,20011103,0.45065703988075256,0.6377331203941969,0.5112486481666565,4,1,0.3254961243697575,narrow_passage,0.5979801416397095,0.5984528064727783,56,11,0,4.058460235595703,0.00090032909065485
benchmark-protocol-v2-smoke,095ec5c7ced679ee38d9bbbfd5590c863c741e8d,5.587890625,0.0,20011103,0.45065703988075256,0.6377331203941969,0.5112486481666565,4,0,0.2858771596636091,narrow_passage,0.005052877124398947,0.005227543413639069,56,11,2,-4.285356521606445,0.00033270526910200715
benchmark-protocol-v2-smoke,095ec5c7ced679ee38d9bbbfd5590c863c741e8d,5.587890625,0.0,20011103,0.45065703988075256,0.6377331203941969,0.5112486481666565,4,0,-0.12239057783569608,narrow_passage,-0.7742472887039185,-0.6862478852272034,56,11,3,-1.9616187810897827,0.16762176156044006
benchmark-protocol-v2-smoke,095ec5c7ced679ee38d9bbbfd5590c863c741e8d,5.063389301300049,0.0,20011103,0.5407363772392273,0.669082092734134,0.44512641429901123,4,0,0.3147107320172446,narrow_passage,0.59296053647995,0.59367835521698,64,11,0,4.456146717071533,0.0011521216947585344
benchmark-protocol-v2-smoke,095ec5c7ced679ee38d9bbbfd5590c863c741e8d,5.063389301300049,0.0,20011103,0.5407363772392273,0.669082092734134,0.44512641429901123,4,0,0.28868505571569714,narrow_passage,-0.03128277510404587,-0.030980288982391357,64,11,2,-4.52822732925415,0.00048549685743637383
benchmark-protocol-v2-smoke,095ec5c7ced679ee38d9bbbfd5590c863c741e8d,5.063389301300049,0.0,20011103,0.5407363772392273,0.669082092734134,0.44512641429901123,4,0,-0.12161591755492347,narrow_passage,-1.019163727760315,-0.9245538115501404,64,11,3,-2.2005739212036133,0.15185004472732544
benchmark-protocol-v2-smoke,095ec5c7ced679ee38d9bbbfd5590c863c741e8d,4.639627933502197,0.0,20011103,0.6732163429260254,0.6831370335728797,0.4174516499042511,4,0,0.32005175948143005,narrow_passage,0.5064340829849243,0.5073055028915405,72,11,0,3.9833168983459473,0.0013886925298720598
benchmark-protocol-v2-smoke,095ec5c7ced679ee38d9bbbfd5590c863c741e8d,4.639627933502197,0.0,20011103,0.6732163429260254,0.6831370335728797,0.4174516499042511,4,0,0.29332782541002544,narrow_passage,-0.04044228792190552,-0.040055520832538605,72,11,2,-4.0071330070495605,0.0006163655198179185
benchmark-protocol-v2-smoke,095ec5c7ced679ee38d9bbbfd5590c863c741e8d,4.639627933502197,0.0,20011103,0.6732163429260254,0.6831370335728797,0.4174516499042511,4,0,-0.12065627532345909,narrow_passage,-1.104790210723877,-1.0102379322052002,72,11,3,-1.9345285892486572,0.15068121254444122
benchmark-protocol-v2-smoke,095ec5c7ced679ee38d9bbbfd5590c863c741e8d,4.25571870803833,0.0,20011103,0.8202682733535767,0.6917376413488455,0.40107131004333496,4,0,0.15597505973918097,narrow_passage,0.5590158700942993,0.5598386526107788,80,11,0,3.8587546348571777,0.0014617325505241752
benchmark-protocol-v2-smoke,095ec5c7ced679ee38d9bbbfd5590c863c741e8d,4.25571870803833,0.0,20011103,0.8202682733535767,0.6917376413488455,0.40107131004333496,4,0,0.2938481164830072,narrow_passage,0.010138282552361488,0.010519072413444519,80,11,2,-3.7267894744873047,0.0006765226717106998
benchmark-protocol-v2-smoke,095ec5c7ced679ee38d9bbbfd5590c863c741e8d,4.25571870803833,0.0,20011103,0.8202682733535767,0.6917376413488455,0.40107131004333496,4,0,-0.1203848272562027,narrow_passage,-0.8943377137184143,-0.8099718689918518,80,11,3,-1.9873135089874268,0.149886816740036
benchmark-protocol-v2-smoke,095ec5c7ced679ee38d9bbbfd5590c863c741e8d,3.8635849952697754,0.0,20011103,0.8338623046875,0.6886968960671027,0.4068158268928528,4,0,-0.02888284603665982,narrow_passage,0.4948612451553345,0.49545201659202576,88,11,0,3.8876261711120605,0.001340861665084958
benchmark-protocol-v2-smoke,095ec5c7ced679ee38d9bbbfd5590c863c741e8d,3.8635849952697754,0.0,20011103,0.8338623046875,0.6886968960671027,0.4068158268928528,4,0,0.2979644664696285,narrow_passage,-0.03773337975144386,-0.03746792674064636,88,11,2,-3.799915075302124,0.0006025071488693357
benchmark-protocol-v2-smoke,095ec5c7ced679ee38d9bbbfd5590c863c741e8d,3.8635849952697754,0.0,20011103,0.8338623046875,0.6886968960671027,0.4068158268928528,4,0,-0.1386216048683439,narrow_passage,-0.6959804892539978,-0.5837226510047913,88,11,3,-1.9942047595977783,0.254794180393219
benchmark-protocol-v2-smoke,095ec5c7ced679ee38d9bbbfd5590c863c741e8d,3.5274338722229004,0.0,20011103,0.8333271145820618,0.6953155284502296,0.39437639713287354,4,0,-0.17152688805279986,narrow_passage,0.3703487813472748,0.37094640731811523,96,11,0,3.492755174636841,0.0011966291349381208
benchmark-protocol-v2-smoke,095ec5c7ced679ee38d9bbbfd5590c863c741e8d,3.5274338722229004,0.0,20011103,0.8333271145820618,0.6953155284502296,0.39437639713287354,4,0,0.2512390334159136,narrow_passage,-0.10995195060968399,-0.10969071090221405,96,11,2,-3.46380877494812,0.0005230719107203186
benchmark-protocol-v2-smoke,095ec5c7ced679ee38d9bbbfd5590c863c741e8d,3.5274338722229004,0.0,20011103,0.8333271145820618,0.6953155284502296,0.39437639713287354,4,0,-0.19547237296189582,narrow_passage,-0.9790610671043396,-0.8436216711997986,96,11,3,-1.7327167987823486,0.27118974924087524
benchmark-protocol-v2-smoke,095ec5c7ced679ee38d9bbbfd5590c863c741e8d,3.2446892261505127,0.0,20011103,0.9325247406959534,0.675608332256497,0.4321327805519104,4,0,0.3259248903819493,narrow_passage,0.49185553193092346,0.4922214448451996,104,11,0,3.2178540229797363,0.0012581454357132316
benchmark-protocol-v2-smoke,095ec5c7ced679ee38d9bbbfd5590c863c741e8d,3.2446892261505127,0.0,20011103,0.9325247406959534,0.675608332256497,0.4321327805519104,4,0,0.30164807183401926,narrow_passage,0.008250881917774677,0.00841657817363739,104,11,2,-2.973440170288086,0.0005697378073818982
benchmark-protocol-v2-smoke,095ec5c7ced679ee38d9bbbfd5590c863c741e8d,3.2446892261505127,0.0,20011103,0.9325247406959534,0.675608332256497,0.4321327805519104,4,0,-0.11879812287432807,narrow_passage,-0.2775966227054596,-0.20252478122711182,104,11,3,-1.6699883937835693,0.25813013315200806
benchmark-protocol-v2-smoke,095ec5c7ced679ee38d9bbbfd5590c863c741e8d,2.9624109268188477,0.0,20011103,1.0598407983779907,0.619938353922494,0.5517572164535522,4,0,0.20185961893626622,narrow_passage,0.5665406584739685,0.5668244361877441,112,11,0,3.020796775817871,0.0010506277903914452
benchmark-protocol-v2-smoke,095ec5c7ced679ee38d9bbbfd5590c863c741e8d,2.9624109268188477,0.0,20011103,1.0598407983779907,0.619938353922494,0.5517572164535522,4,0,0.17781145870685577,narrow_passage,0.09386537224054337,0.09398914873600006,112,11,2,-2.8430979251861572,0.0004582562833093107
benchmark-protocol-v2-smoke,095ec5c7ced679ee38d9bbbfd5590c863c741e8d,2.9624109268188477,0.0,20011103,1.0598407983779907,0.619938353922494,0.5517572164535522,4,0,-0.1373369927917208,narrow_passage,-0.1339007318019867,-0.0703892707824707,112,11,3,-1.5264675617218018,0.23513181507587433
benchmark-protocol-v2-smoke,095ec5c7ced679ee38d9bbbfd5590c863c741e8d,9.217443466186523,0.0,20011104,1.676078200340271,0.5425946211505666,0.7586968541145325,4,0,0.2861183817897524,narrow_passage,0.9009751081466675,0.9010100364685059,0,11,0,1.8023344278335571,0.00013511109864339232
benchmark-protocol-v2-smoke,095ec5c7ced679ee38d9bbbfd5590c863c741e8d,9.217443466186523,0.0,20011104,1.676078200340271,0.5425946211505666,0.7586968541145325,4,0,0.23497374675103597,narrow_passage,0.42944052815437317,0.42944493889808655,0,11,2,-3.1761159896850586,1.708194577076938e-05
benchmark-protocol-v2-smoke,095ec5c7ced679ee38d9bbbfd5590c863c741e8d,9.217443466186523,0.0,20011104,1.676078200340271,0.5425946211505666,0.7586968541145325,4,0,-0.13866070870842254,narrow_passage,0.09900905191898346,0.2990255355834961,0,11,3,-0.48768913745880127,0.7735215425491333
benchmark-protocol-v2-smoke,095ec5c7ced679ee38d9bbbfd5590c863c741e8d,9.053192138671875,1.0,20011104,1.316127896308899,0.5860716314207606,0.6356484293937683,4,1,0.31569668650627136,narrow_passage,0.9417593479156494,0.9418466091156006,8,11,0,3.263808250427246,0.00016805625637061894
benchmark-protocol-v2-smoke,095ec5c7ced679ee38d9bbbfd5590c863c741e8d,9.053192138671875,0.0,20011104,1.316127896308899,0.5860716314207606,0.6356484293937683,4,0,0.2603630487407957,narrow_passage,0.22081899642944336,0.22083443403244019,8,11,2,-4.234567642211914,2.973785922222305e-05
benchmark-protocol-v2-smoke,095ec5c7ced679ee38d9bbbfd5590c863c741e8d,9.053192138671875,0.0,20011104,1.316127896308899,0.5860716314207606,0.6356484293937683,4,0,-0.12976111045905522,narrow_passage,-0.4210384488105774,-0.3258837163448334,8,11,3,-1.4788200855255127,0.1832800656557083
benchmark-protocol-v2-smoke,095ec5c7ced679ee38d9bbbfd5590c863c741e8d,8.644383430480957,1.0,20011104,0.6481794118881226,0.6760731267588167,0.43121692538261414,4,1,0.3755828376327242,narrow_passage,0.993829071521759,0.9939430952072144,16,11,0,4.405088901519775,0.00024631532141938806
benchmark-protocol-v2-smoke,095ec5c7ced679ee38d9bbbfd5590c863c741e8d,8.644383430480957,0.0,20011104,0.6481794118881226,0.6760731267588167,0.43121692538261414,4,0,0.26508725540978567,narrow_passage,0.3006896674633026,0.30071350932121277,16,11,2,-4.963278770446777,5.15018509759102e-05
benchmark-protocol-v2-smoke,095ec5c7ced679ee38d9bbbfd5590c863c741e8d,8.644383430480957,0.0,20011104,0.6481794118881226,0.6760731267588167,0.43121692538261414,4,0,-0.12809656666857855,narrow_passage,-0.18118354678153992,-0.12970907986164093,16,11,3,-2.3213272094726562,0.11120179295539856
benchmark-protocol-v2-smoke,095ec5c7ced679ee38d9bbbfd5590c863c741e8d,8.139524459838867,0.5,20011104,0.32301655411720276,0.6291022964347753,0.5306099653244019,4,1,0.34206907185060637,narrow_passage,0.9779771566390991,0.9781510829925537,24,11,0,4.323881149291992,0.0003077564178965986
benchmark-protocol-v2-smoke,095ec5c7ced679ee38d9bbbfd5590c863c741e8d,8.139524459838867,0.0,20011104,0.32301655411720276,0.6291022964347753,0.5306099653244019,4,0,0.26844740339687895,narrow_passage,0.4671469032764435,0.46718326210975647,24,11,2,-5.000359058380127,6.432161171687767e-05
benchmark-protocol-v2-smoke,095ec5c7ced679ee38d9bbbfd5590c863c741e8d,8.139524459838867,0.0,20011104,0.32301655411720276,0.6291022964347753,0.5306099653244019,4,0,-0.12681980324643,narrow_passage,-0.46803542971611023,-0.3917129635810852,24,11,3,-2.11698579788208,0.135030135512352
benchmark-protocol-v2-smoke,095ec5c7ced679ee38d9bbbfd5590c863c741e8d,7.56838321685791,0.0,20011104,0.4392978549003601,0.6042235418274815,0.589514970779419,4,0,0.13776217228067772,narrow_passage,0.8398175239562988,0.8400741815567017,32,11,0,4.658219337463379,0.0004013319849036634
benchmark-protocol-v2-smoke,095ec5c7ced679ee38d9bbbfd5590c863c741e8d,7.56838321685791,0.0,20011104,0.4392978549003601,0.6042235418274815,0.589514970779419,4,0,0.2647949739226273,narrow_passage,0.31788721680641174,0.31794729828834534,32,11,2,-5.312199115753174,9.395166125614196e-05
benchmark-protocol-v2-smoke,095ec5c7ced679ee38d9bbbfd5590c863c741e8d,7.56838321685791,0.0,20011104,0.4392978549003601,0.6042235418274815,0.589514970779419,4,0,-0.14474772502269065,narrow_passage,-0.7925281524658203,-0.7001121640205383,32,11,3,-2.2818658351898193,0.1445012390613556
benchmark-protocol-v2-smoke,095ec5c7ced679ee38d9bbbfd5590c863c741e8d,7.0280680656433105,0.0,20011104,0.5301476120948792,0.6617261401017023,0.46007925271987915,4,0,-0.030830863597137586,narrow_passage,0.5886796116828918,0.5888906717300415,40,11,0,4.222403049468994,0.0005496069206856191
benchmark-protocol-v2-smoke,095ec5c7ced679ee38d9bbbfd5590c863c741e8d,7.0280680656433105,0.0,20011104,0.5301476120948792,0.6617261401017023,0.46007925271987915,4,0,0.2769119654382978,narrow_passage,-0.026029178872704506,-0.0259723961353302,40,11,2,-4.683761119842529,0.00014787365216761827
benchmark-protocol-v2-smoke,095ec5c7ced679ee38d9bbbfd5590c863c741e8d,7.0280680656433105,0.0,20011104,0.5301476120948792,0.6617261401017023,0.46007925271987915,4,0,-0.12469476461410522,narrow_passage,-0.43009084463119507,-0.3349704146385193,40,11,3,-2.1559202671051025,0.24771401286125183
benchmark-protocol-v2-smoke,095ec5c7ced679ee38d9bbbfd5590c863c741e8d,6.566545486450195,0.0,20011104,0.6328026056289673,0.6967694278592014,0.39167550206184387,4,0,-0.08106538813029017,narrow_passage,0.38682422041893005,0.38717928528785706,48,11,0,4.083750247955322,0.0007842417107895017
benchmark-protocol-v2-smoke,095ec5c7ced679ee38d9bbbfd5590c863c741e8d,6.566545486450195,0.0,20011104,0.6328026056289673,0.6967694278592014,0.39167550206184387,4,0,0.231685767482434,narrow_passage,-0.207288458943367,-0.20717723667621613,48,11,2,-4.416215419769287,0.0002456632209941745
benchmark-protocol-v2-smoke,095ec5c7ced679ee38d9bbbfd5590c863c741e8d,6.566545486450195,0.0,20011104,0.6328026056289673,0.6967694278592014,0.39167550206184387,4,0,-0.14329362447772706,narrow_passage,-0.8489131927490234,-0.7208871245384216,48,11,3,-2.09147572517395,0.282764732837677
benchmark-protocol-v2-smoke,095ec5c7ced679ee38d9bbbfd5590c863c741e8d,6.205196380615234,0.0,20011104,0.791279673576355,0.6895225599647461,0.40525099635124207,4,0,-0.17587582527526788,narrow_passage,0.4287435710430145,0.4291544556617737,56,11,0,3.565059185028076,0.0006878799176774919
benchmark-protocol-v2-smoke,095ec5c7ced679ee38d9bbbfd5590c863c741e8d,6.205196380615234,0.0,20011104,0.791279673576355,0.6895225599647461,0.40525099635124207,4,0,0.2803125296320234,narrow_passage,-0.02112448215484619,-0.020990222692489624,56,11,2,-3.9101500511169434,0.00022476966842077672
benchmark-protocol-v2-smoke,095ec5c7ced679ee38d9bbbfd5590c863c741e8d,6.205196380615234,0.0,20011104,0.791279673576355,0.6895225599647461,0.40525099635124207,4,0,-0.12357142248323985,narrow_passage,-1.125556468963623,-1.0015599727630615,56,11,3,-1.7373005151748657,0.20758898556232452
benchmark-protocol-v2-smoke,095ec5c7ced679ee38d9bbbfd5590c863c741e8d,5.87553596496582,0.0,20011104,0.9126782417297363,0.6933747630814873,0.3979993462562561,4,0,-0.07956780147339616,narrow_passage,0.5181195735931396,0.5185685157775879,64,11,0,3.7010936737060547,0.0007482076762244105
benchmark-protocol-v2-smoke,095ec5c7ced679ee38d9bbbfd5590c863c741e8d,5.87553596496582,0.0,20011104,0.9126782417297363,0.6933747630814873,0.3979993462562561,4,0,0.28354340153081076,narrow_passage,-0.0649123564362526,-0.06474854052066803,64,11,2,-3.906179666519165,0.00027303569368086755
benchmark-protocol-v2-smoke,095ec5c7ced679ee38d9bbbfd5590c863c741e8d,5.87553596496582,0.0,20011104,0.9126782417297363,0.6933747630814873,0.3979993462562561,4,0,-0.12265910740409579,narrow_passage,-1.0332766771316528,-0.9413130879402161,64,11,3,-1.8623790740966797,0.15327557921409607
benchmark-protocol-v2-smoke,095ec5c7ced679ee38d9bbbfd5590c863c741e8d,5.576899528503418,0.0,20011104,1.010923981666565,0.6965216563371007,0.39213499426841736,4,0,-0.057938978874257634,narrow_passage,0.4747922718524933,0.47526755928993225,72,11,0,3.4118523597717285,0.0007592926849611104
benchmark-protocol-v2-smoke,095ec5c7ced679ee38d9bbbfd5590c863c741e8d,5.576899528503418,0.0,20011104,1.010923981666565,0.6965216563371007,0.39213499426841736,4,0,0.282516177211489,narrow_passage,-0.09345870465040207,-0.09328383207321167,72,11,2,-3.627995014190674,0.00027936763945035636
benchmark-protocol-v2-smoke,095ec5c7ced679ee38d9bbbfd5590c863c741e8d,5.576899528503418,0.0,20011104,1.010923981666565,0.6965216563371007,0.39213499426841736,4,0,-0.12281681171485356,narrow_passage,-1.1510246992111206,-1.0421743392944336,72,11,3,-1.6117688417434692,0.17389743030071259
benchmark-protocol-v2-smoke,095ec5c7ced679ee38d9bbbfd5590c863c741e8d,5.327335834503174,0.0,20011104,1.083979845046997,0.6940609131925393,0.3967161476612091,4,0,-0.12703700177371502,narrow_passage,0.49992793798446655,0.5003372430801392,80,11,0,3.581237316131592,0.0007420479669235647
benchmark-protocol-v2-smoke,095ec5c7ced679ee38d9bbbfd5590c863c741e8d,5.327335834503174,0.0,20011104,1.083979845046997,0.6940609131925393,0.3967161476612091,4,0,0.25905545321958406,narrow_passage,-0.08305133134126663,-0.08289217203855515,80,11,2,-3.7011356353759766,0.00028855452546849847
benchmark-protocol-v2-smoke,095ec5c7ced679ee38d9bbbfd5590c863c741e8d,5.327335834503174,0.0,20011104,1.083979845046997,0.6940609131925393,0.3967161476612091,4,0,-0.14146337737994535,narrow_passage,-0.9263976812362671,-0.8467395901679993,80,11,3,-1.8221906423568726,0.1444161981344223
benchmark-protocol-v2-smoke,095ec5c7ced679ee38d9bbbfd5590c863c741e8d,5.118175029754639,0.0,20011104,1.1638673543930054,0.6900280916643025,0.4042947292327881,4,0,-0.1745539198496512,narrow_passage,0.6363568305969238,0.6367192268371582,88,11,0,3.6303799152374268,0.0006580437766388059
benchmark-protocol-v2-smoke,095ec5c7ced679ee38d9bbbfd5590c863c741e8d,5.118175029754639,0.0,20011104,1.1638673543930054,0.6900280916643025,0.4042947292327881,4,0,0.25941939651966095,narrow_passage,-0.025686360895633698,-0.02553103119134903,88,11,2,-3.438333511352539,0.00028203133842907846
benchmark-protocol-v2-smoke,095ec5c7ced679ee38d9bbbfd5590c863c741e8d,5.118175029754639,0.0,20011104,1.1638673543930054,0.6900280916643025,0.4042947292327881,4,0,-0.14136528622891223,narrow_passage,-0.759371280670166,-0.7122662663459778,88,11,3,-2.0705535411834717,0.0855286568403244
benchmark-protocol-v2-smoke,095ec5c7ced679ee38d9bbbfd5590c863c741e8d,4.998184680938721,0.0,20011104,1.2347795963287354,0.6926813943973963,0.39929866790771484,4,0,-0.15253352600016765,narrow_passage,0.5545904636383057,0.5550360679626465,96,11,0,3.4346699714660645,0.0005900616524741054
benchmark-protocol-v2-smoke,095ec5c7ced679ee38d9bbbfd5590c863c741e8d,4.998184680938721,0.0,20011104,1.2347795963287354,0.6926813943973963,0.39929866790771484,4,0,0.2579520855631147,narrow_passage,-0.0028565723914653063,-0.0026726797223091125,96,11,2,-3.347649097442627,0.0002435056521790102
benchmark-protocol-v2-smoke,095ec5c7ced679ee38d9bbbfd5590c863c741e8d,4.998184680938721,0.0,20011104,1.2347795963287354,0.6926813943973963,0.39929866790771484,4,0,-0.14123177342116833,narrow_passage,-1.334973692893982,-1.2512714862823486,96,11,3,-1.8166698217391968,0.1108362078666687
benchmark-protocol-v2-smoke,095ec5c7ced679ee38d9bbbfd5590c863c741e8d,4.924620151519775,0.0,20011104,1.2830201387405396,0.6899187108826541,0.4045015275478363,4,0,-0.07914076931774616,narrow_passage,0.5268333554267883,0.5272208452224731,104,11,0,3.542236804962158,0.0006236543413251638
benchmark-protocol-v2-smoke,095ec5c7ced679ee38d9bbbfd5590c863c741e8d,4.924620151519775,0.0,20011104,1.2830201387405396,0.6899187108826541,0.4045015275478363,4,0,0.20925968566111156,narrow_passage,0.06857001781463623,0.06872893869876862,104,11,2,-3.328164577484131,0.00025579810608178377
benchmark-protocol-v2-smoke,095ec5c7ced679ee38d9bbbfd5590c863c741e8d,4.924620151519775,0.0,20011104,1.2830201387405396,0.6899187108826541,0.4045015275478363,4,0,-0.1411510149815253,narrow_passage,-1.0418822765350342,-0.9587172865867615,104,11,3,-1.9652049541473389,0.13386119902133942
benchmark-protocol-v2-smoke,095ec5c7ced679ee38d9bbbfd5590c863c741e8d,4.880717754364014,0.0,20011104,1.3090330362319946,0.6896909218766697,0.4049323499202728,4,0,-0.12672850316656487,narrow_passage,0.51491379737854,0.5153019428253174,112,11,0,3.3369455337524414,0.0005989419878460467
benchmark-protocol-v2-smoke,095ec5c7ced679ee38d9bbbfd5590c863c741e8d,4.880717754364014,0.0,20011104,1.3090330362319946,0.6896909218766697,0.4049323499202728,4,0,0.14466609060764313,narrow_passage,0.07961451262235641,0.07976417243480682,112,11,2,-3.4495761394500732,0.0002309438568772748
benchmark-protocol-v2-smoke,095ec5c7ced679ee38d9bbbfd5590c863c741e8d,4.880717754364014,0.0,20011104,1.3090330362319946,0.6896909218766697,0.4049323499202728,4,0,-0.16014406297888076,narrow_passage,-1.1660197973251343,-1.0243809223175049,112,11,3,-1.6318132877349854,0.21856939792633057
benchmark-protocol-v2-smoke,095ec5c7ced679ee38d9bbbfd5590c863c741e8d,9.209203720092773,0.0,20011105,1.6486693620681763,0.548234362371203,0.7416336536407471,4,0,0.286251710993903,narrow_passage,0.7945716381072998,0.7946007251739502,0,11,0,1.5370330810546875,0.00014392317098099738
benchmark-protocol-v2-smoke,095ec5c7ced679ee38d9bbbfd5590c863c741e8d,9.209203720092773,0.0,20011105,1.6486693620681763,0.548234362371203,0.7416336536407471,4,0,0.24344611700092042,narrow_passage,0.38596853613853455,0.38597190380096436,0,11,2,-3.0923194885253906,1.6729616618249565e-05
benchmark-protocol-v2-smoke,095ec5c7ced679ee38d9bbbfd5590c863c741e8d,9.209203720092773,0.0,20011105,1.6486693620681763,0.548234362371203,0.7416336536407471,4,0,-0.13864871859550476,narrow_passage,0.13012544810771942,0.34863710403442383,0,11,3,-0.2242698073387146,1.0817129611968994
benchmark-protocol-v2-smoke,095ec5c7ced679ee38d9bbbfd5590c863c741e8d,9.040637016296387,1.0,20011105,1.2891873121261597,0.5907097927850489,0.6235907673835754,4,1,0.31694728561810087,narrow_passage,0.9516631364822388,0.9517582654953003,8,11,0,3.159083366394043,0.00020945543656125665
benchmark-protocol-v2-smoke,095ec5c7ced679ee38d9bbbfd5590c863c741e8d,9.040637016296387,0.0,20011105,1.2891873121261597,0.5907097927850489,0.6235907673835754,4,0,0.2605392634868622,narrow_passage,0.3059145212173462,0.3059307932853699,8,11,2,-4.06798791885376,3.585076046874747e-05
benchmark-protocol-v2-smoke,095ec5c7ced679ee38d9bbbfd5590c863c741e8d,9.040637016296387,0.0,20011105,1.2891873121261597,0.5907097927850489,0.6235907673835754,4,0,-0.12973246084792273,narrow_passage,-0.2693723738193512,-0.15538561344146729,8,11,3,-1.4324073791503906,0.2510295808315277
benchmark-protocol-v2-smoke,095ec5c7ced679ee38d9bbbfd5590c863c741e8d,8.62480640411377,1.0,20011105,0.6290643215179443,0.6855324236792677,0.41284817457199097,4,1,0.37420117216450827,narrow_passage,1.0563442707061768,1.056461215019226,16,11,0,4.495641708374023,0.00022806126798968762
benchmark-protocol-v2-smoke,095ec5c7ced679ee38d9bbbfd5590c863c741e8d,8.62480640411377,0.0,20011105,0.6290643215179443,0.6855324236792677,0.41284817457199097,4,0,0.26563560324055807,narrow_passage,0.39012259244918823,0.3901453912258148,16,11,2,-5.110874652862549,4.444637306733057e-05
benchmark-protocol-v2-smoke,095ec5c7ced679ee38d9bbbfd5590c863c741e8d,8.62480640411377,0.0,20011105,0.6290643215179443,0.6855324236792677,0.41284817457199097,4,0,-0.12805600145033427,narrow_passage,-0.26741084456443787,-0.1984521746635437,16,11,3,-2.292513847351074,0.13451580703258514
benchmark-protocol-v2-smoke,095ec5c7ced679ee38d9bbbfd5590c863c741e8d,8.103185653686523,1.0,20011105,0.3252824544906616,0.6161047462268335,0.5607905387878418,4,1,0.3621993831225804,narrow_passage,0.9856817126274109,0.985848069190979,24,11,0,4.106194496154785,0.00029876508051529527
benchmark-protocol-v2-smoke,095ec5c7ced679ee38d9bbbfd5590c863c741e8d,8.103185653686523,0.0,20011105,0.3252824544906616,0.6161047462268335,0.5607905387878418,4,0,0.261660885065794,narrow_passage,0.5402964353561401,0.5403287410736084,24,11,2,-4.949051856994629,5.801046791020781e-05
benchmark-protocol-v2-smoke,095ec5c7ced679ee38d9bbbfd5590c863c741e8d,8.103185653686523,0.0,20011105,0.3252824544906616,0.6161047462268335,0.5607905387878418,4,0,-0.12674593180418015,narrow_passage,-0.4600276052951813,-0.35338473320007324,24,11,3,-1.8837664127349854,0.19151030480861664
benchmark-protocol-v2-smoke,095ec5c7ced679ee38d9bbbfd5590c863c741e8d,7.501316547393799,0.0,20011105,0.4513707756996155,0.6354634089264238,0.516289234161377,4,0,0.27978356182575226,narrow_passage,0.8207104206085205,0.8210095167160034,32,11,0,4.372503280639648,0.0004718868003692478
benchmark-protocol-v2-smoke,095ec5c7ced679ee38d9bbbfd5590c863c741e8d,7.501316547393799,0.0,20011105,0.4513707756996155,0.6354634089264238,0.516289234161377,4,0,0.0477974358946085,narrow_passage,0.3478091359138489,0.3478732407093048,32,11,2,-5.176403045654297,0.00010115010081790388
benchmark-protocol-v2-smoke,095ec5c7ced679ee38d9bbbfd5590c863c741e8d,7.501316547393799,0.0,20011105,0.4513707756996155,0.6354634089264238,0.516289234161377,4,0,-0.12548724029745376,narrow_passage,-0.8517869114875793,-0.6961832642555237,32,11,3,-1.9512789249420166,0.2454933375120163
benchmark-protocol-v2-smoke,095ec5c7ced679ee38d9bbbfd5590c863c741e8d,6.870833873748779,0.0,20011105,0.4437113404273987,0.5286182656736762,0.8025518655776978,4,0,0.13654882886580058,narrow_passage,0.6534675359725952,0.6538578271865845,40,11,0,4.236276626586914,0.0006497681024484336
benchmark-protocol-v2-smoke,095ec5c7ced679ee38d9bbbfd5590c863c741e8d,6.870833873748779,0.0,20011105,0.4437113404273987,0.5286182656736762,0.8025518655776978,4,0,-0.10537929699889251,narrow_passage,0.10288681834936142,0.1029912531375885,40,11,2,-4.755387306213379,0.00017386929539497942
benchmark-protocol-v2-smoke,095ec5c7ced679ee38d9bbbfd5590c863c741e8d,6.870833873748779,0.0,20011105,0.4437113404273987,0.5286182656736762,0.8025518655776978,4,0,-0.16244935962770665,narrow_passage,-0.9799259901046753,-0.8030411005020142,40,11,3,-1.9776721000671387,0.2944946587085724
benchmark-protocol-v2-smoke,095ec5c7ced679ee38d9bbbfd5590c863c741e8d,6.270160675048828,0.0,20011105,0.4111167788505554,0.652843132851118,0.4785853922367096,4,0,-0.053589041477867534,narrow_passage,0.25842124223709106,0.2587801516056061,48,11,0,3.8106472492218018,0.0009761753026396036
benchmark-protocol-v2-smoke,095ec5c7ced679ee38d9bbbfd5590c863c741e8d,6.270160675048828,0.0,20011105,0.4111167788505554,0.652843132851118,0.4785853922367096,4,0,-0.2000212115900857,narrow_passage,-0.2907138764858246,-0.29060912132263184,48,11,2,-4.24554443359375,0.0002849415468517691
benchmark-protocol-v2-smoke,095ec5c7ced679ee38d9bbbfd5590c863c741e8d,6.270160675048828,0.0,20011105,0.4111167788505554,0.652843132851118,0.4785853922367096,4,0,-0.19993867565478599,narrow_passage,-0.8628212809562683,-0.6339414715766907,48,11,3,-1.7880665063858032,0.6225075125694275
benchmark-protocol-v2-smoke,095ec5c7ced679ee38d9bbbfd5590c863c741e8d,5.899815082550049,0.0,20011105,0.5392394661903381,0.6966724917178148,0.39185523986816406,4,0,-0.17552806423710926,narrow_passage,-0.028231913223862648,-0.02788003534078598,56,11,0,3.4844470024108887,0.0012566391378641129
benchmark-protocol-v2-smoke,095ec5c7ced679ee38d9bbbfd5590c863c741e8d,5.899815082550049,0.0,20011105,0.5392394661903381,0.6966724917178148,0.39185523986816406,4,0,-0.19975667233977998,narrow_passage,-0.5209645628929138,-0.5208518505096436,56,11,2,-3.8333802223205566,0.00040253228507936
benchmark-protocol-v2-smoke,095ec5c7ced679ee38d9bbbfd5590c863c741e8d,5.899815082550049,0.0,20011105,0.5392394661903381,0.6966724917178148,0.39185523986816406,4,0,-0.19965046484555518,narrow_passage,-0.9327912330627441,-0.6873706579208374,56,11,3,-1.657305121421814,0.8764538764953613
benchmark-protocol-v2-smoke,095ec5c7ced679ee38d9bbbfd5590c863c741e8d,5.70718240737915,0.0,20011105,0.6828458905220032,0.6938589406907679,0.39709362387657166,4,0,-0.06595791942839112,narrow_passage,-0.19009214639663696,-0.18984943628311157,64,11,0,2.822812080383301,0.0013401014730334282
benchmark-protocol-v2-smoke,095ec5c7ced679ee38d9bbbfd5590c863c741e8d,5.70718240737915,0.0,20011105,0.6828458905220032,0.6938589406907679,0.39709362387657166,4,0,0.09450239528502737,narrow_passage,-0.6315430998802185,-0.6314698457717896,64,11,2,-3.236050605773926,0.00040442083263769746
benchmark-protocol-v2-smoke,095ec5c7ced679ee38d9bbbfd5590c863c741e8d,5.70718240737915,0.0,20011105,0.6828458905220032,0.6938589406907679,0.39709362387657166,4,0,-0.19943507867200033,narrow_passage,-0.6847988963127136,-0.44717103242874146,64,11,3,-1.2549893856048584,1.3120603561401367
benchmark-protocol-v2-smoke,095ec5c7ced679ee38d9bbbfd5590c863c741e8d,5.461920738220215,0.0,20011105,0.6719452142715454,0.6917081125644807,0.4011268615722656,4,0,-0.174960811888533,narrow_passage,0.007450315169990063,0.00787217915058136,72,11,0,3.051619529724121,0.001292734406888485
benchmark-protocol-v2-smoke,095ec5c7ced679ee38d9bbbfd5590c863c741e8d,5.461920738220215,0.0,20011105,0.6719452142715454,0.6917081125644807,0.4011268615722656,4,0,-0.15147521732641117,narrow_passage,-0.4931952953338623,-0.4930599629878998,72,11,2,-3.3790855407714844,0.0004146659921389073
benchmark-protocol-v2-smoke,095ec5c7ced679ee38d9bbbfd5590c863c741e8d,5.461920738220215,0.0,20011105,0.6719452142715454,0.6917081125644807,0.4011268615722656,4,0,-0.17999148621623004,narrow_passage,-1.0976701974868774,-0.782060444355011,72,11,3,-1.387520670890808,0.9671356678009033
benchmark-protocol-v2-smoke,095ec5c7ced679ee38d9bbbfd5590c863c741e8d,5.290964603424072,0.0,20011105,0.6543819904327393,0.6889277240725938,0.40637797117233276,4,0,-0.15278221533766814,narrow_passage,-0.1328732967376709,-0.13260705769062042,80,11,0,2.8410167694091797,0.0013967683771625161
benchmark-protocol-v2-smoke,095ec5c7ced679ee38d9bbbfd5590c863c741e8d,5.290964603424072,0.0,20011105,0.6543819904327393,0.6889277240725938,0.40637797117233276,4,0,0.18668292755527155,narrow_passage,-0.5990797281265259,-0.5989892482757568,80,11,2,-3.1256020069122314,0.00047473187441937625
benchmark-protocol-v2-smoke,095ec5c7ced679ee38d9bbbfd5590c863c741e8d,5.290964603424072,0.0,20011105,0.6543819904327393,0.6889277240725938,0.40637797117233276,4,0,-0.19875843969306775,narrow_passage,-0.5936552882194519,-0.38463371992111206,80,11,3,-1.3585577011108398,1.0966120958328247
benchmark-protocol-v2-smoke,095ec5c7ced679ee38d9bbbfd5590c863c741e8d,5.078308582305908,0.0,20011105,0.6056835055351257,0.6913923838878016,0.4017210304737091,4,0,-0.04194921680859157,narrow_passage,-0.024223538115620613,-0.023957863450050354,88,11,0,2.913449287414551,0.0012546794023364782
benchmark-protocol-v2-smoke,095ec5c7ced679ee38d9bbbfd5590c863c741e8d,5.078308582305908,0.0,20011105,0.6056835055351257,0.6913923838878016,0.4017210304737091,4,0,0.2842545637062618,narrow_passage,-0.5385677814483643,-0.538477897644043,88,11,2,-3.14229154586792,0.000424377853050828
benchmark-protocol-v2-smoke,095ec5c7ced679ee38d9bbbfd5590c863c741e8d,5.078308582305908,0.0,20011105,0.6056835055351257,0.6913923838878016,0.4017210304737091,4,0,-0.12217228753226143,narrow_passage,-0.5279103517532349,-0.33795204758644104,88,11,3,-1.4287075996398926,0.8970972895622253
benchmark-protocol-v2-smoke,095ec5c7ced679ee38d9bbbfd5590c863c741e8d,4.908476829528809,0.0,20011105,0.6426312327384949,0.6920812051467965,0.40042543411254883,4,0,-0.10437757069511074,narrow_passage,0.08389438688755035,0.08415360748767853,96,11,0,2.78971791267395,0.0011832634918391705
benchmark-protocol-v2-smoke,095ec5c7ced679ee38d9bbbfd5590c863c741e8d,4.908476829528809,0.0,20011105,0.6426312327384949,0.6920812051467965,0.40042543411254883,4,0,0.2872651389666966,narrow_passage,-0.4475660026073456,-0.4474775493144989,96,11,2,-3.0717718601226807,0.00040375348180532455
benchmark-protocol-v2-smoke,095ec5c7ced679ee38d9bbbfd5590c863c741e8d,4.908476829528809,0.0,20011105,0.6426312327384949,0.6920812051467965,0.40042543411254883,4,0,-0.12183475707258497,narrow_passage,-0.446937620639801,-0.24485960602760315,96,11,3,-1.3283131122589111,0.9224247932434082
benchmark-protocol-v2-smoke,095ec5c7ced679ee38d9bbbfd5590c863c741e8d,4.689029693603516,0.0,20011105,0.7108623385429382,0.6906528447449806,0.4031148850917816,4,0,-0.05840174840497119,narrow_passage,0.12251274287700653,0.12279936671257019,104,11,0,2.707261562347412,0.0012755016796290874
benchmark-protocol-v2-smoke,095ec5c7ced679ee38d9bbbfd5590c863c741e8d,4.689029693603516,0.0,20011105,0.7108623385429382,0.6906528447449806,0.4031148850917816,4,0,0.2936010594878878,narrow_passage,-0.35434815287590027,-0.3542468249797821,104,11,2,-3.0195508003234863,0.0004509470600169152
benchmark-protocol-v2-smoke,095ec5c7ced679ee38d9bbbfd5590c863c741e8d,4.689029693603516,0.0,20011105,0.7108623385429382,0.6906528447449806,0.4031148850917816,4,0,-0.12081827542611531,narrow_passage,-0.5098285675048828,-0.35354092717170715,104,11,3,-1.2508982419967651,0.6954910159111023
benchmark-protocol-v2-smoke,095ec5c7ced679ee38d9bbbfd5590c863c741e8d,4.481083393096924,0.0,20011105,0.8141455054283142,0.6931989800723266,0.3983285129070282,4,0,-0.07802763142223869,narrow_passage,0.11669251322746277,0.11692363023757935,112,11,0,2.7810020446777344,0.0010199693497270346
benchmark-protocol-v2-smoke,095ec5c7ced679ee38d9bbbfd5590c863c741e8d,4.481083393096924,0.0,20011105,0.8141455054283142,0.6931989800723266,0.3983285129070282,4,0,0.17354847490787506,narrow_passage,-0.4028608798980713,-0.4027808606624603,112,11,2,-2.974843978881836,0.0003531500115059316
benchmark-protocol-v2-smoke,095ec5c7ced679ee38d9bbbfd5590c863c741e8d,4.481083393096924,0.0,20011105,0.8141455054283142,0.6931989800723266,0.3983285129070282,4,0,-0.17809364838259562,narrow_passage,-0.46513479948043823,-0.3116871416568756,112,11,3,-1.3421450853347778,0.6771961450576782
